chembl_id,n_active,n_total,activity_rate,n_kinases,n_inactive
CHEMBL10,4,6,0.6666666666666666,6,2
CHEMBL100084,3,3,1.0,1,0
CHEMBL100289,0,3,0.0,1,3
CHEMBL100688,0,2,0.0,1,2
CHEMBL100713,0,3,0.0,1,3
CHEMBL100714,0,3,0.0,2,3
CHEMBL100719,0,2,0.0,1,2
CHEMBL101020,0,2,0.0,1,2
CHEMBL101135,0,2,0.0,2,2
CHEMBL101142,0,3,0.0,1,3
CHEMBL101143,0,2,0.0,1,2
CHEMBL101253,0,3,0.0,3,3
CHEMBL101358,0,3,0.0,1,3
CHEMBL101651,0,2,0.0,1,2
CHEMBL101730,0,2,0.0,1,2
CHEMBL101786,0,2,0.0,1,2
CHEMBL101892,0,1,0.0,1,1
CHEMBL102001,1,2,0.5,1,1
CHEMBL102191,0,1,0.0,1,1
CHEMBL102425,0,1,0.0,1,1
CHEMBL102454,0,1,0.0,1,1
CHEMBL1031,5,5,1.0,1,0
CHEMBL103283,0,4,0.0,2,4
CHEMBL103307,0,1,0.0,1,1
CHEMBL103544,0,8,0.0,1,8
CHEMBL103645,1,2,0.5,1,1
CHEMBL103667,1,5,0.2,5,4
CHEMBL103810,0,2,0.0,1,2
CHEMBL103978,0,1,0.0,1,1
CHEMBL104119,0,1,0.0,1,1
CHEMBL104153,1,1,1.0,1,0
CHEMBL104244,1,1,1.0,1,0
CHEMBL104264,5,6,0.8333333333333334,3,1
CHEMBL104749,1,1,1.0,1,0
CHEMBL104779,1,1,1.0,1,0
CHEMBL104991,1,1,1.0,1,0
CHEMBL105248,1,1,1.0,1,0
CHEMBL105318,0,1,0.0,1,1
CHEMBL105436,1,1,1.0,1,0
CHEMBL105442,0,2,0.0,2,2
CHEMBL106232,1,1,1.0,1,0
CHEMBL106525,4,4,1.0,4,0
CHEMBL106772,2,2,1.0,2,0
CHEMBL107472,1,1,1.0,1,0
CHEMBL1076555,0,1,0.0,1,1
CHEMBL1078178,0,1,0.0,1,1
CHEMBL107850,1,1,1.0,1,0
CHEMBL1079742,1,1,1.0,1,0
CHEMBL1082691,0,2,0.0,1,2
CHEMBL10835,4,4,1.0,4,0
CHEMBL1083627,0,1,0.0,1,1
CHEMBL1084269,1,1,1.0,1,0
CHEMBL1086376,0,1,0.0,1,1
CHEMBL1086983,2,3,0.6666666666666666,2,1
CHEMBL108888,1,1,1.0,1,0
CHEMBL1088919,1,1,1.0,1,0
CHEMBL1088970,1,1,1.0,1,0
CHEMBL1088971,1,1,1.0,1,0
CHEMBL1088972,1,1,1.0,1,0
CHEMBL1088973,1,1,1.0,1,0
CHEMBL1088974,1,1,1.0,1,0
CHEMBL1089219,1,1,1.0,1,0
CHEMBL1089805,0,2,0.0,2,2
CHEMBL1089867,0,3,0.0,3,3
CHEMBL1090132,0,3,0.0,3,3
CHEMBL1090133,0,3,0.0,3,3
CHEMBL1090134,0,2,0.0,2,2
CHEMBL1090868,1,2,0.5,2,1
CHEMBL1090869,0,1,0.0,1,1
CHEMBL1091210,0,1,0.0,1,1
CHEMBL1091665,1,1,1.0,1,0
CHEMBL1091666,1,1,1.0,1,0
CHEMBL1091719,0,2,0.0,2,2
CHEMBL1091873,0,1,0.0,1,1
CHEMBL1091931,0,2,0.0,2,2
CHEMBL1091988,1,2,0.5,2,1
CHEMBL1092034,1,1,1.0,1,0
CHEMBL1092035,1,1,1.0,1,0
CHEMBL1092036,1,1,1.0,1,0
CHEMBL1092037,1,1,1.0,1,0
CHEMBL1092038,1,1,1.0,1,0
CHEMBL1092039,1,1,1.0,1,0
CHEMBL1092040,1,1,1.0,1,0
CHEMBL1092041,1,1,1.0,1,0
CHEMBL1092042,1,1,1.0,1,0
CHEMBL1092043,1,1,1.0,1,0
CHEMBL1092044,1,1,1.0,1,0
CHEMBL1092045,1,1,1.0,1,0
CHEMBL1092046,1,1,1.0,1,0
CHEMBL1092509,0,2,0.0,1,2
CHEMBL1092642,1,1,1.0,1,0
CHEMBL1092653,1,1,1.0,1,0
CHEMBL1092729,0,1,0.0,1,1
CHEMBL1092908,1,1,1.0,1,0
CHEMBL1092909,1,1,1.0,1,0
CHEMBL1092914,1,1,1.0,1,0
CHEMBL109296,1,1,1.0,1,0
CHEMBL1093181,1,1,1.0,1,0
CHEMBL1093182,1,1,1.0,1,0
CHEMBL1094251,0,1,0.0,1,1
CHEMBL1094252,0,1,0.0,1,1
CHEMBL1094253,0,1,0.0,1,1
CHEMBL1094551,0,1,0.0,1,1
CHEMBL1094555,0,1,0.0,1,1
CHEMBL1094886,0,1,0.0,1,1
CHEMBL1094887,0,1,0.0,1,1
CHEMBL1094888,0,1,0.0,1,1
CHEMBL1094894,0,1,0.0,1,1
CHEMBL109525,1,1,1.0,1,0
CHEMBL109547,1,1,1.0,1,0
CHEMBL1096,0,1,0.0,1,1
CHEMBL1096192,2,2,1.0,2,0
CHEMBL109631,1,1,1.0,1,0
CHEMBL1096380,0,2,0.0,2,2
CHEMBL1096543,0,1,0.0,1,1
CHEMBL1096803,0,1,0.0,1,1
CHEMBL1096804,0,1,0.0,1,1
CHEMBL1096805,0,1,0.0,1,1
CHEMBL1096830,1,1,1.0,1,0
CHEMBL109725,0,1,0.0,1,1
CHEMBL1097539,0,1,0.0,1,1
CHEMBL109759,0,1,0.0,1,1
CHEMBL1097864,0,1,0.0,1,1
CHEMBL1097865,0,1,0.0,1,1
CHEMBL1097866,0,1,0.0,1,1
CHEMBL1097867,0,1,0.0,1,1
CHEMBL1098224,0,1,0.0,1,1
CHEMBL1098524,2,2,1.0,2,0
CHEMBL1098525,1,1,1.0,1,0
CHEMBL1098546,2,2,1.0,2,0
CHEMBL1098549,0,1,0.0,1,1
CHEMBL1098551,1,1,1.0,1,0
CHEMBL1098552,1,1,1.0,1,0
CHEMBL1098554,1,1,1.0,1,0
CHEMBL1098797,1,1,1.0,1,0
CHEMBL1098822,1,1,1.0,1,0
CHEMBL110034,0,1,0.0,1,1
CHEMBL110569,0,1,0.0,1,1
CHEMBL110905,1,1,1.0,1,0
CHEMBL111197,1,1,1.0,1,0
CHEMBL111247,1,1,1.0,1,0
CHEMBL111339,1,1,1.0,1,0
CHEMBL111365,1,1,1.0,1,0
CHEMBL111434,1,1,1.0,1,0
CHEMBL111618,1,1,1.0,1,0
CHEMBL111913,0,1,0.0,1,1
CHEMBL112080,1,1,1.0,1,0
CHEMBL112706,1,1,1.0,1,0
CHEMBL1129,0,2,0.0,2,2
CHEMBL112914,2,2,1.0,1,0
CHEMBL113023,1,1,1.0,1,0
CHEMBL113070,1,1,1.0,1,0
CHEMBL113128,0,1,0.0,1,1
CHEMBL113356,0,1,0.0,1,1
CHEMBL113521,1,1,1.0,1,0
CHEMBL113863,1,1,1.0,1,0
CHEMBL115509,1,1,1.0,1,0
CHEMBL115769,0,1,0.0,1,1
CHEMBL1160592,0,1,0.0,1,1
CHEMBL1160596,0,2,0.0,1,2
CHEMBL1160603,0,1,0.0,1,1
CHEMBL1160604,0,1,0.0,1,1
CHEMBL1160814,0,1,0.0,1,1
CHEMBL1160993,0,1,0.0,1,1
CHEMBL1160994,0,2,0.0,1,2
CHEMBL1161003,0,1,0.0,1,1
CHEMBL1161004,0,1,0.0,1,1
CHEMBL1161205,0,1,0.0,1,1
CHEMBL1161206,0,1,0.0,1,1
CHEMBL1161207,0,1,0.0,1,1
CHEMBL1161209,0,1,0.0,1,1
CHEMBL1161210,0,1,0.0,1,1
CHEMBL1161211,0,1,0.0,1,1
CHEMBL1161212,0,1,0.0,1,1
CHEMBL116437,8,8,1.0,1,0
CHEMBL1169825,1,1,1.0,1,0
CHEMBL1169826,1,1,1.0,1,0
CHEMBL117,0,2,0.0,1,2
CHEMBL1170011,0,1,0.0,1,1
CHEMBL1170012,1,1,1.0,1,0
CHEMBL1170724,0,1,0.0,1,1
CHEMBL1170927,0,1,0.0,1,1
CHEMBL1170930,1,1,1.0,1,0
CHEMBL1171036,0,1,0.0,1,1
CHEMBL117109,2,2,1.0,2,0
CHEMBL1171237,0,1,0.0,1,1
CHEMBL1171238,1,1,1.0,1,0
CHEMBL1171239,1,1,1.0,1,0
CHEMBL1171399,0,1,0.0,1,1
CHEMBL1171400,0,1,0.0,1,1
CHEMBL1171589,0,1,0.0,1,1
CHEMBL1171590,0,1,0.0,1,1
CHEMBL1171837,1,1,1.0,1,0
CHEMBL1171969,1,1,1.0,1,0
CHEMBL1171970,0,1,0.0,1,1
CHEMBL1171971,0,1,0.0,1,1
CHEMBL1171972,1,1,1.0,1,0
CHEMBL1172128,0,1,0.0,1,1
CHEMBL1172129,0,1,0.0,1,1
CHEMBL1172130,0,1,0.0,1,1
CHEMBL117228,0,1,0.0,1,1
CHEMBL1172328,0,1,0.0,1,1
CHEMBL1172329,1,1,1.0,1,0
CHEMBL1173655,0,2,0.0,2,2
CHEMBL1179821,2,3,0.6666666666666666,3,1
CHEMBL118187,2,2,1.0,2,0
CHEMBL118258,1,1,1.0,1,0
CHEMBL118281,1,1,1.0,1,0
CHEMBL118305,0,1,0.0,1,1
CHEMBL118419,1,1,1.0,1,0
CHEMBL118466,2,2,1.0,2,0
CHEMBL118651,2,2,1.0,2,0
CHEMBL118768,2,2,1.0,2,0
CHEMBL118917,1,2,0.5,2,1
CHEMBL1191611,0,3,0.0,2,3
CHEMBL119385,1,4,0.25,4,3
CHEMBL119406,1,1,1.0,1,0
CHEMBL119595,1,1,1.0,1,0
CHEMBL119648,1,1,1.0,1,0
CHEMBL119663,1,1,1.0,1,0
CHEMBL119675,2,2,1.0,2,0
CHEMBL119695,1,1,1.0,1,0
CHEMBL119699,1,1,1.0,1,0
CHEMBL119839,1,1,1.0,1,0
CHEMBL119849,1,1,1.0,1,0
CHEMBL119952,1,1,1.0,1,0
CHEMBL120032,1,1,1.0,1,0
CHEMBL120066,0,1,0.0,1,1
CHEMBL120067,0,1,0.0,1,1
CHEMBL120085,1,1,1.0,1,0
CHEMBL120127,0,1,0.0,1,1
CHEMBL120160,1,1,1.0,1,0
CHEMBL120185,1,1,1.0,1,0
CHEMBL120230,1,1,1.0,1,0
CHEMBL1202518,4,4,1.0,1,0
CHEMBL1202519,4,4,1.0,1,0
CHEMBL1202525,4,4,1.0,1,0
CHEMBL1202926,3,3,1.0,1,0
CHEMBL1202927,11,11,1.0,2,0
CHEMBL1202928,3,3,1.0,1,0
CHEMBL120300,1,1,1.0,1,0
CHEMBL120316,1,1,1.0,1,0
CHEMBL120317,0,1,0.0,1,1
CHEMBL1204095,4,4,1.0,1,0
CHEMBL1204097,0,4,0.0,1,4
CHEMBL120453,0,1,0.0,1,1
CHEMBL120645,1,2,0.5,2,1
CHEMBL120650,1,1,1.0,1,0
CHEMBL120663,1,1,1.0,1,0
CHEMBL120730,1,1,1.0,1,0
CHEMBL120911,1,1,1.0,1,0
CHEMBL120953,1,1,1.0,1,0
CHEMBL120976,1,1,1.0,1,0
CHEMBL120977,1,1,1.0,1,0
CHEMBL120984,1,1,1.0,1,0
CHEMBL121022,1,1,1.0,1,0
CHEMBL121182,1,1,1.0,1,0
CHEMBL121294,0,1,0.0,1,1
CHEMBL12131,0,3,0.0,2,3
CHEMBL121317,1,1,1.0,1,0
CHEMBL1213510,2,2,1.0,1,0
CHEMBL121361,1,1,1.0,1,0
CHEMBL1213804,0,1,0.0,1,1
CHEMBL121391,1,1,1.0,1,0
CHEMBL1213922,0,1,0.0,1,1
CHEMBL1213923,0,1,0.0,1,1
CHEMBL1213924,1,1,1.0,1,0
CHEMBL1213925,0,1,0.0,1,1
CHEMBL1213973,1,1,1.0,1,0
CHEMBL1213974,1,1,1.0,1,0
CHEMBL1213975,1,1,1.0,1,0
CHEMBL1213976,1,1,1.0,1,0
CHEMBL121400,1,1,1.0,1,0
CHEMBL121405,1,1,1.0,1,0
CHEMBL121415,1,1,1.0,1,0
CHEMBL121475,1,1,1.0,1,0
CHEMBL121512,0,1,0.0,1,1
CHEMBL121580,1,1,1.0,1,0
CHEMBL121623,1,1,1.0,1,0
CHEMBL121633,1,1,1.0,1,0
CHEMBL122061,1,1,1.0,1,0
CHEMBL122243,1,1,1.0,1,0
CHEMBL122574,1,1,1.0,1,0
CHEMBL122652,1,1,1.0,1,0
CHEMBL1229517,2,2,1.0,2,0
CHEMBL1229592,0,2,0.0,1,2
CHEMBL1230020,1,2,0.5,2,1
CHEMBL1230416,1,1,1.0,1,0
CHEMBL1230541,1,1,1.0,1,0
CHEMBL1230609,1,2,0.5,2,1
CHEMBL1231370,1,1,1.0,1,0
CHEMBL1231371,2,2,1.0,2,0
CHEMBL1231372,1,1,1.0,1,0
CHEMBL1231486,0,1,0.0,1,1
CHEMBL1233654,0,2,0.0,2,2
CHEMBL1233659,1,3,0.3333333333333333,3,2
CHEMBL1233747,0,1,0.0,1,1
CHEMBL1234353,1,1,1.0,1,0
CHEMBL1234354,5,5,1.0,4,0
CHEMBL123469,1,1,1.0,1,0
CHEMBL1235156,0,1,0.0,1,1
CHEMBL1235213,0,1,0.0,1,1
CHEMBL1236107,0,2,0.0,2,2
CHEMBL1236157,0,1,0.0,1,1
CHEMBL1237255,4,4,1.0,4,0
CHEMBL124006,4,4,1.0,4,0
CHEMBL1240885,0,1,0.0,1,1
CHEMBL1241489,1,1,1.0,1,0
CHEMBL1241588,1,1,1.0,1,0
CHEMBL1241674,1,2,0.5,2,1
CHEMBL1241946,0,1,0.0,1,1
CHEMBL1242290,1,1,1.0,1,0
CHEMBL124260,0,1,0.0,1,1
CHEMBL1242660,1,1,1.0,1,0
CHEMBL1242754,1,1,1.0,1,0
CHEMBL1242847,1,1,1.0,1,0
CHEMBL1242973,0,3,0.0,2,3
CHEMBL124660,0,3,0.0,3,3
CHEMBL125044,4,4,1.0,4,0
CHEMBL1253612,0,1,0.0,1,1
CHEMBL1256447,1,1,1.0,1,0
CHEMBL1256448,1,1,1.0,1,0
CHEMBL1256449,1,1,1.0,1,0
CHEMBL1256450,1,1,1.0,1,0
CHEMBL1256451,1,1,1.0,1,0
CHEMBL1256452,1,1,1.0,1,0
CHEMBL1256453,1,1,1.0,1,0
CHEMBL1256454,1,1,1.0,1,0
CHEMBL1256455,1,1,1.0,1,0
CHEMBL1256456,1,1,1.0,1,0
CHEMBL1256457,1,1,1.0,1,0
CHEMBL1256458,1,1,1.0,1,0
CHEMBL1256459,1,1,1.0,1,0
CHEMBL1256460,1,1,1.0,1,0
CHEMBL1256461,1,1,1.0,1,0
CHEMBL1256462,1,1,1.0,1,0
CHEMBL1256463,1,1,1.0,1,0
CHEMBL1256464,1,1,1.0,1,0
CHEMBL1256465,1,1,1.0,1,0
CHEMBL1256466,1,1,1.0,1,0
CHEMBL1256467,1,1,1.0,1,0
CHEMBL1256468,1,1,1.0,1,0
CHEMBL1256469,1,1,1.0,1,0
CHEMBL1257064,3,3,1.0,1,0
CHEMBL1257089,2,3,0.6666666666666666,1,1
CHEMBL1257090,1,3,0.3333333333333333,1,2
CHEMBL1257114,2,3,0.6666666666666666,1,1
CHEMBL1258995,1,1,1.0,1,0
CHEMBL1259013,1,1,1.0,1,0
CHEMBL1259031,1,1,1.0,1,0
CHEMBL1259050,1,1,1.0,1,0
CHEMBL1259070,1,1,1.0,1,0
CHEMBL1259086,1,1,1.0,1,0
CHEMBL1259105,1,1,1.0,1,0
CHEMBL1259120,1,1,1.0,1,0
CHEMBL1259136,1,1,1.0,1,0
CHEMBL1259137,1,1,1.0,1,0
CHEMBL126077,0,1,0.0,1,1
CHEMBL126408,0,1,0.0,1,1
CHEMBL126602,0,1,0.0,1,1
CHEMBL126615,0,1,0.0,1,1
CHEMBL126652,0,1,0.0,1,1
CHEMBL1269812,0,1,0.0,1,1
CHEMBL127205,0,1,0.0,1,1
CHEMBL127506,0,1,0.0,1,1
CHEMBL127523,0,1,0.0,1,1
CHEMBL1276127,2,2,1.0,1,0
CHEMBL1277433,0,3,0.0,2,3
CHEMBL127798,0,1,0.0,1,1
CHEMBL127819,0,1,0.0,1,1
CHEMBL128455,0,1,0.0,1,1
CHEMBL128568,0,1,0.0,1,1
CHEMBL128589,1,1,1.0,1,0
CHEMBL1287853,1,2,0.5,2,1
CHEMBL128795,0,1,0.0,1,1
CHEMBL1289926,0,2,0.0,2,2
CHEMBL129,0,2,0.0,2,2
CHEMBL129454,0,1,0.0,1,1
CHEMBL130075,0,1,0.0,1,1
CHEMBL130414,0,1,0.0,1,1
CHEMBL1305300,0,1,0.0,1,1
CHEMBL130719,1,1,1.0,1,0
CHEMBL130943,0,1,0.0,1,1
CHEMBL1310318,0,1,0.0,1,1
CHEMBL131167,0,1,0.0,1,1
CHEMBL131346,1,1,1.0,1,0
CHEMBL1317546,1,1,1.0,1,0
CHEMBL132399,0,1,0.0,1,1
CHEMBL132525,1,1,1.0,1,0
CHEMBL132612,3,3,1.0,2,0
CHEMBL132714,0,1,0.0,1,1
CHEMBL132720,3,3,1.0,2,0
CHEMBL1328065,0,1,0.0,1,1
CHEMBL13306,1,1,1.0,1,0
CHEMBL133498,0,8,0.0,1,8
CHEMBL1336,3,5,0.6,5,2
CHEMBL1336959,0,1,0.0,1,1
CHEMBL133777,1,1,1.0,1,0
CHEMBL133853,3,3,1.0,2,0
CHEMBL1339149,0,1,0.0,1,1
CHEMBL1342,0,3,0.0,1,3
CHEMBL1342017,0,1,0.0,1,1
CHEMBL134287,1,1,1.0,1,0
CHEMBL134413,2,2,1.0,2,0
CHEMBL134690,3,3,1.0,2,0
CHEMBL134851,1,1,1.0,1,0
CHEMBL135611,3,3,1.0,2,0
CHEMBL136106,1,1,1.0,1,0
CHEMBL136244,1,1,1.0,1,0
CHEMBL136280,1,1,1.0,1,0
CHEMBL136332,1,1,1.0,1,0
CHEMBL136457,1,1,1.0,1,0
CHEMBL136511,1,1,1.0,1,0
CHEMBL136688,1,1,1.0,1,0
CHEMBL136724,0,1,0.0,1,1
CHEMBL136775,1,1,1.0,1,0
CHEMBL136874,0,1,0.0,1,1
CHEMBL137388,0,1,0.0,1,1
CHEMBL137611,0,1,0.0,1,1
CHEMBL1381119,0,1,0.0,1,1
CHEMBL138319,1,1,1.0,1,0
CHEMBL1385230,0,2,0.0,1,2
CHEMBL138994,1,1,1.0,1,0
CHEMBL139,0,1,0.0,1,1
CHEMBL139040,0,1,0.0,1,1
CHEMBL139249,1,1,1.0,1,0
CHEMBL1394402,2,2,1.0,2,0
CHEMBL139633,0,1,0.0,1,1
CHEMBL139856,0,1,0.0,1,1
CHEMBL139991,1,1,1.0,1,0
CHEMBL140,1,2,0.5,2,1
CHEMBL1401272,0,1,0.0,1,1
CHEMBL140242,1,1,1.0,1,0
CHEMBL1406130,0,1,0.0,1,1
CHEMBL141294,1,1,1.0,1,0
CHEMBL142115,1,1,1.0,1,0
CHEMBL14249,0,1,0.0,1,1
CHEMBL143134,1,1,1.0,1,0
CHEMBL143141,1,1,1.0,1,0
CHEMBL143207,1,1,1.0,1,0
CHEMBL143307,0,1,0.0,1,1
CHEMBL143373,1,1,1.0,1,0
CHEMBL1437888,4,4,1.0,4,0
CHEMBL143886,1,1,1.0,1,0
CHEMBL1448756,0,1,0.0,1,1
CHEMBL1458296,0,1,0.0,1,1
CHEMBL1459149,4,4,1.0,4,0
CHEMBL1460047,4,4,1.0,4,0
CHEMBL147356,1,1,1.0,1,0
CHEMBL147390,1,1,1.0,1,0
CHEMBL14762,3,15,0.2,9,12
CHEMBL1477426,0,1,0.0,1,1
CHEMBL1478742,1,1,1.0,1,0
CHEMBL14830,0,1,0.0,1,1
CHEMBL148333,0,3,0.0,3,3
CHEMBL150,2,2,1.0,1,0
CHEMBL150370,1,1,1.0,1,0
CHEMBL150478,1,1,1.0,1,0
CHEMBL150894,0,3,0.0,1,3
CHEMBL1509707,0,1,0.0,1,1
CHEMBL150978,1,1,1.0,1,0
CHEMBL151,2,2,1.0,1,0
CHEMBL151079,1,1,1.0,1,0
CHEMBL151214,1,1,1.0,1,0
CHEMBL151448,1,1,1.0,1,0
CHEMBL151553,1,1,1.0,1,0
CHEMBL151812,1,1,1.0,1,0
CHEMBL152256,2,2,1.0,1,0
CHEMBL152257,0,2,0.0,1,2
CHEMBL152338,2,2,1.0,1,0
CHEMBL152475,0,2,0.0,1,2
CHEMBL152575,0,2,0.0,1,2
CHEMBL152838,0,2,0.0,1,2
CHEMBL153171,0,1,0.0,1,1
CHEMBL153548,0,17,0.0,4,17
CHEMBL153866,2,2,1.0,1,0
CHEMBL1540,0,2,0.0,1,2
CHEMBL154209,1,2,0.5,1,1
CHEMBL154245,9,9,1.0,2,0
CHEMBL1545915,4,4,1.0,4,0
CHEMBL1551662,0,1,0.0,1,1
CHEMBL155333,0,17,0.0,4,17
CHEMBL155929,9,9,1.0,2,0
CHEMBL156172,8,9,0.8888888888888888,2,1
CHEMBL156433,9,9,1.0,2,0
CHEMBL156488,0,1,0.0,1,1
CHEMBL1567396,0,1,0.0,1,1
CHEMBL157220,0,2,0.0,1,2
CHEMBL157402,0,1,0.0,1,1
CHEMBL157528,8,8,1.0,1,0
CHEMBL1576159,0,1,0.0,1,1
CHEMBL157822,8,9,0.8888888888888888,2,1
CHEMBL157892,9,9,1.0,2,0
CHEMBL157967,8,8,1.0,1,0
CHEMBL158936,2,2,1.0,1,0
CHEMBL1594640,4,4,1.0,4,0
CHEMBL15985,0,4,0.0,1,4
CHEMBL159932,4,4,1.0,1,0
CHEMBL160,1,1,1.0,1,0
CHEMBL16026,0,4,0.0,1,4
CHEMBL161197,4,4,1.0,1,0
CHEMBL1613587,0,1,0.0,1,1
CHEMBL1614701,0,2,0.0,2,2
CHEMBL1615697,4,4,1.0,4,0
CHEMBL1616787,4,4,1.0,4,0
CHEMBL1619026,4,4,1.0,4,0
CHEMBL1619061,0,1,0.0,1,1
CHEMBL16193,0,4,0.0,1,4
CHEMBL1621065,0,1,0.0,1,1
CHEMBL1622128,4,4,1.0,4,0
CHEMBL1622765,1,1,1.0,1,0
CHEMBL1623028,4,4,1.0,4,0
CHEMBL1623897,4,4,1.0,4,0
CHEMBL1631394,0,1,0.0,1,1
CHEMBL1631395,1,1,1.0,1,0
CHEMBL1631396,0,1,0.0,1,1
CHEMBL1631397,0,1,0.0,1,1
CHEMBL1631398,1,1,1.0,1,0
CHEMBL1631399,1,1,1.0,1,0
CHEMBL1632625,1,1,1.0,1,0
CHEMBL1632626,1,1,1.0,1,0
CHEMBL1632627,0,1,0.0,1,1
CHEMBL164,2,11,0.18181818181818182,3,9
CHEMBL1642653,0,1,0.0,1,1
CHEMBL1650951,0,1,0.0,1,1
CHEMBL166765,1,2,0.5,1,1
CHEMBL166766,2,2,1.0,1,0
CHEMBL1681823,0,1,0.0,1,1
CHEMBL168214,2,2,1.0,1,0
CHEMBL1682552,1,1,1.0,1,0
CHEMBL168266,1,2,0.5,1,1
CHEMBL168285,2,2,1.0,1,0
CHEMBL168366,0,8,0.0,1,8
CHEMBL168382,2,2,1.0,1,0
CHEMBL168462,0,1,0.0,1,1
CHEMBL1685038,0,1,0.0,1,1
CHEMBL1685039,0,1,0.0,1,1
CHEMBL1685040,0,1,0.0,1,1
CHEMBL1685041,0,1,0.0,1,1
CHEMBL1685042,0,1,0.0,1,1
CHEMBL1685043,0,1,0.0,1,1
CHEMBL1685044,0,1,0.0,1,1
CHEMBL1685045,0,1,0.0,1,1
CHEMBL1685046,0,1,0.0,1,1
CHEMBL1685047,0,1,0.0,1,1
CHEMBL1685048,0,1,0.0,1,1
CHEMBL1685049,0,1,0.0,1,1
CHEMBL1685050,0,1,0.0,1,1
CHEMBL1685051,0,1,0.0,1,1
CHEMBL1685052,0,1,0.0,1,1
CHEMBL1685053,0,1,0.0,1,1
CHEMBL1685054,0,1,0.0,1,1
CHEMBL1685055,0,1,0.0,1,1
CHEMBL1685056,0,1,0.0,1,1
CHEMBL1685057,0,1,0.0,1,1
CHEMBL1685058,0,1,0.0,1,1
CHEMBL1685059,0,1,0.0,1,1
CHEMBL1685060,0,1,0.0,1,1
CHEMBL1685061,0,1,0.0,1,1
CHEMBL1685062,0,1,0.0,1,1
CHEMBL1685063,0,1,0.0,1,1
CHEMBL1685064,0,1,0.0,1,1
CHEMBL1685065,1,1,1.0,1,0
CHEMBL1685066,0,1,0.0,1,1
CHEMBL168533,0,8,0.0,1,8
CHEMBL168550,2,2,1.0,1,0
CHEMBL168555,1,1,1.0,1,0
CHEMBL168574,2,2,1.0,1,0
CHEMBL168656,0,1,0.0,1,1
CHEMBL168661,1,1,1.0,1,0
CHEMBL168703,2,2,1.0,1,0
CHEMBL168921,0,1,0.0,1,1
CHEMBL169043,0,1,0.0,1,1
CHEMBL169064,1,1,1.0,1,0
CHEMBL169065,0,1,0.0,1,1
CHEMBL169079,1,2,0.5,1,1
CHEMBL169165,2,2,1.0,1,0
CHEMBL169200,0,1,0.0,1,1
CHEMBL169250,2,2,1.0,1,0
CHEMBL169340,2,2,1.0,1,0
CHEMBL169385,2,2,1.0,1,0
CHEMBL169390,2,2,1.0,1,0
CHEMBL169457,2,2,1.0,1,0
CHEMBL169467,2,2,1.0,1,0
CHEMBL16947,0,1,0.0,1,1
CHEMBL169512,2,2,1.0,1,0
CHEMBL169519,0,1,0.0,1,1
CHEMBL169570,2,2,1.0,1,0
CHEMBL16958,9,11,0.8181818181818182,4,2
CHEMBL169700,2,2,1.0,1,0
CHEMBL169757,1,1,1.0,1,0
CHEMBL169780,1,1,1.0,1,0
CHEMBL1698030,0,2,0.0,1,2
CHEMBL1698123,0,1,0.0,1,1
CHEMBL1698309,0,1,0.0,1,1
CHEMBL1698461,0,1,0.0,1,1
CHEMBL1699039,0,1,0.0,1,1
CHEMBL169916,2,2,1.0,1,0
CHEMBL169917,2,2,1.0,1,0
CHEMBL169920,1,1,1.0,1,0
CHEMBL1699355,0,1,0.0,1,1
CHEMBL169939,0,1,0.0,1,1
CHEMBL1699568,0,1,0.0,1,1
CHEMBL1699712,0,1,0.0,1,1
CHEMBL1700355,0,1,0.0,1,1
CHEMBL1700363,0,1,0.0,1,1
CHEMBL1700815,0,1,0.0,1,1
CHEMBL1701016,0,1,0.0,1,1
CHEMBL1701021,0,1,0.0,1,1
CHEMBL1701237,0,1,0.0,1,1
CHEMBL1701846,0,1,0.0,1,1
CHEMBL1701911,0,1,0.0,1,1
CHEMBL1702206,0,1,0.0,1,1
CHEMBL1702372,1,1,1.0,1,0
CHEMBL170250,1,1,1.0,1,0
CHEMBL1702711,0,1,0.0,1,1
CHEMBL1702793,0,1,0.0,1,1
CHEMBL1702981,0,1,0.0,1,1
CHEMBL1703189,0,1,0.0,1,1
CHEMBL1703200,0,1,0.0,1,1
CHEMBL1703497,0,1,0.0,1,1
CHEMBL1703503,0,1,0.0,1,1
CHEMBL1703693,0,1,0.0,1,1
CHEMBL1703786,0,1,0.0,1,1
CHEMBL1703815,0,1,0.0,1,1
CHEMBL1703831,0,1,0.0,1,1
CHEMBL1703924,0,1,0.0,1,1
CHEMBL1703977,0,1,0.0,1,1
CHEMBL1704043,0,1,0.0,1,1
CHEMBL1704189,0,1,0.0,1,1
CHEMBL1704282,0,1,0.0,1,1
CHEMBL170438,0,1,0.0,1,1
CHEMBL1704485,0,1,0.0,1,1
CHEMBL1705000,0,1,0.0,1,1
CHEMBL170518,1,1,1.0,1,0
CHEMBL1705207,0,1,0.0,1,1
CHEMBL1705614,0,1,0.0,1,1
CHEMBL1706130,0,1,0.0,1,1
CHEMBL1706259,0,1,0.0,1,1
CHEMBL1706338,0,1,0.0,1,1
CHEMBL1706343,0,1,0.0,1,1
CHEMBL1706548,0,1,0.0,1,1
CHEMBL1707071,0,1,0.0,1,1
CHEMBL170724,1,2,0.5,1,1
CHEMBL1707558,0,1,0.0,1,1
CHEMBL1707566,0,1,0.0,1,1
CHEMBL1707676,0,1,0.0,1,1
CHEMBL1707875,0,1,0.0,1,1
CHEMBL1708,0,1,0.0,1,1
CHEMBL1708051,0,1,0.0,1,1
CHEMBL1708068,0,1,0.0,1,1
CHEMBL1708070,0,1,0.0,1,1
CHEMBL1708338,0,1,0.0,1,1
CHEMBL1708578,0,1,0.0,1,1
CHEMBL1708749,0,1,0.0,1,1
CHEMBL1708803,0,1,0.0,1,1
CHEMBL1708884,0,1,0.0,1,1
CHEMBL1708889,0,1,0.0,1,1
CHEMBL170905,2,2,1.0,1,0
CHEMBL1709419,0,1,0.0,1,1
CHEMBL1709485,0,1,0.0,1,1
CHEMBL170969,2,2,1.0,1,0
CHEMBL1709708,0,1,0.0,1,1
CHEMBL1709906,0,1,0.0,1,1
CHEMBL170997,0,8,0.0,1,8
CHEMBL1710047,0,1,0.0,1,1
CHEMBL171006,2,2,1.0,1,0
CHEMBL1710126,0,1,0.0,1,1
CHEMBL1710337,0,1,0.0,1,1
CHEMBL1710477,0,1,0.0,1,1
CHEMBL1710662,0,1,0.0,1,1
CHEMBL1710672,0,1,0.0,1,1
CHEMBL1710696,0,1,0.0,1,1
CHEMBL1710725,0,1,0.0,1,1
CHEMBL1710798,0,1,0.0,1,1
CHEMBL1711231,0,1,0.0,1,1
CHEMBL1711403,0,1,0.0,1,1
CHEMBL1711618,0,1,0.0,1,1
CHEMBL171182,0,1,0.0,1,1
CHEMBL1711919,0,1,0.0,1,1
CHEMBL1712352,0,1,0.0,1,1
CHEMBL1712414,0,1,0.0,1,1
CHEMBL1712431,0,1,0.0,1,1
CHEMBL1712440,0,1,0.0,1,1
CHEMBL1712518,0,1,0.0,1,1
CHEMBL171256,1,2,0.5,1,1
CHEMBL1712985,0,1,0.0,1,1
CHEMBL171311,1,1,1.0,1,0
CHEMBL1713172,0,1,0.0,1,1
CHEMBL1713789,0,1,0.0,1,1
CHEMBL1714104,0,1,0.0,1,1
CHEMBL1714651,0,1,0.0,1,1
CHEMBL1714653,0,1,0.0,1,1
CHEMBL1715092,0,1,0.0,1,1
CHEMBL1715344,0,1,0.0,1,1
CHEMBL171545,1,1,1.0,1,0
CHEMBL1715514,0,1,0.0,1,1
CHEMBL1715540,0,1,0.0,1,1
CHEMBL171566,2,2,1.0,1,0
CHEMBL1715916,0,1,0.0,1,1
CHEMBL1715932,0,1,0.0,1,1
CHEMBL1716371,0,1,0.0,1,1
CHEMBL1716659,0,1,0.0,1,1
CHEMBL1717273,0,1,0.0,1,1
CHEMBL1717420,0,1,0.0,1,1
CHEMBL1717790,0,1,0.0,1,1
CHEMBL1717968,0,1,0.0,1,1
CHEMBL1718185,0,1,0.0,1,1
CHEMBL1718246,0,1,0.0,1,1
CHEMBL1718325,0,1,0.0,1,1
CHEMBL1718538,0,1,0.0,1,1
CHEMBL1718927,0,1,0.0,1,1
CHEMBL1718962,0,1,0.0,1,1
CHEMBL1718987,0,1,0.0,1,1
CHEMBL1719203,0,1,0.0,1,1
CHEMBL1719330,0,3,0.0,2,3
CHEMBL171961,0,1,0.0,1,1
CHEMBL1719870,0,1,0.0,1,1
CHEMBL1720128,0,1,0.0,1,1
CHEMBL172020,0,1,0.0,1,1
CHEMBL1720651,0,1,0.0,1,1
CHEMBL1720891,0,1,0.0,1,1
CHEMBL1720981,0,1,0.0,1,1
CHEMBL1721044,0,1,0.0,1,1
CHEMBL1721135,0,1,0.0,1,1
CHEMBL1721588,0,1,0.0,1,1
CHEMBL1721811,0,1,0.0,1,1
CHEMBL1721885,2,3,0.6666666666666666,3,1
CHEMBL1721948,0,1,0.0,1,1
CHEMBL1722247,0,1,0.0,1,1
CHEMBL1722265,0,1,0.0,1,1
CHEMBL1722317,0,1,0.0,1,1
CHEMBL1722692,0,1,0.0,1,1
CHEMBL1722696,0,1,0.0,1,1
CHEMBL1722873,0,1,0.0,1,1
CHEMBL1722923,0,1,0.0,1,1
CHEMBL1723064,0,1,0.0,1,1
CHEMBL172320,0,1,0.0,1,1
CHEMBL172321,0,1,0.0,1,1
CHEMBL1723349,0,1,0.0,1,1
CHEMBL1723387,0,1,0.0,1,1
CHEMBL172339,2,2,1.0,1,0
CHEMBL1723583,0,1,0.0,1,1
CHEMBL1723596,0,1,0.0,1,1
CHEMBL1723607,0,1,0.0,1,1
CHEMBL1723655,0,1,0.0,1,1
CHEMBL1723872,0,1,0.0,1,1
CHEMBL1723930,0,1,0.0,1,1
CHEMBL1724234,0,1,0.0,1,1
CHEMBL1724924,0,1,0.0,1,1
CHEMBL1725027,0,1,0.0,1,1
CHEMBL1725042,0,1,0.0,1,1
CHEMBL172514,1,1,1.0,1,0
CHEMBL1725167,0,1,0.0,1,1
CHEMBL1725228,0,1,0.0,1,1
CHEMBL1725241,0,1,0.0,1,1
CHEMBL1725279,2,2,1.0,2,0
CHEMBL172539,0,1,0.0,1,1
CHEMBL172574,0,1,0.0,1,1
CHEMBL1725906,0,1,0.0,1,1
CHEMBL1726592,0,1,0.0,1,1
CHEMBL1726784,0,1,0.0,1,1
CHEMBL172710,0,1,0.0,1,1
CHEMBL1727551,0,1,0.0,1,1
CHEMBL1727870,0,1,0.0,1,1
CHEMBL172826,0,1,0.0,1,1
CHEMBL1728599,0,1,0.0,1,1
CHEMBL1728751,0,1,0.0,1,1
CHEMBL1728855,0,1,0.0,1,1
CHEMBL1728963,0,1,0.0,1,1
CHEMBL172973,1,1,1.0,1,0
CHEMBL1729838,0,1,0.0,1,1
CHEMBL1729861,0,1,0.0,1,1
CHEMBL1729965,0,1,0.0,1,1
CHEMBL1730008,0,1,0.0,1,1
CHEMBL1730116,0,1,0.0,1,1
CHEMBL1730319,0,1,0.0,1,1
CHEMBL1730431,0,1,0.0,1,1
CHEMBL1730972,0,1,0.0,1,1
CHEMBL173144,0,2,0.0,1,2
CHEMBL1731514,0,1,0.0,1,1
CHEMBL173179,0,1,0.0,1,1
CHEMBL1732072,0,1,0.0,1,1
CHEMBL1732137,0,1,0.0,1,1
CHEMBL1733057,0,1,0.0,1,1
CHEMBL1733443,0,1,0.0,1,1
CHEMBL1734060,0,1,0.0,1,1
CHEMBL173428,0,4,0.0,1,4
CHEMBL173453,1,1,1.0,1,0
CHEMBL1734663,0,1,0.0,1,1
CHEMBL173474,0,1,0.0,1,1
CHEMBL1734741,0,1,0.0,1,1
CHEMBL173478,1,1,1.0,1,0
CHEMBL1734948,0,1,0.0,1,1
CHEMBL1735472,0,1,0.0,1,1
CHEMBL1735874,0,1,0.0,1,1
CHEMBL1736289,0,1,0.0,1,1
CHEMBL173631,0,1,0.0,1,1
CHEMBL1736501,0,1,0.0,1,1
CHEMBL173685,0,1,0.0,1,1
CHEMBL173716,0,1,0.0,1,1
CHEMBL1738877,2,4,0.5,3,2
CHEMBL1738878,2,4,0.5,3,2
CHEMBL1738986,4,4,1.0,4,0
CHEMBL173917,0,4,0.0,1,4
CHEMBL174025,0,3,0.0,2,3
CHEMBL1740701,4,4,1.0,4,0
CHEMBL174389,0,1,0.0,1,1
CHEMBL1744512,4,4,1.0,4,0
CHEMBL174634,0,1,0.0,1,1
CHEMBL175048,0,2,0.0,1,2
CHEMBL175384,0,2,0.0,1,2
CHEMBL175409,1,1,1.0,1,0
CHEMBL175509,0,1,0.0,1,1
CHEMBL1761554,1,1,1.0,1,0
CHEMBL1761927,0,3,0.0,2,3
CHEMBL176309,1,1,1.0,1,0
CHEMBL176470,0,1,0.0,1,1
CHEMBL176702,1,1,1.0,1,0
CHEMBL176705,1,1,1.0,1,0
CHEMBL176768,2,2,1.0,1,0
CHEMBL176815,1,1,1.0,1,0
CHEMBL177018,0,1,0.0,1,1
CHEMBL1774553,0,1,0.0,1,1
CHEMBL1774554,0,1,0.0,1,1
CHEMBL1774555,0,1,0.0,1,1
CHEMBL1774556,0,1,0.0,1,1
CHEMBL1774557,0,1,0.0,1,1
CHEMBL1774558,0,1,0.0,1,1
CHEMBL1774559,0,1,0.0,1,1
CHEMBL1774560,0,1,0.0,1,1
CHEMBL1774561,0,1,0.0,1,1
CHEMBL1774562,0,1,0.0,1,1
CHEMBL1774563,0,1,0.0,1,1
CHEMBL1774564,0,1,0.0,1,1
CHEMBL1774565,0,1,0.0,1,1
CHEMBL1774566,0,1,0.0,1,1
CHEMBL1774567,0,1,0.0,1,1
CHEMBL1774568,0,1,0.0,1,1
CHEMBL1774569,0,1,0.0,1,1
CHEMBL1774570,0,1,0.0,1,1
CHEMBL1774571,0,1,0.0,1,1
CHEMBL1774572,0,1,0.0,1,1
CHEMBL1774573,0,1,0.0,1,1
CHEMBL1774574,0,1,0.0,1,1
CHEMBL1774585,0,1,0.0,1,1
CHEMBL1774586,0,1,0.0,1,1
CHEMBL1774587,0,1,0.0,1,1
CHEMBL1774588,0,1,0.0,1,1
CHEMBL177820,2,4,0.5,1,2
CHEMBL178006,0,5,0.0,2,5
CHEMBL178031,4,4,1.0,1,0
CHEMBL1782086,1,1,1.0,1,0
CHEMBL1782168,0,3,0.0,3,3
CHEMBL1782169,0,3,0.0,3,3
CHEMBL1782170,0,3,0.0,3,3
CHEMBL178455,1,1,1.0,1,0
CHEMBL1784959,1,1,1.0,1,0
CHEMBL1784960,1,1,1.0,1,0
CHEMBL1784961,0,1,0.0,1,1
CHEMBL1784962,0,1,0.0,1,1
CHEMBL1784963,1,1,1.0,1,0
CHEMBL1784964,1,1,1.0,1,0
CHEMBL1784965,1,1,1.0,1,0
CHEMBL1784966,1,1,1.0,1,0
CHEMBL1784967,1,1,1.0,1,0
CHEMBL1784968,1,1,1.0,1,0
CHEMBL1784969,1,1,1.0,1,0
CHEMBL1784970,1,1,1.0,1,0
CHEMBL1784971,1,1,1.0,1,0
CHEMBL1784972,1,1,1.0,1,0
CHEMBL1784973,1,1,1.0,1,0
CHEMBL1784974,1,1,1.0,1,0
CHEMBL1784975,1,1,1.0,1,0
CHEMBL1785011,1,1,1.0,1,0
CHEMBL1785012,1,1,1.0,1,0
CHEMBL1785013,1,1,1.0,1,0
CHEMBL1785014,1,1,1.0,1,0
CHEMBL1785015,1,1,1.0,1,0
CHEMBL1785016,1,1,1.0,1,0
CHEMBL1785017,1,1,1.0,1,0
CHEMBL1785018,1,1,1.0,1,0
CHEMBL1785019,1,1,1.0,1,0
CHEMBL1785020,1,1,1.0,1,0
CHEMBL1785021,1,1,1.0,1,0
CHEMBL1785022,1,1,1.0,1,0
CHEMBL1785023,1,1,1.0,1,0
CHEMBL1785024,1,1,1.0,1,0
CHEMBL1785025,0,1,0.0,1,1
CHEMBL1785026,1,1,1.0,1,0
CHEMBL1785052,0,1,0.0,1,1
CHEMBL1785053,0,1,0.0,1,1
CHEMBL1785054,1,1,1.0,1,0
CHEMBL1788116,1,1,1.0,1,0
CHEMBL178945,1,6,0.16666666666666666,3,5
CHEMBL1789941,0,2,0.0,2,2
CHEMBL1790742,0,1,0.0,1,1
CHEMBL1791148,0,1,0.0,1,1
CHEMBL1791149,0,1,0.0,1,1
CHEMBL1791152,0,1,0.0,1,1
CHEMBL1791154,0,1,0.0,1,1
CHEMBL1791157,0,1,0.0,1,1
CHEMBL1791266,1,1,1.0,1,0
CHEMBL180022,0,2,0.0,2,2
CHEMBL1802355,4,9,0.4444444444444444,6,5
CHEMBL1802356,3,3,1.0,3,0
CHEMBL1802357,2,3,0.6666666666666666,3,1
CHEMBL1802358,23,31,0.7419354838709677,14,8
CHEMBL1802389,2,3,0.6666666666666666,2,1
CHEMBL1802390,0,3,0.0,2,3
CHEMBL1802391,1,3,0.3333333333333333,2,2
CHEMBL1802392,2,3,0.6666666666666666,2,1
CHEMBL1802393,0,3,0.0,2,3
CHEMBL1802394,0,3,0.0,2,3
CHEMBL1802395,0,3,0.0,2,3
CHEMBL1802396,1,3,0.3333333333333333,2,2
CHEMBL1802397,0,3,0.0,2,3
CHEMBL1802398,0,3,0.0,2,3
CHEMBL1802399,1,3,0.3333333333333333,2,2
CHEMBL1802400,0,3,0.0,2,3
CHEMBL1802401,1,3,0.3333333333333333,2,2
CHEMBL1802402,0,3,0.0,2,3
CHEMBL1802403,3,3,1.0,2,0
CHEMBL1802404,1,3,0.3333333333333333,2,2
CHEMBL1802405,1,3,0.3333333333333333,2,2
CHEMBL1802406,1,3,0.3333333333333333,2,2
CHEMBL1802407,0,3,0.0,2,3
CHEMBL1802408,0,3,0.0,2,3
CHEMBL1802409,1,3,0.3333333333333333,2,2
CHEMBL1802410,1,3,0.3333333333333333,2,2
CHEMBL1802841,1,3,0.3333333333333333,3,2
CHEMBL1802842,2,3,0.6666666666666666,3,1
CHEMBL1802843,5,9,0.5555555555555556,6,4
CHEMBL1802844,2,3,0.6666666666666666,3,1
CHEMBL1802845,2,3,0.6666666666666666,3,1
CHEMBL1802846,3,3,1.0,3,0
CHEMBL1802847,3,3,1.0,3,0
CHEMBL1802848,3,3,1.0,3,0
CHEMBL1802849,3,3,1.0,3,0
CHEMBL1802850,1,3,0.3333333333333333,3,2
CHEMBL1802851,1,3,0.3333333333333333,3,2
CHEMBL1802852,2,3,0.6666666666666666,3,1
CHEMBL1802853,2,3,0.6666666666666666,3,1
CHEMBL1802854,1,3,0.3333333333333333,3,2
CHEMBL1802855,1,3,0.3333333333333333,3,2
CHEMBL1802856,0,3,0.0,3,3
CHEMBL1802857,0,3,0.0,3,3
CHEMBL1802962,1,3,0.3333333333333333,2,2
CHEMBL1802963,1,3,0.3333333333333333,2,2
CHEMBL1802964,0,3,0.0,2,3
CHEMBL1802965,1,3,0.3333333333333333,2,2
CHEMBL1802966,1,3,0.3333333333333333,2,2
CHEMBL1802967,1,3,0.3333333333333333,2,2
CHEMBL1802968,0,3,0.0,2,3
CHEMBL1802969,2,3,0.6666666666666666,2,1
CHEMBL1802970,0,3,0.0,2,3
CHEMBL1802971,1,3,0.3333333333333333,2,2
CHEMBL1802972,0,3,0.0,2,3
CHEMBL1803067,3,3,1.0,3,0
CHEMBL1803068,1,3,0.3333333333333333,3,2
CHEMBL1803069,7,9,0.7777777777777778,6,2
CHEMBL1803070,2,3,0.6666666666666666,3,1
CHEMBL1803071,2,3,0.6666666666666666,3,1
CHEMBL1803072,2,3,0.6666666666666666,3,1
CHEMBL1803073,2,3,0.6666666666666666,3,1
CHEMBL1803075,0,1,0.0,1,1
CHEMBL1803076,0,3,0.0,3,3
CHEMBL1803078,0,2,0.0,2,2
CHEMBL1803079,5,9,0.5555555555555556,6,4
CHEMBL1803080,0,7,0.0,6,7
CHEMBL1803081,0,9,0.0,6,9
CHEMBL1803082,5,9,0.5555555555555556,6,4
CHEMBL1803083,3,3,1.0,3,0
CHEMBL1803084,5,8,0.625,6,3
CHEMBL1803085,9,9,1.0,6,0
CHEMBL1807153,0,2,0.0,1,2
CHEMBL1807154,0,2,0.0,1,2
CHEMBL1807155,0,2,0.0,1,2
CHEMBL1807156,0,2,0.0,1,2
CHEMBL182114,2,2,1.0,1,0
CHEMBL1823506,0,1,0.0,1,1
CHEMBL1823946,0,1,0.0,1,1
CHEMBL1823947,0,1,0.0,1,1
CHEMBL1823948,0,1,0.0,1,1
CHEMBL1823949,0,1,0.0,1,1
CHEMBL1823950,0,2,0.0,1,2
CHEMBL182551,2,2,1.0,1,0
CHEMBL182783,3,3,1.0,1,0
CHEMBL1835064,0,2,0.0,1,2
CHEMBL1835581,0,1,0.0,1,1
CHEMBL1835595,0,1,0.0,1,1
CHEMBL1835608,0,1,0.0,1,1
CHEMBL1836358,0,3,0.0,2,3
CHEMBL185238,0,2,0.0,2,2
CHEMBL185627,0,1,0.0,1,1
CHEMBL185932,0,1,0.0,1,1
CHEMBL186526,1,1,1.0,1,0
CHEMBL187396,0,1,0.0,1,1
CHEMBL1873990,0,2,0.0,2,2
CHEMBL187434,0,1,0.0,1,1
CHEMBL187551,0,1,0.0,1,1
CHEMBL187652,0,1,0.0,1,1
CHEMBL187676,0,1,0.0,1,1
CHEMBL187682,0,1,0.0,1,1
CHEMBL187800,0,1,0.0,1,1
CHEMBL187926,0,1,0.0,1,1
CHEMBL1879463,2,2,1.0,2,0
CHEMBL188087,0,1,0.0,1,1
CHEMBL188154,0,1,0.0,1,1
CHEMBL188234,0,1,0.0,1,1
CHEMBL188343,1,1,1.0,1,0
CHEMBL188381,0,1,0.0,1,1
CHEMBL188431,0,1,0.0,1,1
CHEMBL188434,1,1,1.0,1,0
CHEMBL188499,0,1,0.0,1,1
CHEMBL188544,0,1,0.0,1,1
CHEMBL188648,1,1,1.0,1,0
CHEMBL188685,0,1,0.0,1,1
CHEMBL188762,0,3,0.0,1,3
CHEMBL188978,0,1,0.0,1,1
CHEMBL189045,0,1,0.0,1,1
CHEMBL189057,0,1,0.0,1,1
CHEMBL189059,0,1,0.0,1,1
CHEMBL189223,1,1,1.0,1,0
CHEMBL189322,0,1,0.0,1,1
CHEMBL189325,0,1,0.0,1,1
CHEMBL189338,0,1,0.0,1,1
CHEMBL189421,0,1,0.0,1,1
CHEMBL189491,0,1,0.0,1,1
CHEMBL189535,1,1,1.0,1,0
CHEMBL189538,0,1,0.0,1,1
CHEMBL189542,1,1,1.0,1,0
CHEMBL189584,0,1,0.0,1,1
CHEMBL189628,0,1,0.0,1,1
CHEMBL189636,0,2,0.0,1,2
CHEMBL189691,0,1,0.0,1,1
CHEMBL189736,1,1,1.0,1,0
CHEMBL189841,1,1,1.0,1,0
CHEMBL189851,0,1,0.0,1,1
CHEMBL189852,1,1,1.0,1,0
CHEMBL189862,1,1,1.0,1,0
CHEMBL189865,0,1,0.0,1,1
CHEMBL189878,0,2,0.0,1,2
CHEMBL189931,0,1,0.0,1,1
CHEMBL189936,1,1,1.0,1,0
CHEMBL189993,0,1,0.0,1,1
CHEMBL189995,0,1,0.0,1,1
CHEMBL190035,2,2,1.0,1,0
CHEMBL190067,0,1,0.0,1,1
CHEMBL190125,0,2,0.0,1,2
CHEMBL190132,0,1,0.0,1,1
CHEMBL190145,0,1,0.0,1,1
CHEMBL190161,0,1,0.0,1,1
CHEMBL190162,1,1,1.0,1,0
CHEMBL190180,1,1,1.0,1,0
CHEMBL190188,1,1,1.0,1,0
CHEMBL190210,0,1,0.0,1,1
CHEMBL190228,4,4,1.0,2,0
CHEMBL190250,1,1,1.0,1,0
CHEMBL190289,1,1,1.0,1,0
CHEMBL190291,1,1,1.0,1,0
CHEMBL190333,1,1,1.0,1,0
CHEMBL190351,0,1,0.0,1,1
CHEMBL190363,0,1,0.0,1,1
CHEMBL190380,0,1,0.0,1,1
CHEMBL190389,0,1,0.0,1,1
CHEMBL190405,0,1,0.0,1,1
CHEMBL190416,1,1,1.0,1,0
CHEMBL190443,0,1,0.0,1,1
CHEMBL190457,0,1,0.0,1,1
CHEMBL190516,1,1,1.0,1,0
CHEMBL190591,0,1,0.0,1,1
CHEMBL190597,1,1,1.0,1,0
CHEMBL190616,0,1,0.0,1,1
CHEMBL190742,1,1,1.0,1,0
CHEMBL1907670,0,4,0.0,1,4
CHEMBL1907671,0,4,0.0,1,4
CHEMBL190783,0,1,0.0,1,1
CHEMBL1907862,4,4,1.0,1,0
CHEMBL1907863,0,4,0.0,1,4
CHEMBL1908391,0,2,0.0,2,2
CHEMBL1908394,0,2,0.0,2,2
CHEMBL1908395,1,2,0.5,2,1
CHEMBL1908396,0,2,0.0,2,2
CHEMBL1908397,1,2,0.5,2,1
CHEMBL190859,0,1,0.0,1,1
CHEMBL190866,0,1,0.0,1,1
CHEMBL190880,0,1,0.0,1,1
CHEMBL190912,0,1,0.0,1,1
CHEMBL190924,1,1,1.0,1,0
CHEMBL190942,1,1,1.0,1,0
CHEMBL1909655,1,1,1.0,1,0
CHEMBL190974,1,1,1.0,1,0
CHEMBL190991,0,1,0.0,1,1
CHEMBL191003,0,1,0.0,1,1
CHEMBL1910190,0,2,0.0,2,2
CHEMBL1910191,0,2,0.0,2,2
CHEMBL1910192,1,2,0.5,2,1
CHEMBL1910193,1,2,0.5,2,1
CHEMBL1910194,0,2,0.0,2,2
CHEMBL1910195,1,2,0.5,2,1
CHEMBL1910196,0,2,0.0,2,2
CHEMBL1910197,1,2,0.5,2,1
CHEMBL1910198,1,2,0.5,2,1
CHEMBL1910199,0,2,0.0,2,2
CHEMBL1910200,0,2,0.0,2,2
CHEMBL1910201,1,1,1.0,1,0
CHEMBL191021,1,1,1.0,1,0
CHEMBL191023,0,1,0.0,1,1
CHEMBL1910377,1,1,1.0,1,0
CHEMBL191058,1,1,1.0,1,0
CHEMBL191070,0,1,0.0,1,1
CHEMBL191074,0,1,0.0,1,1
CHEMBL1910988,1,1,1.0,1,0
CHEMBL1910989,1,1,1.0,1,0
CHEMBL1910990,1,1,1.0,1,0
CHEMBL1910991,1,1,1.0,1,0
CHEMBL1910992,1,1,1.0,1,0
CHEMBL1910993,1,1,1.0,1,0
CHEMBL1910994,1,1,1.0,1,0
CHEMBL1910995,1,1,1.0,1,0
CHEMBL1910996,0,1,0.0,1,1
CHEMBL1910997,1,1,1.0,1,0
CHEMBL1910998,1,1,1.0,1,0
CHEMBL1910999,1,1,1.0,1,0
CHEMBL1911000,1,1,1.0,1,0
CHEMBL1911001,1,1,1.0,1,0
CHEMBL1911002,1,1,1.0,1,0
CHEMBL1911003,1,1,1.0,1,0
CHEMBL1911004,1,1,1.0,1,0
CHEMBL1911005,1,1,1.0,1,0
CHEMBL1911006,1,1,1.0,1,0
CHEMBL1911007,0,1,0.0,1,1
CHEMBL1911008,1,1,1.0,1,0
CHEMBL1911009,1,1,1.0,1,0
CHEMBL1911010,1,1,1.0,1,0
CHEMBL1911011,1,1,1.0,1,0
CHEMBL1911012,1,1,1.0,1,0
CHEMBL1911013,1,1,1.0,1,0
CHEMBL1911014,1,1,1.0,1,0
CHEMBL1911015,1,1,1.0,1,0
CHEMBL1911114,1,1,1.0,1,0
CHEMBL1911115,1,1,1.0,1,0
CHEMBL1911116,1,1,1.0,1,0
CHEMBL1911117,1,1,1.0,1,0
CHEMBL1911118,1,1,1.0,1,0
CHEMBL1911119,1,1,1.0,1,0
CHEMBL1911120,0,1,0.0,1,1
CHEMBL1911121,1,1,1.0,1,0
CHEMBL1911122,1,1,1.0,1,0
CHEMBL1911123,1,1,1.0,1,0
CHEMBL1911124,1,1,1.0,1,0
CHEMBL1911125,1,1,1.0,1,0
CHEMBL191172,0,1,0.0,1,1
CHEMBL191189,1,1,1.0,1,0
CHEMBL191201,1,1,1.0,1,0
CHEMBL191204,1,1,1.0,1,0
CHEMBL191228,0,1,0.0,1,1
CHEMBL191252,1,1,1.0,1,0
CHEMBL191265,0,1,0.0,1,1
CHEMBL191269,1,1,1.0,1,0
CHEMBL191308,1,1,1.0,1,0
CHEMBL191372,0,1,0.0,1,1
CHEMBL191376,1,1,1.0,1,0
CHEMBL191389,1,1,1.0,1,0
CHEMBL191465,1,1,1.0,1,0
CHEMBL191498,0,1,0.0,1,1
CHEMBL191536,0,1,0.0,1,1
CHEMBL191543,0,1,0.0,1,1
CHEMBL191581,1,1,1.0,1,0
CHEMBL1917196,0,1,0.0,1,1
CHEMBL1917198,0,1,0.0,1,1
CHEMBL191875,1,1,1.0,1,0
CHEMBL192209,0,2,0.0,1,2
CHEMBL192246,0,2,0.0,1,2
CHEMBL192256,1,1,1.0,1,0
CHEMBL1922871,0,1,0.0,1,1
CHEMBL1922873,0,1,0.0,1,1
CHEMBL1922879,0,1,0.0,1,1
CHEMBL1922880,0,1,0.0,1,1
CHEMBL1922885,0,1,0.0,1,1
CHEMBL1922888,0,1,0.0,1,1
CHEMBL192492,1,1,1.0,1,0
CHEMBL192496,1,1,1.0,1,0
CHEMBL192607,1,1,1.0,1,0
CHEMBL192668,0,1,0.0,1,1
CHEMBL1927562,0,1,0.0,1,1
CHEMBL1927579,0,1,0.0,1,1
CHEMBL1927581,0,1,0.0,1,1
CHEMBL1927583,0,1,0.0,1,1
CHEMBL1927588,0,1,0.0,1,1
CHEMBL1927590,0,1,0.0,1,1
CHEMBL1927592,0,1,0.0,1,1
CHEMBL1927596,0,1,0.0,1,1
CHEMBL1928284,0,1,0.0,1,1
CHEMBL1928285,0,2,0.0,1,2
CHEMBL1928286,2,2,1.0,1,0
CHEMBL1928428,0,1,0.0,1,1
CHEMBL1928429,0,1,0.0,1,1
CHEMBL1928430,0,1,0.0,1,1
CHEMBL1928431,0,1,0.0,1,1
CHEMBL1928432,1,3,0.3333333333333333,2,2
CHEMBL1928433,0,1,0.0,1,1
CHEMBL1928435,1,1,1.0,1,0
CHEMBL1928436,0,1,0.0,1,1
CHEMBL1928437,0,1,0.0,1,1
CHEMBL192848,1,1,1.0,1,0
CHEMBL192856,0,1,0.0,1,1
CHEMBL192889,1,1,1.0,1,0
CHEMBL192894,0,1,0.0,1,1
CHEMBL192986,0,1,0.0,1,1
CHEMBL193050,1,1,1.0,1,0
CHEMBL193062,0,2,0.0,1,2
CHEMBL193109,1,1,1.0,1,0
CHEMBL193110,1,1,1.0,1,0
CHEMBL193132,1,1,1.0,1,0
CHEMBL193163,1,1,1.0,1,0
CHEMBL193779,0,2,0.0,1,2
CHEMBL1938415,1,1,1.0,1,0
CHEMBL193948,0,1,0.0,1,1
CHEMBL1940244,1,1,1.0,1,0
CHEMBL1940245,1,1,1.0,1,0
CHEMBL1940246,1,1,1.0,1,0
CHEMBL1940247,1,1,1.0,1,0
CHEMBL1940248,1,1,1.0,1,0
CHEMBL1940249,1,1,1.0,1,0
CHEMBL1940250,1,1,1.0,1,0
CHEMBL1940251,1,1,1.0,1,0
CHEMBL1940252,0,1,0.0,1,1
CHEMBL1940253,0,1,0.0,1,1
CHEMBL1940428,1,1,1.0,1,0
CHEMBL1944663,0,3,0.0,2,3
CHEMBL194505,1,1,1.0,1,0
CHEMBL1946913,0,3,0.0,2,3
CHEMBL1946914,0,3,0.0,2,3
CHEMBL1946915,0,3,0.0,2,3
CHEMBL1946916,3,3,1.0,2,0
CHEMBL1946917,3,3,1.0,2,0
CHEMBL1946918,0,3,0.0,2,3
CHEMBL1947105,3,3,1.0,2,0
CHEMBL1947106,1,3,0.3333333333333333,2,2
CHEMBL1947107,1,3,0.3333333333333333,2,2
CHEMBL1947108,0,3,0.0,2,3
CHEMBL1947109,0,3,0.0,2,3
CHEMBL1947110,3,3,1.0,2,0
CHEMBL1947111,0,3,0.0,2,3
CHEMBL1947112,1,3,0.3333333333333333,2,2
CHEMBL1947113,0,3,0.0,2,3
CHEMBL1947114,0,3,0.0,2,3
CHEMBL1947115,0,3,0.0,2,3
CHEMBL1947116,0,3,0.0,2,3
CHEMBL1947117,0,3,0.0,2,3
CHEMBL194751,1,1,1.0,1,0
CHEMBL194800,1,3,0.3333333333333333,1,2
CHEMBL1950289,0,7,0.0,2,7
CHEMBL1951346,1,1,1.0,1,0
CHEMBL195167,2,2,1.0,1,0
CHEMBL196278,3,3,1.0,1,0
CHEMBL196311,1,1,1.0,1,0
CHEMBL196588,1,1,1.0,1,0
CHEMBL196676,1,3,0.3333333333333333,1,2
CHEMBL1971943,1,1,1.0,1,0
CHEMBL197666,1,1,1.0,1,0
CHEMBL197887,1,1,1.0,1,0
CHEMBL197888,1,1,1.0,1,0
CHEMBL197980,1,1,1.0,1,0
CHEMBL198233,1,1,1.0,1,0
CHEMBL198352,1,1,1.0,1,0
CHEMBL198409,1,3,0.3333333333333333,1,2
CHEMBL198491,1,1,1.0,1,0
CHEMBL1986389,0,1,0.0,1,1
CHEMBL198707,1,1,1.0,1,0
CHEMBL198814,1,1,1.0,1,0
CHEMBL198819,1,1,1.0,1,0
CHEMBL199108,1,1,1.0,1,0
CHEMBL199189,1,1,1.0,1,0
CHEMBL199319,1,1,1.0,1,0
CHEMBL199322,1,1,1.0,1,0
CHEMBL19948,0,1,0.0,1,1
CHEMBL1995377,1,1,1.0,1,0
CHEMBL199595,1,1,1.0,1,0
CHEMBL199699,1,1,1.0,1,0
CHEMBL1998165,1,1,1.0,1,0
CHEMBL199853,1,1,1.0,1,0
CHEMBL199936,1,1,1.0,1,0
CHEMBL199937,1,1,1.0,1,0
CHEMBL199986,1,1,1.0,1,0
CHEMBL199993,1,1,1.0,1,0
CHEMBL200017,1,1,1.0,1,0
CHEMBL200027,1,1,1.0,1,0
CHEMBL2000337,0,1,0.0,1,1
CHEMBL200040,1,1,1.0,1,0
CHEMBL200107,0,2,0.0,1,2
CHEMBL200120,1,1,1.0,1,0
CHEMBL200229,1,1,1.0,1,0
CHEMBL200262,3,8,0.375,1,5
CHEMBL200335,0,2,0.0,1,2
CHEMBL200820,1,1,1.0,1,0
CHEMBL2010872,1,1,1.0,1,0
CHEMBL2017707,1,1,1.0,1,0
CHEMBL2017708,1,1,1.0,1,0
CHEMBL2017709,0,1,0.0,1,1
CHEMBL2017710,1,1,1.0,1,0
CHEMBL2017711,1,1,1.0,1,0
CHEMBL2017712,1,1,1.0,1,0
CHEMBL2017713,1,1,1.0,1,0
CHEMBL2017714,1,1,1.0,1,0
CHEMBL2017715,1,1,1.0,1,0
CHEMBL2017716,1,1,1.0,1,0
CHEMBL2017717,1,1,1.0,1,0
CHEMBL2017718,1,1,1.0,1,0
CHEMBL2017719,1,1,1.0,1,0
CHEMBL2017720,1,1,1.0,1,0
CHEMBL2017721,1,1,1.0,1,0
CHEMBL2017722,1,1,1.0,1,0
CHEMBL2017723,1,1,1.0,1,0
CHEMBL2017724,1,1,1.0,1,0
CHEMBL2017725,1,1,1.0,1,0
CHEMBL2017726,1,1,1.0,1,0
CHEMBL2017727,1,1,1.0,1,0
CHEMBL2017728,1,1,1.0,1,0
CHEMBL2017729,1,1,1.0,1,0
CHEMBL2017730,1,1,1.0,1,0
CHEMBL2017731,1,1,1.0,1,0
CHEMBL2017732,1,1,1.0,1,0
CHEMBL2017733,1,1,1.0,1,0
CHEMBL2017734,1,1,1.0,1,0
CHEMBL2017735,1,1,1.0,1,0
CHEMBL2017736,1,1,1.0,1,0
CHEMBL2017737,1,1,1.0,1,0
CHEMBL2017738,0,1,0.0,1,1
CHEMBL2017739,0,1,0.0,1,1
CHEMBL2017870,1,1,1.0,1,0
CHEMBL2017871,1,1,1.0,1,0
CHEMBL2017974,3,3,1.0,3,0
CHEMBL2017976,2,2,1.0,2,0
CHEMBL2017977,2,2,1.0,2,0
CHEMBL2018263,0,1,0.0,1,1
CHEMBL2018265,0,1,0.0,1,1
CHEMBL2018266,0,1,0.0,1,1
CHEMBL2018271,0,1,0.0,1,1
CHEMBL2018409,0,1,0.0,1,1
CHEMBL2018413,0,1,0.0,1,1
CHEMBL2021322,4,4,1.0,4,0
CHEMBL202721,1,1,1.0,1,0
CHEMBL2028041,4,4,1.0,4,0
CHEMBL2028042,4,4,1.0,4,0
CHEMBL2028043,4,4,1.0,4,0
CHEMBL2028044,4,4,1.0,4,0
CHEMBL2028045,4,4,1.0,4,0
CHEMBL2028046,4,4,1.0,4,0
CHEMBL2028047,4,4,1.0,4,0
CHEMBL2028048,4,4,1.0,4,0
CHEMBL2028049,4,4,1.0,4,0
CHEMBL2028050,4,4,1.0,4,0
CHEMBL2028051,4,4,1.0,4,0
CHEMBL2028052,4,4,1.0,4,0
CHEMBL2028053,4,4,1.0,4,0
CHEMBL2028054,4,4,1.0,4,0
CHEMBL2028055,4,4,1.0,4,0
CHEMBL2028056,4,4,1.0,4,0
CHEMBL2028057,4,4,1.0,4,0
CHEMBL2028058,4,4,1.0,4,0
CHEMBL2028059,4,4,1.0,4,0
CHEMBL2028060,4,4,1.0,4,0
CHEMBL2028061,4,4,1.0,4,0
CHEMBL2028062,4,4,1.0,4,0
CHEMBL2028063,4,4,1.0,4,0
CHEMBL2028064,4,4,1.0,4,0
CHEMBL2028066,4,4,1.0,4,0
CHEMBL2028067,4,4,1.0,4,0
CHEMBL2028068,4,4,1.0,4,0
CHEMBL202878,0,2,0.0,1,2
CHEMBL2029614,0,4,0.0,3,4
CHEMBL2029615,0,4,0.0,3,4
CHEMBL2029616,0,4,0.0,3,4
CHEMBL2029617,0,4,0.0,3,4
CHEMBL2029618,0,4,0.0,3,4
CHEMBL2029619,3,4,0.75,3,1
CHEMBL2029620,0,4,0.0,3,4
CHEMBL2029621,0,4,0.0,3,4
CHEMBL2029622,0,4,0.0,3,4
CHEMBL2029623,0,4,0.0,3,4
CHEMBL2030554,1,1,1.0,1,0
CHEMBL2030560,1,1,1.0,1,0
CHEMBL2030561,1,1,1.0,1,0
CHEMBL203210,1,1,1.0,1,0
CHEMBL2035187,0,1,0.0,1,1
CHEMBL2037208,0,11,0.0,11,11
CHEMBL2037209,1,11,0.09090909090909091,11,10
CHEMBL2037211,1,9,0.1111111111111111,9,8
CHEMBL2037220,1,10,0.1,10,9
CHEMBL2037224,1,11,0.09090909090909091,11,10
CHEMBL2037226,0,11,0.0,11,11
CHEMBL2041749,0,4,0.0,3,4
CHEMBL2041912,0,4,0.0,3,4
CHEMBL2041914,3,4,0.75,3,1
CHEMBL2041915,2,4,0.5,3,2
CHEMBL2041916,2,4,0.5,3,2
CHEMBL2041917,4,4,1.0,3,0
CHEMBL2041918,3,4,0.75,3,1
CHEMBL2041919,3,4,0.75,3,1
CHEMBL2042164,1,1,1.0,1,0
CHEMBL2043204,0,4,0.0,1,4
CHEMBL2046607,0,2,0.0,1,2
CHEMBL204943,1,1,1.0,1,0
CHEMBL205141,1,1,1.0,1,0
CHEMBL205377,1,1,1.0,1,0
CHEMBL205424,1,1,1.0,1,0
CHEMBL2057725,2,2,1.0,1,0
CHEMBL2057726,1,1,1.0,1,0
CHEMBL2057727,1,1,1.0,1,0
CHEMBL2057728,1,1,1.0,1,0
CHEMBL2057729,1,1,1.0,1,0
CHEMBL2057730,1,1,1.0,1,0
CHEMBL2057731,1,1,1.0,1,0
CHEMBL2057732,1,1,1.0,1,0
CHEMBL2057733,1,1,1.0,1,0
CHEMBL2057734,1,1,1.0,1,0
CHEMBL2057735,1,1,1.0,1,0
CHEMBL2057736,1,1,1.0,1,0
CHEMBL2057915,1,1,1.0,1,0
CHEMBL2059159,0,1,0.0,1,1
CHEMBL2059160,0,1,0.0,1,1
CHEMBL2059161,0,1,0.0,1,1
CHEMBL2059162,1,1,1.0,1,0
CHEMBL2059163,1,1,1.0,1,0
CHEMBL2059164,1,1,1.0,1,0
CHEMBL2059165,1,1,1.0,1,0
CHEMBL2059166,1,1,1.0,1,0
CHEMBL2059167,1,1,1.0,1,0
CHEMBL2059168,1,1,1.0,1,0
CHEMBL2059169,1,1,1.0,1,0
CHEMBL2059170,1,1,1.0,1,0
CHEMBL2059171,1,1,1.0,1,0
CHEMBL2059172,1,1,1.0,1,0
CHEMBL2059173,1,1,1.0,1,0
CHEMBL2059174,1,1,1.0,1,0
CHEMBL2059175,1,1,1.0,1,0
CHEMBL2059176,1,1,1.0,1,0
CHEMBL2059177,1,1,1.0,1,0
CHEMBL2059178,1,1,1.0,1,0
CHEMBL2059179,1,1,1.0,1,0
CHEMBL2059352,1,1,1.0,1,0
CHEMBL2059353,1,1,1.0,1,0
CHEMBL2059354,1,1,1.0,1,0
CHEMBL2059355,1,1,1.0,1,0
CHEMBL2059356,1,1,1.0,1,0
CHEMBL2059357,1,1,1.0,1,0
CHEMBL2059358,1,1,1.0,1,0
CHEMBL2059359,1,1,1.0,1,0
CHEMBL2059360,1,1,1.0,1,0
CHEMBL2059361,1,1,1.0,1,0
CHEMBL2059362,1,1,1.0,1,0
CHEMBL2059363,1,1,1.0,1,0
CHEMBL2059364,1,1,1.0,1,0
CHEMBL2059365,1,1,1.0,1,0
CHEMBL206540,4,4,1.0,4,0
CHEMBL206889,1,1,1.0,1,0
CHEMBL2070411,0,1,0.0,1,1
CHEMBL2070412,0,1,0.0,1,1
CHEMBL2070413,0,1,0.0,1,1
CHEMBL2070414,0,1,0.0,1,1
CHEMBL2070416,0,1,0.0,1,1
CHEMBL2070418,0,1,0.0,1,1
CHEMBL2070419,0,1,0.0,1,1
CHEMBL2070423,0,1,0.0,1,1
CHEMBL2070424,0,1,0.0,1,1
CHEMBL2070426,0,1,0.0,1,1
CHEMBL2070430,0,1,0.0,1,1
CHEMBL2070432,0,1,0.0,1,1
CHEMBL2070433,0,1,0.0,1,1
CHEMBL2071336,0,1,0.0,1,1
CHEMBL207256,1,1,1.0,1,0
CHEMBL207366,1,1,1.0,1,0
CHEMBL207476,2,2,1.0,1,0
CHEMBL207644,1,1,1.0,1,0
CHEMBL2078876,2,3,0.6666666666666666,3,1
CHEMBL2078877,1,2,0.5,2,1
CHEMBL207905,1,1,1.0,1,0
CHEMBL207971,2,2,1.0,1,0
CHEMBL208033,1,1,1.0,1,0
CHEMBL208161,1,1,1.0,1,0
CHEMBL208179,1,1,1.0,1,0
CHEMBL208187,1,1,1.0,1,0
CHEMBL208365,1,1,1.0,1,0
CHEMBL208395,1,1,1.0,1,0
CHEMBL208430,1,1,1.0,1,0
CHEMBL208434,1,1,1.0,1,0
CHEMBL2087647,1,1,1.0,1,0
CHEMBL2087648,1,1,1.0,1,0
CHEMBL2087649,1,1,1.0,1,0
CHEMBL2087650,1,1,1.0,1,0
CHEMBL2087651,1,1,1.0,1,0
CHEMBL2087652,1,1,1.0,1,0
CHEMBL2087653,1,1,1.0,1,0
CHEMBL2087654,1,1,1.0,1,0
CHEMBL2087655,1,1,1.0,1,0
CHEMBL2087656,1,1,1.0,1,0
CHEMBL2087657,1,1,1.0,1,0
CHEMBL2087658,1,1,1.0,1,0
CHEMBL2087659,1,1,1.0,1,0
CHEMBL2087660,1,1,1.0,1,0
CHEMBL2087661,1,1,1.0,1,0
CHEMBL2087662,1,1,1.0,1,0
CHEMBL2087663,0,1,0.0,1,1
CHEMBL2087664,1,1,1.0,1,0
CHEMBL2087665,1,1,1.0,1,0
CHEMBL2087666,1,1,1.0,1,0
CHEMBL2087667,1,1,1.0,1,0
CHEMBL2087668,1,1,1.0,1,0
CHEMBL2087670,1,1,1.0,1,0
CHEMBL2087671,1,1,1.0,1,0
CHEMBL2087871,1,1,1.0,1,0
CHEMBL2087872,1,1,1.0,1,0
CHEMBL2087873,1,1,1.0,1,0
CHEMBL2087874,1,1,1.0,1,0
CHEMBL2087875,1,1,1.0,1,0
CHEMBL2087876,0,1,0.0,1,1
CHEMBL2087877,0,1,0.0,1,1
CHEMBL2087878,0,1,0.0,1,1
CHEMBL2087879,1,1,1.0,1,0
CHEMBL2087880,1,1,1.0,1,0
CHEMBL2087881,1,1,1.0,1,0
CHEMBL2087882,1,1,1.0,1,0
CHEMBL2087883,1,1,1.0,1,0
CHEMBL2087884,0,1,0.0,1,1
CHEMBL2088575,2,2,1.0,2,0
CHEMBL2088576,2,2,1.0,2,0
CHEMBL2088577,2,2,1.0,2,0
CHEMBL2088578,2,2,1.0,2,0
CHEMBL2088579,2,2,1.0,2,0
CHEMBL2088580,2,2,1.0,2,0
CHEMBL2088581,1,2,0.5,2,1
CHEMBL2088582,2,2,1.0,2,0
CHEMBL2088583,2,2,1.0,2,0
CHEMBL2088584,2,2,1.0,2,0
CHEMBL2088585,2,2,1.0,2,0
CHEMBL2088586,2,2,1.0,2,0
CHEMBL2088587,2,2,1.0,2,0
CHEMBL2088588,2,2,1.0,2,0
CHEMBL2088589,2,2,1.0,2,0
CHEMBL2088590,2,2,1.0,2,0
CHEMBL2088591,2,2,1.0,2,0
CHEMBL2088658,0,1,0.0,1,1
CHEMBL2088659,0,1,0.0,1,1
CHEMBL2088660,0,1,0.0,1,1
CHEMBL2088661,0,1,0.0,1,1
CHEMBL2088662,0,1,0.0,1,1
CHEMBL2088663,0,1,0.0,1,1
CHEMBL2088664,0,1,0.0,1,1
CHEMBL2088665,0,1,0.0,1,1
CHEMBL2088666,0,1,0.0,1,1
CHEMBL2088667,0,1,0.0,1,1
CHEMBL2088668,0,1,0.0,1,1
CHEMBL2088669,0,1,0.0,1,1
CHEMBL2088670,0,1,0.0,1,1
CHEMBL2088671,0,1,0.0,1,1
CHEMBL2088672,0,1,0.0,1,1
CHEMBL2088673,0,1,0.0,1,1
CHEMBL2088674,0,1,0.0,1,1
CHEMBL2088675,0,1,0.0,1,1
CHEMBL2088676,0,1,0.0,1,1
CHEMBL2088677,0,1,0.0,1,1
CHEMBL2089032,0,1,0.0,1,1
CHEMBL2089036,0,1,0.0,1,1
CHEMBL2089057,1,1,1.0,1,0
CHEMBL2089063,1,1,1.0,1,0
CHEMBL2089064,1,1,1.0,1,0
CHEMBL2089065,1,1,1.0,1,0
CHEMBL209149,0,1,0.0,1,1
CHEMBL209308,1,1,1.0,1,0
CHEMBL2093989,1,1,1.0,1,0
CHEMBL2093990,1,1,1.0,1,0
CHEMBL2093991,1,1,1.0,1,0
CHEMBL2096883,1,1,1.0,1,0
CHEMBL2096884,1,1,1.0,1,0
CHEMBL209699,0,1,0.0,1,1
CHEMBL2107823,0,1,0.0,1,1
CHEMBL2111285,0,5,0.0,3,5
CHEMBL2111784,1,1,1.0,1,0
CHEMBL2114423,0,2,0.0,1,2
CHEMBL21156,1,1,1.0,1,0
CHEMBL211705,0,1,0.0,1,1
CHEMBL211756,0,1,0.0,1,1
CHEMBL212045,0,1,0.0,1,1
CHEMBL212924,0,1,0.0,1,1
CHEMBL213351,0,1,0.0,1,1
CHEMBL213454,0,3,0.0,3,3
CHEMBL213905,0,1,0.0,1,1
CHEMBL214028,1,1,1.0,1,0
CHEMBL2144409,1,1,1.0,1,0
CHEMBL214949,0,1,0.0,1,1
CHEMBL2151190,1,1,1.0,1,0
CHEMBL2151192,0,1,0.0,1,1
CHEMBL2151193,0,1,0.0,1,1
CHEMBL215152,0,4,0.0,4,4
CHEMBL2153261,0,1,0.0,1,1
CHEMBL2153263,0,1,0.0,1,1
CHEMBL2153264,0,2,0.0,2,2
CHEMBL2153265,0,1,0.0,1,1
CHEMBL2153266,0,1,0.0,1,1
CHEMBL2153267,0,1,0.0,1,1
CHEMBL2153411,0,3,0.0,2,3
CHEMBL2153412,0,3,0.0,2,3
CHEMBL2153515,0,3,0.0,2,3
CHEMBL2153516,0,3,0.0,2,3
CHEMBL2153517,0,3,0.0,2,3
CHEMBL2153518,0,3,0.0,2,3
CHEMBL2153519,0,3,0.0,2,3
CHEMBL2153520,0,3,0.0,2,3
CHEMBL2153521,0,3,0.0,2,3
CHEMBL2153522,0,3,0.0,2,3
CHEMBL2153523,0,3,0.0,2,3
CHEMBL2153524,0,3,0.0,2,3
CHEMBL2153525,0,3,0.0,2,3
CHEMBL2153526,0,3,0.0,2,3
CHEMBL2153527,0,3,0.0,2,3
CHEMBL2153528,0,3,0.0,2,3
CHEMBL2153529,1,3,0.3333333333333333,2,2
CHEMBL2153530,0,3,0.0,2,3
CHEMBL2153531,0,3,0.0,2,3
CHEMBL2153532,0,3,0.0,2,3
CHEMBL2153533,0,3,0.0,2,3
CHEMBL2153534,0,3,0.0,2,3
CHEMBL2153535,0,3,0.0,2,3
CHEMBL2153536,0,3,0.0,2,3
CHEMBL2153537,0,3,0.0,2,3
CHEMBL2153538,0,3,0.0,2,3
CHEMBL2153539,0,3,0.0,2,3
CHEMBL2153540,0,3,0.0,2,3
CHEMBL2153541,0,3,0.0,2,3
CHEMBL2153542,0,3,0.0,2,3
CHEMBL2153543,0,3,0.0,2,3
CHEMBL2153544,0,3,0.0,2,3
CHEMBL2153545,0,3,0.0,2,3
CHEMBL2153546,0,3,0.0,2,3
CHEMBL2153547,0,3,0.0,2,3
CHEMBL2153548,0,3,0.0,2,3
CHEMBL2153549,0,3,0.0,2,3
CHEMBL2153550,0,3,0.0,2,3
CHEMBL215630,1,1,1.0,1,0
CHEMBL215919,0,2,0.0,1,2
CHEMBL2164269,1,1,1.0,1,0
CHEMBL2164280,0,1,0.0,1,1
CHEMBL216528,1,1,1.0,1,0
CHEMBL216543,3,3,1.0,2,0
CHEMBL216646,0,1,0.0,1,1
CHEMBL216997,0,2,0.0,2,2
CHEMBL216998,0,2,0.0,2,2
CHEMBL2170739,0,1,0.0,1,1
CHEMBL2171512,0,1,0.0,1,1
CHEMBL2171513,1,1,1.0,1,0
CHEMBL2171514,1,1,1.0,1,0
CHEMBL2171515,1,1,1.0,1,0
CHEMBL2171516,1,1,1.0,1,0
CHEMBL2171517,1,1,1.0,1,0
CHEMBL2171518,1,1,1.0,1,0
CHEMBL217195,1,1,1.0,1,0
CHEMBL217600,0,24,0.0,1,24
CHEMBL2177155,1,1,1.0,1,0
CHEMBL2177157,1,1,1.0,1,0
CHEMBL2177159,1,1,1.0,1,0
CHEMBL2177161,1,1,1.0,1,0
CHEMBL2177163,1,1,1.0,1,0
CHEMBL2177165,1,1,1.0,1,0
CHEMBL2177166,1,1,1.0,1,0
CHEMBL2177167,1,1,1.0,1,0
CHEMBL2178479,0,1,0.0,1,1
CHEMBL2178506,0,1,0.0,1,1
CHEMBL2179034,0,1,0.0,1,1
CHEMBL2179036,0,1,0.0,1,1
CHEMBL2179037,0,1,0.0,1,1
CHEMBL2179038,0,1,0.0,1,1
CHEMBL2179039,0,1,0.0,1,1
CHEMBL2179040,0,1,0.0,1,1
CHEMBL2179041,0,1,0.0,1,1
CHEMBL2179042,0,1,0.0,1,1
CHEMBL2179044,0,1,0.0,1,1
CHEMBL2179045,0,1,0.0,1,1
CHEMBL2179046,0,1,0.0,1,1
CHEMBL2179047,0,1,0.0,1,1
CHEMBL2179048,0,1,0.0,1,1
CHEMBL2180843,2,2,1.0,1,0
CHEMBL2180844,2,2,1.0,1,0
CHEMBL2180845,0,2,0.0,1,2
CHEMBL2180846,2,2,1.0,1,0
CHEMBL2180847,2,2,1.0,1,0
CHEMBL2180848,0,2,0.0,1,2
CHEMBL2180849,2,2,1.0,1,0
CHEMBL2180850,2,2,1.0,1,0
CHEMBL2180851,0,2,0.0,1,2
CHEMBL2180852,2,2,1.0,1,0
CHEMBL2180853,2,2,1.0,1,0
CHEMBL2180854,2,2,1.0,1,0
CHEMBL2180855,2,2,1.0,1,0
CHEMBL2180856,2,2,1.0,1,0
CHEMBL2180857,0,2,0.0,1,2
CHEMBL2180858,0,2,0.0,1,2
CHEMBL2180859,2,2,1.0,1,0
CHEMBL2180860,0,2,0.0,1,2
CHEMBL2180861,0,2,0.0,1,2
CHEMBL2180862,4,4,1.0,1,0
CHEMBL2180863,2,2,1.0,1,0
CHEMBL2180864,2,2,1.0,1,0
CHEMBL2180865,2,2,1.0,1,0
CHEMBL2180866,2,2,1.0,1,0
CHEMBL2180867,2,2,1.0,1,0
CHEMBL2180868,2,2,1.0,1,0
CHEMBL2180869,2,2,1.0,1,0
CHEMBL2180870,2,2,1.0,1,0
CHEMBL2181111,1,1,1.0,1,0
CHEMBL2182002,1,1,1.0,1,0
CHEMBL218330,0,1,0.0,1,1
CHEMBL218532,1,1,1.0,1,0
CHEMBL218791,1,1,1.0,1,0
CHEMBL219299,1,2,0.5,2,1
CHEMBL219367,0,2,0.0,2,2
CHEMBL219458,0,2,0.0,2,2
CHEMBL219485,1,1,1.0,1,0
CHEMBL219510,0,2,0.0,2,2
CHEMBL219568,0,1,0.0,1,1
CHEMBL219804,1,1,1.0,1,0
CHEMBL219905,0,2,0.0,2,2
CHEMBL219960,1,2,0.5,2,1
CHEMBL220227,1,1,1.0,1,0
CHEMBL2203302,1,1,1.0,1,0
CHEMBL220459,0,2,0.0,2,2
CHEMBL2204777,1,1,1.0,1,0
CHEMBL2204778,1,1,1.0,1,0
CHEMBL2204779,0,1,0.0,1,1
CHEMBL2204780,0,1,0.0,1,1
CHEMBL2204782,0,1,0.0,1,1
CHEMBL2204784,0,1,0.0,1,1
CHEMBL2204785,1,1,1.0,1,0
CHEMBL2204786,1,1,1.0,1,0
CHEMBL2204788,1,1,1.0,1,0
CHEMBL2204790,1,1,1.0,1,0
CHEMBL2204791,1,1,1.0,1,0
CHEMBL2204792,0,1,0.0,1,1
CHEMBL2204793,1,1,1.0,1,0
CHEMBL2204794,1,1,1.0,1,0
CHEMBL220519,0,1,0.0,1,1
CHEMBL220598,1,1,1.0,1,0
CHEMBL2206139,1,1,1.0,1,0
CHEMBL2206140,1,1,1.0,1,0
CHEMBL2206141,1,1,1.0,1,0
CHEMBL2206142,1,1,1.0,1,0
CHEMBL2206143,0,1,0.0,1,1
CHEMBL2206144,1,1,1.0,1,0
CHEMBL2206151,1,1,1.0,1,0
CHEMBL2206153,0,1,0.0,1,1
CHEMBL2206154,1,1,1.0,1,0
CHEMBL2206155,1,1,1.0,1,0
CHEMBL2206156,1,1,1.0,1,0
CHEMBL2206157,1,1,1.0,1,0
CHEMBL2206158,1,1,1.0,1,0
CHEMBL2206159,1,1,1.0,1,0
CHEMBL2206160,1,1,1.0,1,0
CHEMBL2206161,1,1,1.0,1,0
CHEMBL2206162,1,1,1.0,1,0
CHEMBL2206164,1,1,1.0,1,0
CHEMBL2206165,1,1,1.0,1,0
CHEMBL2206166,0,1,0.0,1,1
CHEMBL2206167,0,1,0.0,1,1
CHEMBL2206168,0,1,0.0,1,1
CHEMBL2206171,1,1,1.0,1,0
CHEMBL2206173,1,1,1.0,1,0
CHEMBL2206174,1,1,1.0,1,0
CHEMBL2206175,1,1,1.0,1,0
CHEMBL2206176,1,1,1.0,1,0
CHEMBL2206177,1,1,1.0,1,0
CHEMBL2206180,1,1,1.0,1,0
CHEMBL2206181,1,1,1.0,1,0
CHEMBL2206183,1,1,1.0,1,0
CHEMBL2206701,1,1,1.0,1,0
CHEMBL2206702,1,1,1.0,1,0
CHEMBL2206703,1,1,1.0,1,0
CHEMBL2206705,1,1,1.0,1,0
CHEMBL2206706,1,1,1.0,1,0
CHEMBL2206708,1,1,1.0,1,0
CHEMBL2206709,1,1,1.0,1,0
CHEMBL2206710,1,1,1.0,1,0
CHEMBL2206712,1,1,1.0,1,0
CHEMBL2206713,1,1,1.0,1,0
CHEMBL2206714,1,1,1.0,1,0
CHEMBL2206715,1,1,1.0,1,0
CHEMBL2206716,1,1,1.0,1,0
CHEMBL2206718,1,1,1.0,1,0
CHEMBL2206719,1,1,1.0,1,0
CHEMBL2206720,1,1,1.0,1,0
CHEMBL2206721,1,1,1.0,1,0
CHEMBL2206722,1,1,1.0,1,0
CHEMBL2206723,1,1,1.0,1,0
CHEMBL2206724,1,1,1.0,1,0
CHEMBL2206725,1,1,1.0,1,0
CHEMBL2206726,1,1,1.0,1,0
CHEMBL2207187,0,1,0.0,1,1
CHEMBL2207192,1,1,1.0,1,0
CHEMBL2207193,1,1,1.0,1,0
CHEMBL2207194,1,1,1.0,1,0
CHEMBL2207196,1,1,1.0,1,0
CHEMBL2207197,1,1,1.0,1,0
CHEMBL2207198,1,1,1.0,1,0
CHEMBL2207199,1,1,1.0,1,0
CHEMBL2207200,1,1,1.0,1,0
CHEMBL2207201,1,1,1.0,1,0
CHEMBL2207202,0,1,0.0,1,1
CHEMBL2207204,1,1,1.0,1,0
CHEMBL2207205,1,1,1.0,1,0
CHEMBL2207206,1,1,1.0,1,0
CHEMBL2207208,1,1,1.0,1,0
CHEMBL2207209,1,1,1.0,1,0
CHEMBL2207210,1,1,1.0,1,0
CHEMBL2207211,1,1,1.0,1,0
CHEMBL2207212,1,1,1.0,1,0
CHEMBL2207213,1,1,1.0,1,0
CHEMBL2207214,1,1,1.0,1,0
CHEMBL2207215,0,1,0.0,1,1
CHEMBL2207216,0,1,0.0,1,1
CHEMBL2207426,0,1,0.0,1,1
CHEMBL2207427,1,1,1.0,1,0
CHEMBL2207428,0,1,0.0,1,1
CHEMBL2207429,1,1,1.0,1,0
CHEMBL2207430,1,1,1.0,1,0
CHEMBL2207432,1,1,1.0,1,0
CHEMBL2207433,1,1,1.0,1,0
CHEMBL2207435,0,1,0.0,1,1
CHEMBL2207436,0,1,0.0,1,1
CHEMBL2207437,0,1,0.0,1,1
CHEMBL2207438,1,1,1.0,1,0
CHEMBL2207439,1,1,1.0,1,0
CHEMBL2207440,1,1,1.0,1,0
CHEMBL2207441,1,1,1.0,1,0
CHEMBL2207823,1,1,1.0,1,0
CHEMBL220940,0,2,0.0,1,2
CHEMBL221194,1,1,1.0,1,0
CHEMBL221432,0,1,0.0,1,1
CHEMBL221577,1,1,1.0,1,0
CHEMBL221583,1,1,1.0,1,0
CHEMBL221584,1,1,1.0,1,0
CHEMBL221635,1,1,1.0,1,0
CHEMBL221636,1,1,1.0,1,0
CHEMBL2216823,1,2,0.5,1,1
CHEMBL2216855,1,1,1.0,1,0
CHEMBL2216870,0,1,0.0,1,1
CHEMBL221689,1,1,1.0,1,0
CHEMBL2216895,1,1,1.0,1,0
CHEMBL221741,0,1,0.0,1,1
CHEMBL221758,1,1,1.0,1,0
CHEMBL2218927,0,1,0.0,1,1
CHEMBL221894,0,1,0.0,1,1
CHEMBL221959,7,16,0.4375,7,9
CHEMBL221982,0,1,0.0,1,1
CHEMBL222158,1,1,1.0,1,0
CHEMBL222185,0,1,0.0,1,1
CHEMBL222280,0,1,0.0,1,1
CHEMBL222483,0,1,0.0,1,1
CHEMBL222970,0,1,0.0,1,1
CHEMBL223070,1,1,1.0,1,0
CHEMBL223071,1,1,1.0,1,0
CHEMBL223360,0,3,0.0,3,3
CHEMBL223779,0,1,0.0,1,1
CHEMBL223867,0,5,0.0,1,5
CHEMBL224513,1,1,1.0,1,0
CHEMBL224656,0,1,0.0,1,1
CHEMBL224769,1,1,1.0,1,0
CHEMBL22539,0,2,0.0,2,2
CHEMBL225676,0,2,0.0,1,2
CHEMBL225730,0,2,0.0,1,2
CHEMBL225731,0,2,0.0,1,2
CHEMBL225785,0,2,0.0,1,2
CHEMBL225819,0,2,0.0,1,2
CHEMBL225838,0,2,0.0,1,2
CHEMBL225839,0,2,0.0,1,2
CHEMBL225840,0,2,0.0,1,2
CHEMBL225895,0,2,0.0,1,2
CHEMBL22618,1,1,1.0,1,0
CHEMBL2263376,0,2,0.0,1,2
CHEMBL2263377,0,2,0.0,1,2
CHEMBL2263378,0,2,0.0,1,2
CHEMBL2263379,0,2,0.0,1,2
CHEMBL2263380,0,2,0.0,1,2
CHEMBL2263381,0,2,0.0,1,2
CHEMBL2263382,0,3,0.0,1,3
CHEMBL22712,1,1,1.0,1,0
CHEMBL227370,2,2,1.0,1,0
CHEMBL227421,1,1,1.0,1,0
CHEMBL228043,0,3,0.0,2,3
CHEMBL22818,1,1,1.0,1,0
CHEMBL2289487,0,1,0.0,1,1
CHEMBL2289488,0,1,0.0,1,1
CHEMBL2289490,0,1,0.0,1,1
CHEMBL229046,1,1,1.0,1,0
CHEMBL229097,1,1,1.0,1,0
CHEMBL229098,1,1,1.0,1,0
CHEMBL2295936,1,3,0.3333333333333333,2,2
CHEMBL2295937,1,3,0.3333333333333333,2,2
CHEMBL2295938,1,3,0.3333333333333333,2,2
CHEMBL2295939,1,3,0.3333333333333333,2,2
CHEMBL2295940,1,3,0.3333333333333333,2,2
CHEMBL2295941,1,3,0.3333333333333333,2,2
CHEMBL2295942,1,3,0.3333333333333333,2,2
CHEMBL2295943,1,3,0.3333333333333333,2,2
CHEMBL2295944,1,3,0.3333333333333333,2,2
CHEMBL2295945,1,3,0.3333333333333333,2,2
CHEMBL2295946,1,3,0.3333333333333333,2,2
CHEMBL2295947,1,3,0.3333333333333333,2,2
CHEMBL2295948,0,3,0.0,2,3
CHEMBL2295949,0,3,0.0,2,3
CHEMBL2295950,0,3,0.0,2,3
CHEMBL2295951,1,3,0.3333333333333333,2,2
CHEMBL2295952,1,3,0.3333333333333333,2,2
CHEMBL2295953,0,3,0.0,2,3
CHEMBL2295954,1,3,0.3333333333333333,2,2
CHEMBL2295955,0,3,0.0,2,3
CHEMBL2295956,0,3,0.0,2,3
CHEMBL2295957,1,3,0.3333333333333333,2,2
CHEMBL2295958,1,3,0.3333333333333333,2,2
CHEMBL2295959,1,3,0.3333333333333333,2,2
CHEMBL2295960,1,3,0.3333333333333333,2,2
CHEMBL22978,1,5,0.2,5,4
CHEMBL230011,0,2,0.0,2,2
CHEMBL230048,3,3,1.0,2,0
CHEMBL230806,0,2,0.0,2,2
CHEMBL231095,1,1,1.0,1,0
CHEMBL231141,2,3,0.6666666666666666,2,1
CHEMBL2311568,0,2,0.0,1,2
CHEMBL2312559,1,1,1.0,1,0
CHEMBL2312560,1,1,1.0,1,0
CHEMBL2313821,0,4,0.0,2,4
CHEMBL2313844,0,4,0.0,2,4
CHEMBL2313850,0,4,0.0,2,4
CHEMBL2313853,1,5,0.2,3,4
CHEMBL2313884,1,3,0.3333333333333333,2,2
CHEMBL2313885,0,3,0.0,2,3
CHEMBL2313886,0,3,0.0,2,3
CHEMBL2313887,0,3,0.0,2,3
CHEMBL2313888,0,3,0.0,2,3
CHEMBL2313889,0,3,0.0,2,3
CHEMBL2313890,0,3,0.0,2,3
CHEMBL2313891,0,3,0.0,2,3
CHEMBL2313892,0,3,0.0,2,3
CHEMBL2313893,0,3,0.0,2,3
CHEMBL2313894,0,3,0.0,2,3
CHEMBL2313895,0,3,0.0,2,3
CHEMBL2313896,0,3,0.0,2,3
CHEMBL2313897,0,3,0.0,2,3
CHEMBL2313898,0,3,0.0,2,3
CHEMBL2313899,0,3,0.0,2,3
CHEMBL2313900,0,3,0.0,2,3
CHEMBL2313901,0,3,0.0,2,3
CHEMBL2313902,0,3,0.0,2,3
CHEMBL2313903,0,3,0.0,2,3
CHEMBL2313904,0,3,0.0,2,3
CHEMBL2313905,0,3,0.0,2,3
CHEMBL2313906,0,3,0.0,2,3
CHEMBL2313907,0,3,0.0,2,3
CHEMBL2313908,1,3,0.3333333333333333,2,2
CHEMBL2313909,0,3,0.0,2,3
CHEMBL2313910,0,3,0.0,2,3
CHEMBL2313911,0,3,0.0,2,3
CHEMBL2313912,1,3,0.3333333333333333,2,2
CHEMBL2313913,0,3,0.0,2,3
CHEMBL2313914,0,3,0.0,2,3
CHEMBL2313915,0,3,0.0,2,3
CHEMBL2313916,0,3,0.0,2,3
CHEMBL2313917,1,3,0.3333333333333333,2,2
CHEMBL2313918,0,3,0.0,2,3
CHEMBL2313919,0,3,0.0,2,3
CHEMBL2313920,0,3,0.0,2,3
CHEMBL2313921,0,3,0.0,2,3
CHEMBL2313922,0,3,0.0,2,3
CHEMBL2313923,1,3,0.3333333333333333,2,2
CHEMBL2313924,1,3,0.3333333333333333,2,2
CHEMBL2313925,1,3,0.3333333333333333,2,2
CHEMBL2313926,0,3,0.0,2,3
CHEMBL2313927,0,3,0.0,2,3
CHEMBL2314101,0,4,0.0,2,4
CHEMBL2314102,0,4,0.0,2,4
CHEMBL2314163,0,3,0.0,2,3
CHEMBL2314164,0,3,0.0,2,3
CHEMBL2314165,0,3,0.0,2,3
CHEMBL2314166,0,3,0.0,2,3
CHEMBL2314167,1,3,0.3333333333333333,2,2
CHEMBL2314168,0,3,0.0,2,3
CHEMBL2314169,0,3,0.0,2,3
CHEMBL2314170,0,3,0.0,2,3
CHEMBL2314433,0,2,0.0,1,2
CHEMBL2314434,0,2,0.0,1,2
CHEMBL2314435,0,2,0.0,1,2
CHEMBL2314436,0,2,0.0,1,2
CHEMBL2314437,0,2,0.0,1,2
CHEMBL2314438,0,2,0.0,1,2
CHEMBL2314439,0,2,0.0,1,2
CHEMBL2314440,0,2,0.0,1,2
CHEMBL2314441,0,2,0.0,1,2
CHEMBL2314442,0,2,0.0,1,2
CHEMBL2314443,0,2,0.0,1,2
CHEMBL2314444,0,2,0.0,1,2
CHEMBL2314445,0,2,0.0,1,2
CHEMBL2314446,0,2,0.0,1,2
CHEMBL2314447,0,2,0.0,1,2
CHEMBL2314448,0,2,0.0,1,2
CHEMBL2314449,0,2,0.0,1,2
CHEMBL2314450,0,2,0.0,1,2
CHEMBL2314451,0,2,0.0,1,2
CHEMBL2314452,0,2,0.0,1,2
CHEMBL2314453,0,2,0.0,1,2
CHEMBL2314454,0,2,0.0,1,2
CHEMBL2314455,0,2,0.0,1,2
CHEMBL2314456,0,2,0.0,1,2
CHEMBL2314457,0,2,0.0,1,2
CHEMBL2314458,0,2,0.0,1,2
CHEMBL2314459,0,2,0.0,1,2
CHEMBL2314460,0,2,0.0,1,2
CHEMBL2314461,0,2,0.0,1,2
CHEMBL2314462,0,2,0.0,1,2
CHEMBL2314463,0,2,0.0,1,2
CHEMBL2314464,0,2,0.0,1,2
CHEMBL2314465,0,2,0.0,1,2
CHEMBL2314466,0,2,0.0,1,2
CHEMBL2314467,0,2,0.0,1,2
CHEMBL2314468,0,2,0.0,1,2
CHEMBL2314469,0,2,0.0,1,2
CHEMBL2314470,0,2,0.0,1,2
CHEMBL2314471,0,2,0.0,1,2
CHEMBL2314472,0,2,0.0,1,2
CHEMBL2314473,0,2,0.0,1,2
CHEMBL2314474,0,2,0.0,1,2
CHEMBL2314475,0,2,0.0,1,2
CHEMBL2314476,0,2,0.0,1,2
CHEMBL2314477,0,2,0.0,1,2
CHEMBL2314478,0,2,0.0,1,2
CHEMBL2314479,0,2,0.0,1,2
CHEMBL2314750,0,1,0.0,1,1
CHEMBL2314751,0,1,0.0,1,1
CHEMBL231617,3,3,1.0,2,0
CHEMBL2321878,1,3,0.3333333333333333,3,2
CHEMBL2321945,0,3,0.0,3,3
CHEMBL2321946,0,3,0.0,3,3
CHEMBL2321947,0,3,0.0,3,3
CHEMBL2321948,2,3,0.6666666666666666,3,1
CHEMBL2321949,0,3,0.0,3,3
CHEMBL2321951,2,3,0.6666666666666666,3,1
CHEMBL2321952,3,3,1.0,3,0
CHEMBL2321953,0,3,0.0,3,3
CHEMBL2321954,0,3,0.0,3,3
CHEMBL2321955,0,3,0.0,3,3
CHEMBL2321956,0,3,0.0,3,3
CHEMBL2321957,0,3,0.0,3,3
CHEMBL2321958,1,3,0.3333333333333333,3,2
CHEMBL2321959,2,3,0.6666666666666666,3,1
CHEMBL2321960,0,3,0.0,3,3
CHEMBL2321961,2,3,0.6666666666666666,3,1
CHEMBL2321962,1,3,0.3333333333333333,3,2
CHEMBL2321963,0,3,0.0,3,3
CHEMBL2321964,1,3,0.3333333333333333,3,2
CHEMBL2321965,1,3,0.3333333333333333,3,2
CHEMBL2321967,1,3,0.3333333333333333,3,2
CHEMBL2321968,0,3,0.0,3,3
CHEMBL2321969,0,3,0.0,3,3
CHEMBL2321970,0,3,0.0,3,3
CHEMBL2321971,0,3,0.0,3,3
CHEMBL2321972,0,3,0.0,3,3
CHEMBL2321973,0,3,0.0,3,3
CHEMBL2321974,0,3,0.0,3,3
CHEMBL2321975,0,3,0.0,3,3
CHEMBL2322019,0,3,0.0,3,3
CHEMBL2324266,3,3,1.0,1,0
CHEMBL2324593,1,1,1.0,1,0
CHEMBL2324597,1,1,1.0,1,0
CHEMBL2325895,4,5,0.8,3,1
CHEMBL2325898,5,5,1.0,3,0
CHEMBL233008,1,1,1.0,1,0
CHEMBL233009,1,1,1.0,1,0
CHEMBL233010,1,1,1.0,1,0
CHEMBL233011,1,1,1.0,1,0
CHEMBL233012,1,1,1.0,1,0
CHEMBL2331657,1,1,1.0,1,0
CHEMBL2331658,1,1,1.0,1,0
CHEMBL2331659,1,1,1.0,1,0
CHEMBL2331660,1,1,1.0,1,0
CHEMBL2331661,1,1,1.0,1,0
CHEMBL2331662,1,1,1.0,1,0
CHEMBL2331663,1,1,1.0,1,0
CHEMBL2331664,1,1,1.0,1,0
CHEMBL2331665,1,1,1.0,1,0
CHEMBL2331666,1,1,1.0,1,0
CHEMBL2331667,1,1,1.0,1,0
CHEMBL2331668,1,1,1.0,1,0
CHEMBL2331669,1,1,1.0,1,0
CHEMBL233186,1,1,1.0,1,0
CHEMBL23327,0,1,0.0,1,1
CHEMBL233529,1,1,1.0,1,0
CHEMBL2337554,2,2,1.0,1,0
CHEMBL234059,1,1,1.0,1,0
CHEMBL234060,1,1,1.0,1,0
CHEMBL234200,1,1,1.0,1,0
CHEMBL234617,1,1,1.0,1,0
CHEMBL2347710,0,2,0.0,1,2
CHEMBL2347723,2,2,1.0,1,0
CHEMBL2347725,2,2,1.0,1,0
CHEMBL2348723,0,4,0.0,3,4
CHEMBL2348724,0,4,0.0,3,4
CHEMBL2348725,0,4,0.0,3,4
CHEMBL2348726,0,4,0.0,3,4
CHEMBL2348727,0,4,0.0,3,4
CHEMBL2348728,0,4,0.0,3,4
CHEMBL2348729,0,4,0.0,3,4
CHEMBL2348730,0,4,0.0,3,4
CHEMBL2348731,0,4,0.0,3,4
CHEMBL2348732,0,4,0.0,3,4
CHEMBL2348733,0,4,0.0,3,4
CHEMBL2348734,0,4,0.0,3,4
CHEMBL2348735,0,4,0.0,3,4
CHEMBL2348736,0,4,0.0,3,4
CHEMBL2348737,0,4,0.0,3,4
CHEMBL2348738,0,4,0.0,3,4
CHEMBL2348739,0,4,0.0,3,4
CHEMBL2348740,0,4,0.0,3,4
CHEMBL2348741,0,4,0.0,3,4
CHEMBL2348742,0,4,0.0,3,4
CHEMBL2348743,0,4,0.0,3,4
CHEMBL2348744,0,4,0.0,3,4
CHEMBL2348745,0,4,0.0,3,4
CHEMBL2348746,0,4,0.0,3,4
CHEMBL2348747,0,4,0.0,3,4
CHEMBL2348748,0,4,0.0,3,4
CHEMBL2348749,0,4,0.0,3,4
CHEMBL2348750,0,4,0.0,3,4
CHEMBL2349388,0,1,0.0,1,1
CHEMBL2349392,0,1,0.0,1,1
CHEMBL2349398,0,1,0.0,1,1
CHEMBL2349411,0,1,0.0,1,1
CHEMBL2349509,0,1,0.0,1,1
CHEMBL2349510,0,1,0.0,1,1
CHEMBL2349512,0,1,0.0,1,1
CHEMBL2349514,0,1,0.0,1,1
CHEMBL2349516,0,1,0.0,1,1
CHEMBL2349518,0,1,0.0,1,1
CHEMBL2349522,0,1,0.0,1,1
CHEMBL235056,0,1,0.0,1,1
CHEMBL235088,1,1,1.0,1,0
CHEMBL235090,0,1,0.0,1,1
CHEMBL235091,0,1,0.0,1,1
CHEMBL235093,0,1,0.0,1,1
CHEMBL235305,0,1,0.0,1,1
CHEMBL235478,0,1,0.0,1,1
CHEMBL23552,0,1,0.0,1,1
CHEMBL235658,1,1,1.0,1,0
CHEMBL235685,0,1,0.0,1,1
CHEMBL235686,0,1,0.0,1,1
CHEMBL235687,0,1,0.0,1,1
CHEMBL235695,0,1,0.0,1,1
CHEMBL236115,0,1,0.0,1,1
CHEMBL2364580,0,2,0.0,2,2
CHEMBL2367577,0,1,0.0,1,1
CHEMBL2367579,0,1,0.0,1,1
CHEMBL2367580,0,1,0.0,1,1
CHEMBL2367583,0,1,0.0,1,1
CHEMBL2368961,0,1,0.0,1,1
CHEMBL236973,0,1,0.0,1,1
CHEMBL2371685,0,1,0.0,1,1
CHEMBL2371770,2,2,1.0,1,0
CHEMBL237381,0,1,0.0,1,1
CHEMBL2375365,1,1,1.0,1,0
CHEMBL2375953,1,1,1.0,1,0
CHEMBL2375954,1,1,1.0,1,0
CHEMBL2375955,1,1,1.0,1,0
CHEMBL2375956,1,1,1.0,1,0
CHEMBL2375957,1,1,1.0,1,0
CHEMBL2375958,1,1,1.0,1,0
CHEMBL2375959,1,1,1.0,1,0
CHEMBL2375960,1,1,1.0,1,0
CHEMBL2375961,1,1,1.0,1,0
CHEMBL2375962,1,1,1.0,1,0
CHEMBL2375963,1,1,1.0,1,0
CHEMBL2375964,1,1,1.0,1,0
CHEMBL2375965,1,1,1.0,1,0
CHEMBL2375966,1,1,1.0,1,0
CHEMBL2375967,1,1,1.0,1,0
CHEMBL2375968,1,1,1.0,1,0
CHEMBL2375969,1,1,1.0,1,0
CHEMBL2375970,1,1,1.0,1,0
CHEMBL2376092,1,1,1.0,1,0
CHEMBL2376093,1,1,1.0,1,0
CHEMBL2376094,1,1,1.0,1,0
CHEMBL2376095,1,1,1.0,1,0
CHEMBL2376096,1,1,1.0,1,0
CHEMBL2376906,0,1,0.0,1,1
CHEMBL2376915,0,1,0.0,1,1
CHEMBL2376922,0,1,0.0,1,1
CHEMBL2376930,0,1,0.0,1,1
CHEMBL237839,0,1,0.0,1,1
CHEMBL23828,1,1,1.0,1,0
CHEMBL239140,1,1,1.0,1,0
CHEMBL239160,1,1,1.0,1,0
CHEMBL2396661,0,1,0.0,1,1
CHEMBL239698,4,4,1.0,3,0
CHEMBL2397186,0,1,0.0,1,1
CHEMBL239996,0,1,0.0,1,1
CHEMBL240207,1,1,1.0,1,0
CHEMBL2403813,1,1,1.0,1,0
CHEMBL2403814,1,1,1.0,1,0
CHEMBL2403815,1,1,1.0,1,0
CHEMBL2403816,1,1,1.0,1,0
CHEMBL2403817,1,1,1.0,1,0
CHEMBL2403818,1,1,1.0,1,0
CHEMBL2403819,1,1,1.0,1,0
CHEMBL2403820,1,1,1.0,1,0
CHEMBL2403821,1,1,1.0,1,0
CHEMBL2403874,1,1,1.0,1,0
CHEMBL2403875,1,1,1.0,1,0
CHEMBL2403879,0,1,0.0,1,1
CHEMBL240413,1,1,1.0,1,0
CHEMBL240415,0,1,0.0,1,1
CHEMBL240429,0,1,0.0,1,1
CHEMBL240510,0,1,0.0,1,1
CHEMBL240714,1,2,0.5,1,1
CHEMBL240716,0,1,0.0,1,1
CHEMBL240717,0,1,0.0,1,1
CHEMBL240829,1,1,1.0,1,0
CHEMBL240830,1,1,1.0,1,0
CHEMBL2408788,2,2,1.0,1,0
CHEMBL2408789,1,1,1.0,1,0
CHEMBL2408790,1,1,1.0,1,0
CHEMBL2409847,1,2,0.5,2,1
CHEMBL2409891,1,2,0.5,2,1
CHEMBL241040,1,1,1.0,1,0
CHEMBL241408,0,2,0.0,1,2
CHEMBL241735,0,1,0.0,1,1
CHEMBL2424679,0,1,0.0,1,1
CHEMBL2425487,5,6,0.8333333333333334,2,1
CHEMBL2426459,1,1,1.0,1,0
CHEMBL2426460,1,1,1.0,1,0
CHEMBL2426557,1,1,1.0,1,0
CHEMBL2426558,1,1,1.0,1,0
CHEMBL2426559,1,1,1.0,1,0
CHEMBL2426560,1,1,1.0,1,0
CHEMBL2426561,1,1,1.0,1,0
CHEMBL2426575,0,1,0.0,1,1
CHEMBL2426576,0,1,0.0,1,1
CHEMBL2426577,0,1,0.0,1,1
CHEMBL2426578,0,1,0.0,1,1
CHEMBL2426579,0,1,0.0,1,1
CHEMBL2426580,0,1,0.0,1,1
CHEMBL2426581,1,1,1.0,1,0
CHEMBL2426582,1,1,1.0,1,0
CHEMBL2426583,1,1,1.0,1,0
CHEMBL2426584,0,1,0.0,1,1
CHEMBL2426585,1,1,1.0,1,0
CHEMBL2426586,0,1,0.0,1,1
CHEMBL2426587,0,1,0.0,1,1
CHEMBL2426588,1,1,1.0,1,0
CHEMBL2426589,1,1,1.0,1,0
CHEMBL2426590,1,1,1.0,1,0
CHEMBL2426591,1,1,1.0,1,0
CHEMBL2426592,0,1,0.0,1,1
CHEMBL2426593,1,1,1.0,1,0
CHEMBL2426594,0,1,0.0,1,1
CHEMBL2426595,0,1,0.0,1,1
CHEMBL2426596,1,1,1.0,1,0
CHEMBL2426597,0,1,0.0,1,1
CHEMBL2426598,1,1,1.0,1,0
CHEMBL2430323,1,1,1.0,1,0
CHEMBL2430324,1,1,1.0,1,0
CHEMBL2431324,2,3,0.6666666666666666,1,1
CHEMBL2436976,1,1,1.0,1,0
CHEMBL2436978,1,1,1.0,1,0
CHEMBL2436979,0,1,0.0,1,1
CHEMBL2436980,0,1,0.0,1,1
CHEMBL2436981,1,1,1.0,1,0
CHEMBL2436982,1,1,1.0,1,0
CHEMBL2436983,1,1,1.0,1,0
CHEMBL243987,0,1,0.0,1,1
CHEMBL244614,0,1,0.0,1,1
CHEMBL244615,0,1,0.0,1,1
CHEMBL244824,0,1,0.0,1,1
CHEMBL244825,0,1,0.0,1,1
CHEMBL244826,0,1,0.0,1,1
CHEMBL245043,0,1,0.0,1,1
CHEMBL24609,1,10,0.1,3,9
CHEMBL247228,1,1,1.0,1,0
CHEMBL247479,1,1,1.0,1,0
CHEMBL24828,0,3,0.0,3,3
CHEMBL248320,0,1,0.0,1,1
CHEMBL248676,1,1,1.0,1,0
CHEMBL248706,0,1,0.0,1,1
CHEMBL248707,0,1,0.0,1,1
CHEMBL248768,1,1,1.0,1,0
CHEMBL248897,0,1,0.0,1,1
CHEMBL248898,0,1,0.0,1,1
CHEMBL249097,1,1,1.0,1,0
CHEMBL249098,1,1,1.0,1,0
CHEMBL249316,0,1,0.0,1,1
CHEMBL249317,1,1,1.0,1,0
CHEMBL249318,1,1,1.0,1,0
CHEMBL249326,1,1,1.0,1,0
CHEMBL249327,1,1,1.0,1,0
CHEMBL249514,0,1,0.0,1,1
CHEMBL249526,1,1,1.0,1,0
CHEMBL249527,1,1,1.0,1,0
CHEMBL249697,0,2,0.0,2,2
CHEMBL249713,1,1,1.0,1,0
CHEMBL249729,1,1,1.0,1,0
CHEMBL249730,1,1,1.0,1,0
CHEMBL249916,1,1,1.0,1,0
CHEMBL249917,1,1,1.0,1,0
CHEMBL249918,1,1,1.0,1,0
CHEMBL249936,1,1,1.0,1,0
CHEMBL249937,1,1,1.0,1,0
CHEMBL249980,1,1,1.0,1,0
CHEMBL250139,1,1,1.0,1,0
CHEMBL250140,1,1,1.0,1,0
CHEMBL250322,1,1,1.0,1,0
CHEMBL250323,1,1,1.0,1,0
CHEMBL250324,1,1,1.0,1,0
CHEMBL250340,0,1,0.0,1,1
CHEMBL250344,1,1,1.0,1,0
CHEMBL250391,1,1,1.0,1,0
CHEMBL250542,0,1,0.0,1,1
CHEMBL250543,1,1,1.0,1,0
CHEMBL250548,1,1,1.0,1,0
CHEMBL250549,1,1,1.0,1,0
CHEMBL250550,1,1,1.0,1,0
CHEMBL250588,1,1,1.0,1,0
CHEMBL250601,1,1,1.0,1,0
CHEMBL250752,1,1,1.0,1,0
CHEMBL250753,1,1,1.0,1,0
CHEMBL250754,1,1,1.0,1,0
CHEMBL250791,1,1,1.0,1,0
CHEMBL250800,1,1,1.0,1,0
CHEMBL250902,0,1,0.0,1,1
CHEMBL250970,1,1,1.0,1,0
CHEMBL250971,1,1,1.0,1,0
CHEMBL250988,1,1,1.0,1,0
CHEMBL250994,1,1,1.0,1,0
CHEMBL251017,0,1,0.0,1,1
CHEMBL251096,0,1,0.0,1,1
CHEMBL251184,1,1,1.0,1,0
CHEMBL251185,1,1,1.0,1,0
CHEMBL251382,1,1,1.0,1,0
CHEMBL251548,0,1,0.0,1,1
CHEMBL251549,1,1,1.0,1,0
CHEMBL251589,1,1,1.0,1,0
CHEMBL251758,1,1,1.0,1,0
CHEMBL251759,1,1,1.0,1,0
CHEMBL252164,0,1,0.0,1,1
CHEMBL25219,1,1,1.0,1,0
CHEMBL252937,1,1,1.0,1,0
CHEMBL255128,1,1,1.0,1,0
CHEMBL255381,1,1,1.0,1,0
CHEMBL255630,1,1,1.0,1,0
CHEMBL255631,1,1,1.0,1,0
CHEMBL255863,1,2,0.5,2,1
CHEMBL256076,1,1,1.0,1,0
CHEMBL256189,1,1,1.0,1,0
CHEMBL256401,1,1,1.0,1,0
CHEMBL257167,0,1,0.0,1,1
CHEMBL257219,1,1,1.0,1,0
CHEMBL257695,0,1,0.0,1,1
CHEMBL257736,1,1,1.0,1,0
CHEMBL258513,0,1,0.0,1,1
CHEMBL258618,1,1,1.0,1,0
CHEMBL258845,1,1,1.0,1,0
CHEMBL259060,0,1,0.0,1,1
CHEMBL259084,4,7,0.5714285714285714,5,3
CHEMBL259388,0,2,0.0,1,2
CHEMBL259554,0,1,0.0,1,1
CHEMBL259720,1,1,1.0,1,0
CHEMBL259850,1,1,1.0,1,0
CHEMBL259925,0,1,0.0,1,1
CHEMBL260064,1,1,1.0,1,0
CHEMBL260065,0,1,0.0,1,1
CHEMBL26074,8,8,1.0,1,0
CHEMBL261095,4,4,1.0,4,0
CHEMBL261131,0,1,0.0,1,1
CHEMBL261325,0,1,0.0,1,1
CHEMBL261413,1,1,1.0,1,0
CHEMBL261693,4,4,1.0,4,0
CHEMBL261849,0,4,0.0,4,4
CHEMBL261850,0,1,0.0,1,1
CHEMBL262276,1,1,1.0,1,0
CHEMBL262285,2,2,1.0,1,0
CHEMBL262286,1,1,1.0,1,0
CHEMBL262494,1,1,1.0,1,0
CHEMBL262742,0,2,0.0,1,2
CHEMBL262895,1,1,1.0,1,0
CHEMBL26341,0,8,0.0,1,8
CHEMBL263528,1,1,1.0,1,0
CHEMBL264267,0,1,0.0,1,1
CHEMBL264280,1,1,1.0,1,0
CHEMBL264293,1,1,1.0,1,0
CHEMBL26440,0,8,0.0,1,8
CHEMBL264406,2,3,0.6666666666666666,3,1
CHEMBL264533,1,1,1.0,1,0
CHEMBL26501,13,13,1.0,5,0
CHEMBL265130,0,1,0.0,1,1
CHEMBL265251,1,1,1.0,1,0
CHEMBL265502,0,1,0.0,1,1
CHEMBL265559,1,1,1.0,1,0
CHEMBL265875,1,1,1.0,1,0
CHEMBL265891,1,1,1.0,1,0
CHEMBL266483,8,8,1.0,1,0
CHEMBL266487,17,19,0.8947368421052632,3,2
CHEMBL266951,0,8,0.0,1,8
CHEMBL267126,8,8,1.0,1,0
CHEMBL267348,1,1,1.0,1,0
CHEMBL267386,8,8,1.0,1,0
CHEMBL26817,8,8,1.0,1,0
CHEMBL268292,8,8,1.0,1,0
CHEMBL268368,0,1,0.0,1,1
CHEMBL268529,8,8,1.0,1,0
CHEMBL26872,8,8,1.0,1,0
CHEMBL268769,8,8,1.0,1,0
CHEMBL268790,1,1,1.0,1,0
CHEMBL268888,8,8,1.0,1,0
CHEMBL269264,11,11,1.0,2,0
CHEMBL26936,8,8,1.0,1,0
CHEMBL269538,6,12,0.5,7,6
CHEMBL269727,1,1,1.0,1,0
CHEMBL26996,8,8,1.0,1,0
CHEMBL270002,1,1,1.0,1,0
CHEMBL270346,0,1,0.0,1,1
CHEMBL270657,1,1,1.0,1,0
CHEMBL270686,1,1,1.0,1,0
CHEMBL270687,1,1,1.0,1,0
CHEMBL270722,4,4,1.0,1,0
CHEMBL270724,4,4,1.0,1,0
CHEMBL270842,1,1,1.0,1,0
CHEMBL270897,1,1,1.0,1,0
CHEMBL270926,1,1,1.0,1,0
CHEMBL271020,1,1,1.0,1,0
CHEMBL271059,1,1,1.0,1,0
CHEMBL271195,1,1,1.0,1,0
CHEMBL271443,1,1,1.0,1,0
CHEMBL271505,1,1,1.0,1,0
CHEMBL271597,1,1,1.0,1,0
CHEMBL271638,1,1,1.0,1,0
CHEMBL271645,1,1,1.0,1,0
CHEMBL271848,1,1,1.0,1,0
CHEMBL271922,1,1,1.0,1,0
CHEMBL272108,1,1,1.0,1,0
CHEMBL272142,1,1,1.0,1,0
CHEMBL272361,1,1,1.0,1,0
CHEMBL272535,1,1,1.0,1,0
CHEMBL272573,1,1,1.0,1,0
CHEMBL27266,5,7,0.7142857142857143,1,2
CHEMBL272731,1,1,1.0,1,0
CHEMBL272989,1,1,1.0,1,0
CHEMBL273101,4,4,1.0,1,0
CHEMBL27387,8,8,1.0,1,0
CHEMBL274201,1,1,1.0,1,0
CHEMBL274732,1,1,1.0,1,0
CHEMBL275750,0,8,0.0,1,8
CHEMBL276429,0,9,0.0,2,9
CHEMBL276808,0,2,0.0,2,2
CHEMBL277409,1,1,1.0,1,0
CHEMBL27768,17,17,1.0,4,0
CHEMBL277817,0,8,0.0,1,8
CHEMBL278041,0,1,0.0,1,1
CHEMBL278472,0,1,0.0,1,1
CHEMBL278783,1,1,1.0,1,0
CHEMBL279107,0,3,0.0,1,3
CHEMBL28,2,3,0.6666666666666666,2,1
CHEMBL280149,0,1,0.0,1,1
CHEMBL280524,1,1,1.0,1,0
CHEMBL281006,1,1,1.0,1,0
CHEMBL281145,1,1,1.0,1,0
CHEMBL281448,8,8,1.0,1,0
CHEMBL281660,1,1,1.0,1,0
CHEMBL281881,0,1,0.0,1,1
CHEMBL281948,27,27,1.0,4,0
CHEMBL28202,8,8,1.0,1,0
CHEMBL282298,8,8,1.0,1,0
CHEMBL282612,8,8,1.0,1,0
CHEMBL282805,16,16,1.0,1,0
CHEMBL283259,8,8,1.0,1,0
CHEMBL283399,8,8,1.0,1,0
CHEMBL283903,8,8,1.0,1,0
CHEMBL283930,8,8,1.0,1,0
CHEMBL284015,1,1,1.0,1,0
CHEMBL284485,1,1,1.0,1,0
CHEMBL284632,8,8,1.0,1,0
CHEMBL28486,0,8,0.0,1,8
CHEMBL284861,0,8,0.0,1,8
CHEMBL285063,3,5,0.6,1,2
CHEMBL285613,8,8,1.0,1,0
CHEMBL285801,1,1,1.0,1,0
CHEMBL28626,0,2,0.0,1,2
CHEMBL286737,0,1,0.0,1,1
CHEMBL287591,1,1,1.0,1,0
CHEMBL287727,0,5,0.0,1,5
CHEMBL28802,0,8,0.0,1,8
CHEMBL288229,8,8,1.0,1,0
CHEMBL28837,0,1,0.0,1,1
CHEMBL288441,1,3,0.3333333333333333,3,2
CHEMBL288462,0,2,0.0,1,2
CHEMBL288557,1,1,1.0,1,0
CHEMBL288569,2,2,1.0,1,0
CHEMBL288683,2,2,1.0,1,0
CHEMBL288816,8,8,1.0,1,0
CHEMBL288817,8,8,1.0,1,0
CHEMBL288818,0,8,0.0,1,8
CHEMBL289230,1,1,1.0,1,0
CHEMBL289560,2,2,1.0,1,0
CHEMBL289577,0,2,0.0,1,2
CHEMBL289772,8,8,1.0,1,0
CHEMBL290098,0,2,0.0,1,2
CHEMBL290352,0,8,0.0,1,8
CHEMBL290528,2,2,1.0,1,0
CHEMBL290549,0,2,0.0,1,2
CHEMBL291187,2,2,1.0,1,0
CHEMBL291338,0,4,0.0,1,4
CHEMBL291427,1,1,1.0,1,0
CHEMBL291546,0,1,0.0,1,1
CHEMBL291725,0,1,0.0,1,1
CHEMBL291777,1,1,1.0,1,0
CHEMBL291834,0,1,0.0,1,1
CHEMBL291920,10,11,0.9090909090909091,4,1
CHEMBL291975,0,8,0.0,1,8
CHEMBL292057,0,2,0.0,1,2
CHEMBL292146,1,1,1.0,1,0
CHEMBL292248,0,2,0.0,1,2
CHEMBL292374,0,3,0.0,1,3
CHEMBL292383,0,1,0.0,1,1
CHEMBL292417,1,1,1.0,1,0
CHEMBL292495,16,16,1.0,1,0
CHEMBL292701,0,1,0.0,1,1
CHEMBL292719,0,16,0.0,1,16
CHEMBL292746,10,11,0.9090909090909091,4,1
CHEMBL293132,1,1,1.0,1,0
CHEMBL293322,1,1,1.0,1,0
CHEMBL293542,0,1,0.0,1,1
CHEMBL293592,0,1,0.0,1,1
CHEMBL293668,0,4,0.0,1,4
CHEMBL293709,0,1,0.0,1,1
CHEMBL293717,1,1,1.0,1,0
CHEMBL293746,1,1,1.0,1,0
CHEMBL293798,0,1,0.0,1,1
CHEMBL294037,0,32,0.0,1,32
CHEMBL294052,1,1,1.0,1,0
CHEMBL294120,0,8,0.0,1,8
CHEMBL294366,0,2,0.0,1,2
CHEMBL294422,1,1,1.0,1,0
CHEMBL294438,1,1,1.0,1,0
CHEMBL294450,0,1,0.0,1,1
CHEMBL294684,0,8,0.0,1,8
CHEMBL294711,1,1,1.0,1,0
CHEMBL294755,0,3,0.0,1,3
CHEMBL294810,0,2,0.0,1,2
CHEMBL295657,2,2,1.0,1,0
CHEMBL295787,0,1,0.0,1,1
CHEMBL295954,0,8,0.0,1,8
CHEMBL296150,0,1,0.0,1,1
CHEMBL296195,2,2,1.0,1,0
CHEMBL296468,0,3,0.0,3,3
CHEMBL296540,0,1,0.0,1,1
CHEMBL296586,1,5,0.2,5,4
CHEMBL296591,0,8,0.0,1,8
CHEMBL296595,0,4,0.0,1,4
CHEMBL296604,0,1,0.0,1,1
CHEMBL29668,0,1,0.0,1,1
CHEMBL296690,2,2,1.0,1,0
CHEMBL297081,2,2,1.0,1,0
CHEMBL29709,0,8,0.0,1,8
CHEMBL297453,1,1,1.0,1,0
CHEMBL297523,1,1,1.0,1,0
CHEMBL29762,0,1,0.0,1,1
CHEMBL297987,2,2,1.0,1,0
CHEMBL298175,0,1,0.0,1,1
CHEMBL298537,0,1,0.0,1,1
CHEMBL298620,1,1,1.0,1,0
CHEMBL298679,2,2,1.0,1,0
CHEMBL298818,0,1,0.0,1,1
CHEMBL29898,2,2,1.0,1,0
CHEMBL299015,0,1,0.0,1,1
CHEMBL299026,1,1,1.0,1,0
CHEMBL299173,1,1,1.0,1,0
CHEMBL299194,2,2,1.0,1,0
CHEMBL299248,0,8,0.0,1,8
CHEMBL299270,1,1,1.0,1,0
CHEMBL299347,0,1,0.0,1,1
CHEMBL299378,0,1,0.0,1,1
CHEMBL299415,0,4,0.0,1,4
CHEMBL299496,11,11,1.0,4,0
CHEMBL299519,0,1,0.0,1,1
CHEMBL299552,0,1,0.0,1,1
CHEMBL299687,1,1,1.0,1,0
CHEMBL299763,0,1,0.0,1,1
CHEMBL299840,0,1,0.0,1,1
CHEMBL299953,0,1,0.0,1,1
CHEMBL300138,8,10,0.8,3,2
CHEMBL300160,1,1,1.0,1,0
CHEMBL300171,1,1,1.0,1,0
CHEMBL300207,0,1,0.0,1,1
CHEMBL300208,1,1,1.0,1,0
CHEMBL300250,1,1,1.0,1,0
CHEMBL300323,1,1,1.0,1,0
CHEMBL300324,0,2,0.0,1,2
CHEMBL300335,1,1,1.0,1,0
CHEMBL300397,0,1,0.0,1,1
CHEMBL300479,1,1,1.0,1,0
CHEMBL300529,1,1,1.0,1,0
CHEMBL300549,0,8,0.0,1,8
CHEMBL300784,1,1,1.0,1,0
CHEMBL30082,0,8,0.0,1,8
CHEMBL300992,0,1,0.0,1,1
CHEMBL301018,0,3,0.0,2,3
CHEMBL301124,0,8,0.0,1,8
CHEMBL301138,0,1,0.0,1,1
CHEMBL301226,2,2,1.0,1,0
CHEMBL301228,9,11,0.8181818181818182,4,2
CHEMBL301273,1,1,1.0,1,0
CHEMBL301323,0,1,0.0,1,1
CHEMBL301337,0,1,0.0,1,1
CHEMBL301349,0,1,0.0,1,1
CHEMBL301389,17,18,0.9444444444444444,3,1
CHEMBL301483,1,1,1.0,1,0
CHEMBL301515,17,18,0.9444444444444444,3,1
CHEMBL301612,2,2,1.0,1,0
CHEMBL301620,8,11,0.7272727272727273,4,3
CHEMBL301641,1,1,1.0,1,0
CHEMBL301722,0,8,0.0,1,8
CHEMBL301741,0,1,0.0,1,1
CHEMBL301794,0,1,0.0,1,1
CHEMBL301860,8,8,1.0,1,0
CHEMBL301880,0,2,0.0,1,2
CHEMBL301969,0,1,0.0,1,1
CHEMBL302376,1,2,0.5,1,1
CHEMBL302449,8,12,0.6666666666666666,5,4
CHEMBL302921,3,3,1.0,1,0
CHEMBL302938,1,1,1.0,1,0
CHEMBL303499,2,3,0.6666666666666666,1,1
CHEMBL3039513,1,1,1.0,1,0
CHEMBL303990,10,11,0.9090909090909091,4,1
CHEMBL304179,0,1,0.0,1,1
CHEMBL304292,4,4,1.0,1,0
CHEMBL30432,2,2,1.0,1,0
CHEMBL304416,1,1,1.0,1,0
CHEMBL304523,1,1,1.0,1,0
CHEMBL305099,0,16,0.0,1,16
CHEMBL305113,0,2,0.0,1,2
CHEMBL305746,1,1,1.0,1,0
CHEMBL305797,0,1,0.0,1,1
CHEMBL306380,2,2,1.0,2,0
CHEMBL306667,1,1,1.0,1,0
CHEMBL307336,1,1,1.0,1,0
CHEMBL307604,4,4,1.0,1,0
CHEMBL307976,0,1,0.0,1,1
CHEMBL308003,4,4,1.0,1,0
CHEMBL308008,0,1,0.0,1,1
CHEMBL308203,4,4,1.0,1,0
CHEMBL308288,0,8,0.0,1,8
CHEMBL3084323,1,1,1.0,1,0
CHEMBL3085304,1,1,1.0,1,0
CHEMBL3085356,0,1,0.0,1,1
CHEMBL3085536,2,2,1.0,1,0
CHEMBL3091581,0,1,0.0,1,1
CHEMBL3091793,0,3,0.0,2,3
CHEMBL3091794,0,3,0.0,2,3
CHEMBL3091795,0,3,0.0,2,3
CHEMBL3091797,1,3,0.3333333333333333,2,2
CHEMBL3091798,0,3,0.0,2,3
CHEMBL3091799,0,3,0.0,2,3
CHEMBL3091800,0,3,0.0,2,3
CHEMBL3091801,0,3,0.0,2,3
CHEMBL3091802,0,3,0.0,2,3
CHEMBL3091803,0,3,0.0,2,3
CHEMBL3091804,0,3,0.0,2,3
CHEMBL3091805,0,3,0.0,2,3
CHEMBL3091806,0,3,0.0,2,3
CHEMBL3091807,0,3,0.0,2,3
CHEMBL3091808,0,3,0.0,2,3
CHEMBL3091809,0,3,0.0,2,3
CHEMBL3091810,0,3,0.0,2,3
CHEMBL3091811,0,3,0.0,2,3
CHEMBL3091812,0,3,0.0,2,3
CHEMBL3091813,0,3,0.0,2,3
CHEMBL3091814,0,3,0.0,2,3
CHEMBL3091815,0,3,0.0,2,3
CHEMBL3091816,0,3,0.0,2,3
CHEMBL3091817,0,3,0.0,2,3
CHEMBL3091818,0,3,0.0,2,3
CHEMBL3091819,0,3,0.0,2,3
CHEMBL3092362,1,1,1.0,1,0
CHEMBL3092365,1,1,1.0,1,0
CHEMBL3092367,1,1,1.0,1,0
CHEMBL3092373,1,1,1.0,1,0
CHEMBL3092375,1,1,1.0,1,0
CHEMBL3092376,1,1,1.0,1,0
CHEMBL3092860,0,6,0.0,5,6
CHEMBL3092861,0,6,0.0,5,6
CHEMBL3092862,6,6,1.0,5,0
CHEMBL3092863,6,6,1.0,5,0
CHEMBL3092864,0,6,0.0,5,6
CHEMBL3093047,1,1,1.0,1,0
CHEMBL309318,0,4,0.0,1,4
CHEMBL309649,0,8,0.0,1,8
CHEMBL309697,4,4,1.0,1,0
CHEMBL309708,0,1,0.0,1,1
CHEMBL309802,4,4,1.0,1,0
CHEMBL309926,0,1,0.0,1,1
CHEMBL310067,0,24,0.0,1,24
CHEMBL310213,0,4,0.0,1,4
CHEMBL3102859,1,1,1.0,1,0
CHEMBL3102934,1,1,1.0,1,0
CHEMBL3102935,1,1,1.0,1,0
CHEMBL3102936,0,1,0.0,1,1
CHEMBL3102937,0,1,0.0,1,1
CHEMBL3102938,1,1,1.0,1,0
CHEMBL3102939,0,1,0.0,1,1
CHEMBL3102940,0,1,0.0,1,1
CHEMBL3102941,0,1,0.0,1,1
CHEMBL3102942,1,1,1.0,1,0
CHEMBL3102943,0,1,0.0,1,1
CHEMBL3102944,1,1,1.0,1,0
CHEMBL3102945,1,1,1.0,1,0
CHEMBL3102946,0,1,0.0,1,1
CHEMBL3102947,0,1,0.0,1,1
CHEMBL3102948,0,1,0.0,1,1
CHEMBL3102949,0,1,0.0,1,1
CHEMBL310295,0,4,0.0,1,4
CHEMBL3102950,3,3,1.0,1,0
CHEMBL3102951,3,3,1.0,1,0
CHEMBL3102952,3,3,1.0,1,0
CHEMBL3102953,2,2,1.0,1,0
CHEMBL3102954,2,2,1.0,1,0
CHEMBL3102955,3,3,1.0,1,0
CHEMBL3102956,1,1,1.0,1,0
CHEMBL3102957,1,1,1.0,1,0
CHEMBL310407,0,8,0.0,1,8
CHEMBL310616,0,4,0.0,1,4
CHEMBL310806,0,1,0.0,1,1
CHEMBL3108783,0,1,0.0,1,1
CHEMBL310879,4,4,1.0,1,0
CHEMBL3108831,0,2,0.0,2,2
CHEMBL3108832,0,2,0.0,2,2
CHEMBL3108833,0,2,0.0,2,2
CHEMBL3108834,0,2,0.0,2,2
CHEMBL3108835,0,2,0.0,2,2
CHEMBL3108836,0,2,0.0,2,2
CHEMBL3108837,0,2,0.0,2,2
CHEMBL3108838,0,2,0.0,2,2
CHEMBL3108839,0,2,0.0,2,2
CHEMBL3108840,0,2,0.0,2,2
CHEMBL3108841,0,2,0.0,2,2
CHEMBL3108842,0,2,0.0,2,2
CHEMBL3108843,0,2,0.0,2,2
CHEMBL3108844,0,2,0.0,2,2
CHEMBL3108845,0,2,0.0,2,2
CHEMBL3108846,2,2,1.0,2,0
CHEMBL3108847,2,2,1.0,2,0
CHEMBL3108848,2,2,1.0,2,0
CHEMBL3108849,0,2,0.0,2,2
CHEMBL3108850,0,2,0.0,2,2
CHEMBL3108851,0,2,0.0,2,2
CHEMBL3108852,0,2,0.0,2,2
CHEMBL3108853,0,2,0.0,2,2
CHEMBL3108854,0,2,0.0,2,2
CHEMBL3108855,0,2,0.0,2,2
CHEMBL3108856,2,2,1.0,2,0
CHEMBL3108857,0,2,0.0,2,2
CHEMBL3108858,2,2,1.0,2,0
CHEMBL3108859,2,2,1.0,2,0
CHEMBL3108860,0,2,0.0,2,2
CHEMBL3108861,2,2,1.0,2,0
CHEMBL3108862,0,2,0.0,2,2
CHEMBL3108863,2,2,1.0,2,0
CHEMBL3108864,2,2,1.0,2,0
CHEMBL3108865,0,2,0.0,2,2
CHEMBL3108866,0,2,0.0,2,2
CHEMBL3108867,2,2,1.0,2,0
CHEMBL3108868,2,2,1.0,2,0
CHEMBL3108869,2,2,1.0,2,0
CHEMBL3108870,4,4,1.0,2,0
CHEMBL3108912,1,1,1.0,1,0
CHEMBL3108913,1,2,0.5,2,1
CHEMBL3108914,1,1,1.0,1,0
CHEMBL3108915,1,1,1.0,1,0
CHEMBL3108916,1,1,1.0,1,0
CHEMBL3108917,1,1,1.0,1,0
CHEMBL3108984,1,1,1.0,1,0
CHEMBL3108985,1,1,1.0,1,0
CHEMBL3108986,1,1,1.0,1,0
CHEMBL3108987,1,1,1.0,1,0
CHEMBL3108988,1,1,1.0,1,0
CHEMBL3108989,1,1,1.0,1,0
CHEMBL3108990,1,1,1.0,1,0
CHEMBL3108991,1,1,1.0,1,0
CHEMBL3108992,1,1,1.0,1,0
CHEMBL3108993,1,1,1.0,1,0
CHEMBL3108994,1,1,1.0,1,0
CHEMBL3108995,1,1,1.0,1,0
CHEMBL3108996,1,1,1.0,1,0
CHEMBL3108997,1,2,0.5,2,1
CHEMBL3108998,1,1,1.0,1,0
CHEMBL3108999,1,1,1.0,1,0
CHEMBL3109000,1,1,1.0,1,0
CHEMBL3109001,1,1,1.0,1,0
CHEMBL3109002,1,1,1.0,1,0
CHEMBL3109003,1,1,1.0,1,0
CHEMBL3109004,1,1,1.0,1,0
CHEMBL3109005,1,1,1.0,1,0
CHEMBL3109006,1,1,1.0,1,0
CHEMBL3109007,1,1,1.0,1,0
CHEMBL3109008,1,1,1.0,1,0
CHEMBL3109009,1,1,1.0,1,0
CHEMBL3109010,1,1,1.0,1,0
CHEMBL3109011,1,2,0.5,2,1
CHEMBL3109202,2,2,1.0,1,0
CHEMBL310999,0,4,0.0,1,4
CHEMBL31108,1,1,1.0,1,0
CHEMBL311125,4,4,1.0,1,0
CHEMBL311207,0,16,0.0,1,16
CHEMBL311208,0,4,0.0,1,4
CHEMBL311217,0,1,0.0,1,1
CHEMBL311228,0,1,0.0,1,1
CHEMBL311408,0,8,0.0,1,8
CHEMBL311543,8,8,1.0,1,0
CHEMBL3116050,3,4,0.75,4,1
CHEMBL311607,1,1,1.0,1,0
CHEMBL31161,1,1,1.0,1,0
CHEMBL311674,0,4,0.0,1,4
CHEMBL311859,0,4,0.0,1,4
CHEMBL311896,0,4,0.0,1,4
CHEMBL311898,0,1,0.0,1,1
CHEMBL312211,0,8,0.0,1,8
CHEMBL312260,1,1,1.0,1,0
CHEMBL3125353,0,1,0.0,1,1
CHEMBL3125355,1,1,1.0,1,0
CHEMBL3125358,1,1,1.0,1,0
CHEMBL3125359,0,1,0.0,1,1
CHEMBL312617,0,16,0.0,1,16
CHEMBL312683,0,1,0.0,1,1
CHEMBL3127768,0,3,0.0,2,3
CHEMBL3127769,0,3,0.0,2,3
CHEMBL3128069,1,1,1.0,1,0
CHEMBL312846,1,1,1.0,1,0
CHEMBL312942,1,1,1.0,1,0
CHEMBL3134157,1,1,1.0,1,0
CHEMBL3134378,1,1,1.0,1,0
CHEMBL3134379,1,1,1.0,1,0
CHEMBL3134380,0,1,0.0,1,1
CHEMBL3134381,1,1,1.0,1,0
CHEMBL3134382,0,1,0.0,1,1
CHEMBL3134383,0,1,0.0,1,1
CHEMBL3134384,0,1,0.0,1,1
CHEMBL3134385,0,1,0.0,1,1
CHEMBL3134386,0,1,0.0,1,1
CHEMBL3134387,0,1,0.0,1,1
CHEMBL3134388,1,1,1.0,1,0
CHEMBL3134389,1,1,1.0,1,0
CHEMBL313550,0,1,0.0,1,1
CHEMBL313587,1,1,1.0,1,0
CHEMBL313814,1,1,1.0,1,0
CHEMBL313822,0,4,0.0,1,4
CHEMBL313843,0,4,0.0,1,4
CHEMBL313878,4,4,1.0,1,0
CHEMBL313882,1,1,1.0,1,0
CHEMBL31407,1,1,1.0,1,0
CHEMBL314162,1,1,1.0,1,0
CHEMBL314190,4,4,1.0,1,0
CHEMBL314219,1,1,1.0,1,0
CHEMBL314238,1,1,1.0,1,0
CHEMBL3143224,0,1,0.0,1,1
CHEMBL3143226,0,1,0.0,1,1
CHEMBL3143229,0,1,0.0,1,1
CHEMBL3143447,0,2,0.0,1,2
CHEMBL3143486,0,2,0.0,2,2
CHEMBL3143490,0,2,0.0,2,2
CHEMBL3143491,0,1,0.0,1,1
CHEMBL3143492,0,1,0.0,1,1
CHEMBL3143685,0,2,0.0,1,2
CHEMBL3143935,3,4,0.75,1,1
CHEMBL3144572,0,2,0.0,1,2
CHEMBL314705,1,1,1.0,1,0
CHEMBL314731,1,1,1.0,1,0
CHEMBL314761,1,1,1.0,1,0
CHEMBL315063,0,4,0.0,1,4
CHEMBL315192,1,1,1.0,1,0
CHEMBL315198,0,8,0.0,1,8
CHEMBL315234,0,4,0.0,1,4
CHEMBL315389,0,8,0.0,1,8
CHEMBL315521,1,1,1.0,1,0
CHEMBL315574,0,8,0.0,1,8
CHEMBL315575,1,1,1.0,1,0
CHEMBL31574,2,2,1.0,1,0
CHEMBL315863,1,1,1.0,1,0
CHEMBL316064,0,3,0.0,2,3
CHEMBL316088,0,1,0.0,1,1
CHEMBL31615,0,1,0.0,1,1
CHEMBL316226,0,4,0.0,1,4
CHEMBL316239,8,8,1.0,1,0
CHEMBL316275,1,1,1.0,1,0
CHEMBL31634,2,3,0.6666666666666666,1,1
CHEMBL316388,4,4,1.0,1,0
CHEMBL31653,1,1,1.0,1,0
CHEMBL316658,0,1,0.0,1,1
CHEMBL316918,3,3,1.0,1,0
CHEMBL317364,4,4,1.0,4,0
CHEMBL317792,3,3,1.0,1,0
CHEMBL317961,3,3,1.0,1,0
CHEMBL317987,3,3,1.0,1,0
CHEMBL318027,0,2,0.0,1,2
CHEMBL318153,1,1,1.0,1,0
CHEMBL3186763,0,1,0.0,1,1
CHEMBL318810,1,1,1.0,1,0
CHEMBL319252,0,2,0.0,1,2
CHEMBL319254,0,1,0.0,1,1
CHEMBL319447,0,2,0.0,2,2
CHEMBL319584,0,3,0.0,1,3
CHEMBL319620,0,8,0.0,1,8
CHEMBL31965,0,3,0.0,3,3
CHEMBL319666,0,3,0.0,1,3
CHEMBL319787,3,3,1.0,1,0
CHEMBL319788,3,3,1.0,1,0
CHEMBL319952,4,4,1.0,4,0
CHEMBL320339,1,1,1.0,1,0
CHEMBL320705,0,1,0.0,1,1
CHEMBL321193,1,1,1.0,1,0
CHEMBL3216643,4,4,1.0,1,0
CHEMBL3218401,1,1,1.0,1,0
CHEMBL3218402,1,1,1.0,1,0
CHEMBL3218403,1,1,1.0,1,0
CHEMBL3218404,1,1,1.0,1,0
CHEMBL3218405,1,1,1.0,1,0
CHEMBL3218581,0,1,0.0,1,1
CHEMBL3218943,1,1,1.0,1,0
CHEMBL3220495,1,1,1.0,1,0
CHEMBL3221807,1,1,1.0,1,0
CHEMBL3221808,1,1,1.0,1,0
CHEMBL3221809,1,1,1.0,1,0
CHEMBL3221810,1,1,1.0,1,0
CHEMBL3221811,1,1,1.0,1,0
CHEMBL3221812,1,1,1.0,1,0
CHEMBL3221813,1,1,1.0,1,0
CHEMBL3221814,1,1,1.0,1,0
CHEMBL3221815,1,1,1.0,1,0
CHEMBL3221816,1,1,1.0,1,0
CHEMBL322298,1,1,1.0,1,0
CHEMBL322371,0,3,0.0,1,3
CHEMBL322925,0,1,0.0,1,1
CHEMBL3229794,0,1,0.0,1,1
CHEMBL3229812,0,1,0.0,1,1
CHEMBL3233201,0,3,0.0,2,3
CHEMBL3233202,1,3,0.3333333333333333,2,2
CHEMBL3233203,0,2,0.0,1,2
CHEMBL3233204,0,2,0.0,1,2
CHEMBL3233205,0,2,0.0,1,2
CHEMBL3233206,0,2,0.0,1,2
CHEMBL3233207,0,4,0.0,2,4
CHEMBL3233208,0,2,0.0,1,2
CHEMBL3233209,0,1,0.0,1,1
CHEMBL3233211,0,2,0.0,1,2
CHEMBL3233212,0,2,0.0,1,2
CHEMBL3233216,0,1,0.0,1,1
CHEMBL3233217,0,1,0.0,1,1
CHEMBL323405,1,1,1.0,1,0
CHEMBL3235589,0,1,0.0,1,1
CHEMBL3235590,0,1,0.0,1,1
CHEMBL3235596,0,1,0.0,1,1
CHEMBL3235597,0,1,0.0,1,1
CHEMBL323657,1,1,1.0,1,0
CHEMBL323699,0,1,0.0,1,1
CHEMBL323775,1,1,1.0,1,0
CHEMBL324063,1,1,1.0,1,0
CHEMBL324543,1,1,1.0,1,0
CHEMBL32464,1,1,1.0,1,0
CHEMBL324926,1,1,1.0,1,0
CHEMBL3251358,0,2,0.0,2,2
CHEMBL3251359,0,4,0.0,2,4
CHEMBL3251360,0,2,0.0,2,2
CHEMBL325589,1,1,1.0,1,0
CHEMBL325706,2,2,1.0,2,0
CHEMBL325854,2,2,1.0,2,0
CHEMBL326041,1,1,1.0,1,0
CHEMBL326260,0,1,0.0,1,1
CHEMBL3262933,0,1,0.0,1,1
CHEMBL3262934,1,1,1.0,1,0
CHEMBL3262935,1,1,1.0,1,0
CHEMBL3262936,0,1,0.0,1,1
CHEMBL3262937,0,1,0.0,1,1
CHEMBL3262938,1,1,1.0,1,0
CHEMBL3262939,1,1,1.0,1,0
CHEMBL3262940,1,1,1.0,1,0
CHEMBL3262941,1,1,1.0,1,0
CHEMBL3262942,1,1,1.0,1,0
CHEMBL3262943,1,1,1.0,1,0
CHEMBL3263640,1,1,1.0,1,0
CHEMBL326748,1,1,1.0,1,0
CHEMBL32709,0,1,0.0,1,1
CHEMBL327127,1,1,1.0,1,0
CHEMBL327188,1,1,1.0,1,0
CHEMBL327390,1,1,1.0,1,0
CHEMBL327502,0,1,0.0,1,1
CHEMBL327509,3,3,1.0,1,0
CHEMBL327632,4,4,1.0,1,0
CHEMBL327723,3,3,1.0,1,0
CHEMBL327734,0,2,0.0,1,2
CHEMBL327911,1,1,1.0,1,0
CHEMBL327994,1,1,1.0,1,0
CHEMBL328126,0,1,0.0,1,1
CHEMBL328148,1,1,1.0,1,0
CHEMBL328150,1,1,1.0,1,0
CHEMBL328229,0,8,0.0,1,8
CHEMBL328318,1,1,1.0,1,0
CHEMBL328354,1,1,1.0,1,0
CHEMBL328399,3,3,1.0,1,0
CHEMBL3286445,0,2,0.0,1,2
CHEMBL328747,1,1,1.0,1,0
CHEMBL3289596,0,3,0.0,2,3
CHEMBL3289600,0,3,0.0,2,3
CHEMBL3289785,2,2,1.0,1,0
CHEMBL329005,4,4,1.0,1,0
CHEMBL3290949,0,2,0.0,1,2
CHEMBL3290950,0,2,0.0,1,2
CHEMBL3291223,0,2,0.0,1,2
CHEMBL3291224,0,2,0.0,1,2
CHEMBL3291225,0,2,0.0,1,2
CHEMBL3291226,0,2,0.0,1,2
CHEMBL3291227,2,2,1.0,1,0
CHEMBL3291228,0,2,0.0,1,2
CHEMBL3291229,0,2,0.0,1,2
CHEMBL3291230,0,2,0.0,1,2
CHEMBL3291231,0,2,0.0,1,2
CHEMBL3291232,0,2,0.0,1,2
CHEMBL3291233,0,2,0.0,1,2
CHEMBL3291234,0,2,0.0,1,2
CHEMBL3291235,0,2,0.0,1,2
CHEMBL3291236,0,2,0.0,1,2
CHEMBL329244,0,1,0.0,1,1
CHEMBL329437,0,1,0.0,1,1
CHEMBL329635,4,4,1.0,1,0
CHEMBL329705,0,6,0.0,2,6
CHEMBL3297832,4,4,1.0,3,0
CHEMBL3297840,0,1,0.0,1,1
CHEMBL3297841,0,1,0.0,1,1
CHEMBL3297842,0,1,0.0,1,1
CHEMBL3297843,0,1,0.0,1,1
CHEMBL3297844,0,1,0.0,1,1
CHEMBL3297845,0,1,0.0,1,1
CHEMBL3297846,0,1,0.0,1,1
CHEMBL329792,4,4,1.0,1,0
CHEMBL329794,0,4,0.0,1,4
CHEMBL3297945,0,1,0.0,1,1
CHEMBL3297946,0,1,0.0,1,1
CHEMBL3297947,0,1,0.0,1,1
CHEMBL3297948,0,1,0.0,1,1
CHEMBL3297949,0,1,0.0,1,1
CHEMBL3297950,0,1,0.0,1,1
CHEMBL3297951,0,1,0.0,1,1
CHEMBL3298039,0,1,0.0,1,1
CHEMBL3298040,0,1,0.0,1,1
CHEMBL3298041,0,1,0.0,1,1
CHEMBL3298042,0,1,0.0,1,1
CHEMBL3298043,0,1,0.0,1,1
CHEMBL3298044,0,1,0.0,1,1
CHEMBL3298045,0,1,0.0,1,1
CHEMBL3298046,0,1,0.0,1,1
CHEMBL3298047,0,1,0.0,1,1
CHEMBL3298191,0,1,0.0,1,1
CHEMBL3298192,0,1,0.0,1,1
CHEMBL3298193,0,1,0.0,1,1
CHEMBL3298194,1,1,1.0,1,0
CHEMBL329889,0,1,0.0,1,1
CHEMBL330010,1,1,1.0,1,0
CHEMBL330160,3,3,1.0,1,0
CHEMBL330292,1,1,1.0,1,0
CHEMBL330351,0,1,0.0,1,1
CHEMBL330563,1,1,1.0,1,0
CHEMBL330657,0,1,0.0,1,1
CHEMBL3310505,1,1,1.0,1,0
CHEMBL331215,1,1,1.0,1,0
CHEMBL331252,1,1,1.0,1,0
CHEMBL331335,1,1,1.0,1,0
CHEMBL331366,1,1,1.0,1,0
CHEMBL331778,1,1,1.0,1,0
CHEMBL331842,2,2,1.0,2,0
CHEMBL331920,1,1,1.0,1,0
CHEMBL332269,0,1,0.0,1,1
CHEMBL332342,0,1,0.0,1,1
CHEMBL332401,1,1,1.0,1,0
CHEMBL3326319,2,2,1.0,1,0
CHEMBL3326320,0,2,0.0,1,2
CHEMBL3326322,0,2,0.0,1,2
CHEMBL3326323,0,2,0.0,1,2
CHEMBL3326324,0,2,0.0,1,2
CHEMBL3326325,0,2,0.0,1,2
CHEMBL3326326,0,2,0.0,1,2
CHEMBL3326327,0,2,0.0,1,2
CHEMBL3326328,0,2,0.0,1,2
CHEMBL3326329,0,2,0.0,1,2
CHEMBL3326330,0,2,0.0,1,2
CHEMBL3326331,2,2,1.0,1,0
CHEMBL3326332,2,2,1.0,1,0
CHEMBL332666,1,1,1.0,1,0
CHEMBL332689,1,1,1.0,1,0
CHEMBL332738,0,1,0.0,1,1
CHEMBL333243,2,2,1.0,2,0
CHEMBL333309,0,1,0.0,1,1
CHEMBL3337845,4,8,0.5,2,4
CHEMBL3337846,5,6,0.8333333333333334,2,1
CHEMBL3337847,2,2,1.0,1,0
CHEMBL3337848,2,2,1.0,1,0
CHEMBL3337849,3,3,1.0,1,0
CHEMBL3337850,2,2,1.0,1,0
CHEMBL3337851,2,2,1.0,1,0
CHEMBL3337852,2,2,1.0,1,0
CHEMBL3337853,2,2,1.0,1,0
CHEMBL3337854,2,2,1.0,1,0
CHEMBL3337855,1,1,1.0,1,0
CHEMBL3337856,1,1,1.0,1,0
CHEMBL3338456,0,1,0.0,1,1
CHEMBL3338457,0,1,0.0,1,1
CHEMBL3338458,0,1,0.0,1,1
CHEMBL3338459,0,1,0.0,1,1
CHEMBL3338460,0,1,0.0,1,1
CHEMBL3338461,0,1,0.0,1,1
CHEMBL3338462,0,1,0.0,1,1
CHEMBL3338463,0,1,0.0,1,1
CHEMBL3338464,0,1,0.0,1,1
CHEMBL3338465,0,1,0.0,1,1
CHEMBL3338466,0,1,0.0,1,1
CHEMBL3338467,0,1,0.0,1,1
CHEMBL3338468,0,1,0.0,1,1
CHEMBL3338469,0,1,0.0,1,1
CHEMBL3338470,0,1,0.0,1,1
CHEMBL333899,1,1,1.0,1,0
CHEMBL3339198,0,1,0.0,1,1
CHEMBL3339199,0,1,0.0,1,1
CHEMBL3339200,0,1,0.0,1,1
CHEMBL3339201,0,1,0.0,1,1
CHEMBL3339202,0,1,0.0,1,1
CHEMBL3339203,0,1,0.0,1,1
CHEMBL3339204,0,1,0.0,1,1
CHEMBL3339205,1,1,1.0,1,0
CHEMBL3339206,0,1,0.0,1,1
CHEMBL3339207,0,1,0.0,1,1
CHEMBL3339208,0,1,0.0,1,1
CHEMBL333923,1,1,1.0,1,0
CHEMBL334158,0,1,0.0,1,1
CHEMBL334184,2,2,1.0,2,0
CHEMBL334188,0,1,0.0,1,1
CHEMBL334195,1,1,1.0,1,0
CHEMBL334215,2,2,1.0,2,0
CHEMBL334248,0,1,0.0,1,1
CHEMBL334333,0,1,0.0,1,1
CHEMBL334341,0,1,0.0,1,1
CHEMBL3343945,0,1,0.0,1,1
CHEMBL334451,0,1,0.0,1,1
CHEMBL334853,3,3,1.0,2,0
CHEMBL334881,0,8,0.0,1,8
CHEMBL3349325,4,4,1.0,1,0
CHEMBL3349326,4,4,1.0,1,0
CHEMBL3349327,0,4,0.0,1,4
CHEMBL3349689,0,1,0.0,1,1
CHEMBL3349690,0,1,0.0,1,1
CHEMBL3349691,0,1,0.0,1,1
CHEMBL3349692,0,1,0.0,1,1
CHEMBL3351092,0,1,0.0,1,1
CHEMBL335486,3,3,1.0,2,0
CHEMBL3355009,2,2,1.0,1,0
CHEMBL3355029,1,1,1.0,1,0
CHEMBL3359036,1,1,1.0,1,0
CHEMBL3359158,1,2,0.5,1,1
CHEMBL3359159,0,2,0.0,1,2
CHEMBL3359160,0,2,0.0,1,2
CHEMBL3359161,0,2,0.0,1,2
CHEMBL3359162,1,3,0.3333333333333333,1,2
CHEMBL3359163,0,2,0.0,1,2
CHEMBL336001,1,1,1.0,1,0
CHEMBL336093,1,1,1.0,1,0
CHEMBL336330,0,1,0.0,1,1
CHEMBL336544,0,1,0.0,1,1
CHEMBL336681,1,1,1.0,1,0
CHEMBL336961,1,1,1.0,1,0
CHEMBL336963,1,1,1.0,1,0
CHEMBL337100,0,1,0.0,1,1
CHEMBL337157,1,1,1.0,1,0
CHEMBL337522,1,1,1.0,1,0
CHEMBL337834,3,3,1.0,2,0
CHEMBL337993,0,1,0.0,1,1
CHEMBL338094,4,4,1.0,4,0
CHEMBL338159,1,1,1.0,1,0
CHEMBL338203,0,1,0.0,1,1
CHEMBL338352,0,1,0.0,1,1
CHEMBL338488,0,1,0.0,1,1
CHEMBL338508,1,1,1.0,1,0
CHEMBL338983,0,1,0.0,1,1
CHEMBL3393599,0,1,0.0,1,1
CHEMBL3393604,0,1,0.0,1,1
CHEMBL339383,1,1,1.0,1,0
CHEMBL3394145,0,1,0.0,1,1
CHEMBL3394146,0,1,0.0,1,1
CHEMBL3394147,0,1,0.0,1,1
CHEMBL3394148,0,1,0.0,1,1
CHEMBL3394149,0,1,0.0,1,1
CHEMBL3394150,0,1,0.0,1,1
CHEMBL3394151,1,1,1.0,1,0
CHEMBL3394152,0,1,0.0,1,1
CHEMBL3394153,1,1,1.0,1,0
CHEMBL3394154,0,1,0.0,1,1
CHEMBL3394155,1,1,1.0,1,0
CHEMBL3394156,0,1,0.0,1,1
CHEMBL3394157,1,1,1.0,1,0
CHEMBL3394158,0,1,0.0,1,1
CHEMBL3394159,0,1,0.0,1,1
CHEMBL3394160,0,1,0.0,1,1
CHEMBL3394161,1,1,1.0,1,0
CHEMBL3394162,1,1,1.0,1,0
CHEMBL3394163,1,1,1.0,1,0
CHEMBL3394232,1,1,1.0,1,0
CHEMBL3394233,1,1,1.0,1,0
CHEMBL3394234,1,1,1.0,1,0
CHEMBL3394235,1,1,1.0,1,0
CHEMBL3394236,1,1,1.0,1,0
CHEMBL3394237,1,1,1.0,1,0
CHEMBL3394240,1,1,1.0,1,0
CHEMBL3394241,1,1,1.0,1,0
CHEMBL3394242,1,1,1.0,1,0
CHEMBL3394243,0,1,0.0,1,1
CHEMBL3394244,1,1,1.0,1,0
CHEMBL3394245,1,1,1.0,1,0
CHEMBL3394246,1,1,1.0,1,0
CHEMBL3394247,1,1,1.0,1,0
CHEMBL3394248,1,1,1.0,1,0
CHEMBL3394249,1,1,1.0,1,0
CHEMBL3394250,1,1,1.0,1,0
CHEMBL3394251,0,1,0.0,1,1
CHEMBL3394252,0,1,0.0,1,1
CHEMBL339856,0,1,0.0,1,1
CHEMBL3401118,1,1,1.0,1,0
CHEMBL3401266,1,1,1.0,1,0
CHEMBL3401267,1,1,1.0,1,0
CHEMBL3401269,1,1,1.0,1,0
CHEMBL3401270,0,1,0.0,1,1
CHEMBL3401271,0,1,0.0,1,1
CHEMBL3401272,1,1,1.0,1,0
CHEMBL3401273,0,1,0.0,1,1
CHEMBL3401275,0,1,0.0,1,1
CHEMBL3401276,1,1,1.0,1,0
CHEMBL3401277,1,1,1.0,1,0
CHEMBL3401278,0,1,0.0,1,1
CHEMBL3401283,0,1,0.0,1,1
CHEMBL3401286,0,1,0.0,1,1
CHEMBL3401288,0,1,0.0,1,1
CHEMBL3401289,1,1,1.0,1,0
CHEMBL3401290,1,1,1.0,1,0
CHEMBL3401291,0,1,0.0,1,1
CHEMBL3401292,1,1,1.0,1,0
CHEMBL340322,0,1,0.0,1,1
CHEMBL3403678,1,1,1.0,1,0
CHEMBL340604,0,1,0.0,1,1
CHEMBL3407526,0,1,0.0,1,1
CHEMBL340803,0,1,0.0,1,1
CHEMBL340874,0,1,0.0,1,1
CHEMBL3408794,0,3,0.0,2,3
CHEMBL3408795,0,3,0.0,2,3
CHEMBL3408796,0,3,0.0,2,3
CHEMBL3408797,0,3,0.0,2,3
CHEMBL3408798,0,3,0.0,2,3
CHEMBL3408799,1,3,0.3333333333333333,2,2
CHEMBL3408800,0,3,0.0,2,3
CHEMBL3408801,0,3,0.0,2,3
CHEMBL3408802,0,3,0.0,2,3
CHEMBL3408803,1,3,0.3333333333333333,2,2
CHEMBL3408804,0,3,0.0,2,3
CHEMBL3408805,0,3,0.0,2,3
CHEMBL3408806,0,3,0.0,2,3
CHEMBL3408807,0,3,0.0,2,3
CHEMBL3408808,0,3,0.0,2,3
CHEMBL3408809,0,3,0.0,2,3
CHEMBL3408810,0,3,0.0,2,3
CHEMBL3410036,1,1,1.0,1,0
CHEMBL3410040,1,1,1.0,1,0
CHEMBL3410041,1,1,1.0,1,0
CHEMBL3410042,1,1,1.0,1,0
CHEMBL3410045,1,1,1.0,1,0
CHEMBL3410048,1,1,1.0,1,0
CHEMBL3410053,1,1,1.0,1,0
CHEMBL3410055,1,1,1.0,1,0
CHEMBL3410056,1,1,1.0,1,0
CHEMBL341026,0,1,0.0,1,1
CHEMBL341264,0,1,0.0,1,1
CHEMBL341559,1,1,1.0,1,0
CHEMBL341579,1,1,1.0,1,0
CHEMBL342310,1,1,1.0,1,0
CHEMBL342475,0,1,0.0,1,1
CHEMBL342523,1,1,1.0,1,0
CHEMBL3425671,0,2,0.0,1,2
CHEMBL342952,1,1,1.0,1,0
CHEMBL343227,1,1,1.0,1,0
CHEMBL343705,0,1,0.0,1,1
CHEMBL344314,1,1,1.0,1,0
CHEMBL344625,1,1,1.0,1,0
CHEMBL344738,0,1,0.0,1,1
CHEMBL344800,1,1,1.0,1,0
CHEMBL345593,8,10,0.8,3,2
CHEMBL345639,8,10,0.8,3,2
CHEMBL346038,8,10,0.8,3,2
CHEMBL346467,8,10,0.8,3,2
CHEMBL346622,1,1,1.0,1,0
CHEMBL347128,0,4,0.0,1,4
CHEMBL347154,8,8,1.0,1,0
CHEMBL347592,4,4,1.0,1,0
CHEMBL348177,8,9,0.8888888888888888,2,1
CHEMBL348228,1,1,1.0,1,0
CHEMBL348563,8,8,1.0,1,0
CHEMBL348712,1,1,1.0,1,0
CHEMBL348902,8,8,1.0,1,0
CHEMBL352619,1,1,1.0,1,0
CHEMBL352666,1,1,1.0,1,0
CHEMBL352710,2,2,1.0,1,0
CHEMBL352742,2,2,1.0,1,0
CHEMBL352801,1,2,0.5,1,1
CHEMBL352829,0,1,0.0,1,1
CHEMBL352954,1,2,0.5,1,1
CHEMBL353017,2,2,1.0,1,0
CHEMBL353823,0,1,0.0,1,1
CHEMBL354033,0,1,0.0,1,1
CHEMBL354271,2,2,1.0,1,0
CHEMBL354310,1,2,0.5,1,1
CHEMBL354370,2,2,1.0,1,0
CHEMBL3545215,1,1,1.0,1,0
CHEMBL35482,0,2,0.0,1,2
CHEMBL354881,2,2,1.0,1,0
CHEMBL355019,1,1,1.0,1,0
CHEMBL355191,2,2,1.0,1,0
CHEMBL355269,0,1,0.0,1,1
CHEMBL355322,0,1,0.0,1,1
CHEMBL355330,2,2,1.0,1,0
CHEMBL355891,0,1,0.0,1,1
CHEMBL3560310,2,2,1.0,2,0
CHEMBL3561083,2,2,1.0,2,0
CHEMBL3561335,2,2,1.0,2,0
CHEMBL3561575,2,2,1.0,2,0
CHEMBL3561846,2,2,1.0,2,0
CHEMBL356256,1,1,1.0,1,0
CHEMBL356896,1,1,1.0,1,0
CHEMBL358095,2,2,1.0,1,0
CHEMBL3586468,1,1,1.0,1,0
CHEMBL3586473,1,1,1.0,1,0
CHEMBL358714,1,1,1.0,1,0
CHEMBL35886,0,4,0.0,1,4
CHEMBL3589320,1,1,1.0,1,0
CHEMBL3589321,1,1,1.0,1,0
CHEMBL3589322,1,1,1.0,1,0
CHEMBL3589323,1,1,1.0,1,0
CHEMBL3589324,1,1,1.0,1,0
CHEMBL3589370,1,1,1.0,1,0
CHEMBL3589371,1,1,1.0,1,0
CHEMBL3589372,1,1,1.0,1,0
CHEMBL3589373,0,1,0.0,1,1
CHEMBL3589374,0,1,0.0,1,1
CHEMBL3589375,1,1,1.0,1,0
CHEMBL3589376,1,1,1.0,1,0
CHEMBL3589377,1,1,1.0,1,0
CHEMBL3589378,1,1,1.0,1,0
CHEMBL3589379,1,1,1.0,1,0
CHEMBL3589660,3,4,0.75,4,1
CHEMBL3589661,3,4,0.75,4,1
CHEMBL3589662,2,4,0.5,4,2
CHEMBL3589663,0,1,0.0,1,1
CHEMBL3589664,3,4,0.75,4,1
CHEMBL3589665,3,4,0.75,4,1
CHEMBL3589666,3,4,0.75,4,1
CHEMBL3589667,0,4,0.0,4,4
CHEMBL3589668,1,1,1.0,1,0
CHEMBL3589669,2,4,0.5,4,2
CHEMBL3589670,0,4,0.0,4,4
CHEMBL3589671,0,4,0.0,4,4
CHEMBL3589672,1,4,0.25,4,3
CHEMBL3589673,1,1,1.0,1,0
CHEMBL3589674,2,4,0.5,4,2
CHEMBL3589675,1,1,1.0,1,0
CHEMBL3589774,1,1,1.0,1,0
CHEMBL3589775,2,4,0.5,4,2
CHEMBL359486,0,6,0.0,3,6
CHEMBL359961,4,4,1.0,1,0
CHEMBL360002,0,1,0.0,1,1
CHEMBL360077,0,1,0.0,1,1
CHEMBL360304,0,6,0.0,3,6
CHEMBL360526,1,1,1.0,1,0
CHEMBL360749,3,3,1.0,1,0
CHEMBL3608321,1,1,1.0,1,0
CHEMBL3608924,0,1,0.0,1,1
CHEMBL3608925,0,1,0.0,1,1
CHEMBL3608926,0,1,0.0,1,1
CHEMBL3608927,0,1,0.0,1,1
CHEMBL3608928,0,1,0.0,1,1
CHEMBL3608929,0,1,0.0,1,1
CHEMBL3608930,0,1,0.0,1,1
CHEMBL3608931,0,1,0.0,1,1
CHEMBL3608932,0,1,0.0,1,1
CHEMBL3608933,0,1,0.0,1,1
CHEMBL3608934,0,1,0.0,1,1
CHEMBL3608935,0,1,0.0,1,1
CHEMBL3608936,0,1,0.0,1,1
CHEMBL3609536,0,1,0.0,1,1
CHEMBL3609537,0,1,0.0,1,1
CHEMBL3609538,0,1,0.0,1,1
CHEMBL3609539,0,1,0.0,1,1
CHEMBL3609540,0,1,0.0,1,1
CHEMBL3609541,0,1,0.0,1,1
CHEMBL3609542,0,1,0.0,1,1
CHEMBL3609543,0,1,0.0,1,1
CHEMBL3609544,0,1,0.0,1,1
CHEMBL3609545,0,1,0.0,1,1
CHEMBL3609564,2,2,1.0,1,0
CHEMBL3609565,2,2,1.0,1,0
CHEMBL3609566,2,2,1.0,1,0
CHEMBL3609567,2,2,1.0,1,0
CHEMBL3609568,2,2,1.0,1,0
CHEMBL3609569,2,2,1.0,1,0
CHEMBL3609654,2,2,1.0,1,0
CHEMBL3609655,2,2,1.0,1,0
CHEMBL3609656,0,2,0.0,1,2
CHEMBL3609657,2,2,1.0,1,0
CHEMBL3609658,2,2,1.0,1,0
CHEMBL3609659,0,2,0.0,1,2
CHEMBL3609660,2,2,1.0,1,0
CHEMBL3609662,2,2,1.0,1,0
CHEMBL3609663,2,2,1.0,1,0
CHEMBL3609664,0,2,0.0,1,2
CHEMBL3609665,2,2,1.0,1,0
CHEMBL3609667,2,2,1.0,1,0
CHEMBL3609668,2,2,1.0,1,0
CHEMBL3609669,2,2,1.0,1,0
CHEMBL3609671,2,2,1.0,1,0
CHEMBL3609672,0,2,0.0,1,2
CHEMBL3609673,0,2,0.0,1,2
CHEMBL3609674,2,2,1.0,1,0
CHEMBL3609675,2,2,1.0,1,0
CHEMBL3609744,2,2,1.0,1,0
CHEMBL3609745,2,2,1.0,1,0
CHEMBL3609746,2,2,1.0,1,0
CHEMBL361265,0,1,0.0,1,1
CHEMBL361660,0,1,0.0,1,1
CHEMBL361708,2,2,1.0,2,0
CHEMBL361886,0,1,0.0,1,1
CHEMBL3622826,1,1,1.0,1,0
CHEMBL362502,0,1,0.0,1,1
CHEMBL362785,0,1,0.0,1,1
CHEMBL362838,4,4,1.0,1,0
CHEMBL362839,0,1,0.0,1,1
CHEMBL362926,0,1,0.0,1,1
CHEMBL362932,0,1,0.0,1,1
CHEMBL362934,0,1,0.0,1,1
CHEMBL362939,0,2,0.0,1,2
CHEMBL363155,1,1,1.0,1,0
CHEMBL363253,1,1,1.0,1,0
CHEMBL363254,1,1,1.0,1,0
CHEMBL363296,0,1,0.0,1,1
CHEMBL363304,0,1,0.0,1,1
CHEMBL363355,1,1,1.0,1,0
CHEMBL363357,0,1,0.0,1,1
CHEMBL3634367,0,3,0.0,2,3
CHEMBL363491,0,1,0.0,1,1
CHEMBL363514,0,1,0.0,1,1
CHEMBL363551,0,1,0.0,1,1
CHEMBL363556,0,1,0.0,1,1
CHEMBL363568,1,1,1.0,1,0
CHEMBL363887,0,2,0.0,1,2
CHEMBL3639500,1,1,1.0,1,0
CHEMBL3639533,3,3,1.0,2,0
CHEMBL3639534,1,1,1.0,1,0
CHEMBL3639535,1,1,1.0,1,0
CHEMBL3639572,1,1,1.0,1,0
CHEMBL3639590,1,1,1.0,1,0
CHEMBL3639716,1,1,1.0,1,0
CHEMBL363972,0,1,0.0,1,1
CHEMBL364053,0,1,0.0,1,1
CHEMBL3643349,1,1,1.0,1,0
CHEMBL3643407,1,1,1.0,1,0
CHEMBL3643413,5,8,0.625,3,3
CHEMBL3643414,1,1,1.0,1,0
CHEMBL3643427,1,1,1.0,1,0
CHEMBL3643429,1,1,1.0,1,0
CHEMBL364448,1,1,1.0,1,0
CHEMBL3645227,1,1,1.0,1,0
CHEMBL3645228,1,1,1.0,1,0
CHEMBL3645229,1,1,1.0,1,0
CHEMBL3645230,1,1,1.0,1,0
CHEMBL3645231,1,1,1.0,1,0
CHEMBL3645232,1,1,1.0,1,0
CHEMBL3645233,1,1,1.0,1,0
CHEMBL3645234,1,1,1.0,1,0
CHEMBL3645235,1,1,1.0,1,0
CHEMBL3645236,1,1,1.0,1,0
CHEMBL3645237,1,1,1.0,1,0
CHEMBL3645238,1,1,1.0,1,0
CHEMBL3645239,1,1,1.0,1,0
CHEMBL3645240,1,1,1.0,1,0
CHEMBL364572,1,1,1.0,1,0
CHEMBL364623,1,1,1.0,1,0
CHEMBL364637,1,1,1.0,1,0
CHEMBL364757,1,1,1.0,1,0
CHEMBL3647980,1,1,1.0,1,0
CHEMBL3647981,1,1,1.0,1,0
CHEMBL3647982,1,1,1.0,1,0
CHEMBL3647983,1,1,1.0,1,0
CHEMBL3647984,1,1,1.0,1,0
CHEMBL3647985,1,1,1.0,1,0
CHEMBL3647986,1,1,1.0,1,0
CHEMBL3647987,1,1,1.0,1,0
CHEMBL3647988,1,1,1.0,1,0
CHEMBL3647989,1,1,1.0,1,0
CHEMBL3647990,1,1,1.0,1,0
CHEMBL3647991,1,1,1.0,1,0
CHEMBL3647992,1,1,1.0,1,0
CHEMBL3647993,1,1,1.0,1,0
CHEMBL3647994,1,1,1.0,1,0
CHEMBL3647995,1,1,1.0,1,0
CHEMBL3647996,1,1,1.0,1,0
CHEMBL3647997,1,1,1.0,1,0
CHEMBL3647998,1,1,1.0,1,0
CHEMBL3647999,1,1,1.0,1,0
CHEMBL3648000,1,1,1.0,1,0
CHEMBL3648001,1,1,1.0,1,0
CHEMBL3648002,1,1,1.0,1,0
CHEMBL3648003,1,1,1.0,1,0
CHEMBL3648004,1,1,1.0,1,0
CHEMBL364882,0,1,0.0,1,1
CHEMBL364887,0,1,0.0,1,1
CHEMBL364940,1,1,1.0,1,0
CHEMBL365076,1,1,1.0,1,0
CHEMBL365098,0,1,0.0,1,1
CHEMBL3650985,2,2,1.0,1,0
CHEMBL3651159,1,1,1.0,1,0
CHEMBL3651160,1,1,1.0,1,0
CHEMBL3651161,1,1,1.0,1,0
CHEMBL3651162,3,3,1.0,2,0
CHEMBL3651163,3,3,1.0,2,0
CHEMBL3651164,3,3,1.0,2,0
CHEMBL3651165,3,3,1.0,2,0
CHEMBL3651166,1,1,1.0,1,0
CHEMBL3651167,1,1,1.0,1,0
CHEMBL3651168,1,1,1.0,1,0
CHEMBL3651169,3,3,1.0,2,0
CHEMBL3651170,1,1,1.0,1,0
CHEMBL3651171,3,3,1.0,2,0
CHEMBL3651172,3,3,1.0,2,0
CHEMBL3651173,3,3,1.0,2,0
CHEMBL3651174,3,3,1.0,2,0
CHEMBL3651175,3,3,1.0,2,0
CHEMBL3651176,2,2,1.0,2,0
CHEMBL3651177,1,1,1.0,1,0
CHEMBL3651178,2,2,1.0,2,0
CHEMBL3651179,2,2,1.0,2,0
CHEMBL3651180,1,1,1.0,1,0
CHEMBL3651181,2,2,1.0,2,0
CHEMBL3651182,2,2,1.0,2,0
CHEMBL3651183,1,1,1.0,1,0
CHEMBL3651184,1,1,1.0,1,0
CHEMBL3651185,1,1,1.0,1,0
CHEMBL3651186,1,1,1.0,1,0
CHEMBL3651187,1,1,1.0,1,0
CHEMBL3651188,1,1,1.0,1,0
CHEMBL3651189,1,1,1.0,1,0
CHEMBL3651190,1,1,1.0,1,0
CHEMBL3651191,1,1,1.0,1,0
CHEMBL3651192,1,1,1.0,1,0
CHEMBL3651193,1,1,1.0,1,0
CHEMBL365123,0,1,0.0,1,1
CHEMBL365133,0,1,0.0,1,1
CHEMBL365140,0,1,0.0,1,1
CHEMBL365146,0,1,0.0,1,1
CHEMBL365191,0,1,0.0,1,1
CHEMBL365328,1,1,1.0,1,0
CHEMBL365377,1,1,1.0,1,0
CHEMBL3654447,1,1,1.0,1,0
CHEMBL3654448,1,1,1.0,1,0
CHEMBL3654449,1,1,1.0,1,0
CHEMBL3654450,1,1,1.0,1,0
CHEMBL3654451,1,1,1.0,1,0
CHEMBL3654452,1,1,1.0,1,0
CHEMBL3654453,1,1,1.0,1,0
CHEMBL3654454,1,1,1.0,1,0
CHEMBL3654455,1,1,1.0,1,0
CHEMBL3654456,1,1,1.0,1,0
CHEMBL3654457,1,1,1.0,1,0
CHEMBL3654458,1,1,1.0,1,0
CHEMBL3654459,3,3,1.0,2,0
CHEMBL3654460,3,3,1.0,2,0
CHEMBL3654461,3,3,1.0,2,0
CHEMBL3654462,3,3,1.0,2,0
CHEMBL3654463,3,3,1.0,2,0
CHEMBL3654464,1,1,1.0,1,0
CHEMBL3654465,1,1,1.0,1,0
CHEMBL3654466,1,1,1.0,1,0
CHEMBL3654467,1,1,1.0,1,0
CHEMBL3654468,1,1,1.0,1,0
CHEMBL3654469,1,1,1.0,1,0
CHEMBL3654470,1,1,1.0,1,0
CHEMBL3654471,1,1,1.0,1,0
CHEMBL3654472,1,1,1.0,1,0
CHEMBL3654473,1,1,1.0,1,0
CHEMBL3654474,1,1,1.0,1,0
CHEMBL3654475,1,1,1.0,1,0
CHEMBL3654476,1,1,1.0,1,0
CHEMBL3654477,2,2,1.0,2,0
CHEMBL3654478,2,2,1.0,2,0
CHEMBL3654479,2,2,1.0,2,0
CHEMBL3654480,2,2,1.0,2,0
CHEMBL3654481,2,2,1.0,2,0
CHEMBL3654482,2,2,1.0,2,0
CHEMBL3654483,2,2,1.0,2,0
CHEMBL3654484,2,2,1.0,2,0
CHEMBL3654485,2,2,1.0,2,0
CHEMBL3654486,2,2,1.0,2,0
CHEMBL3654487,2,2,1.0,2,0
CHEMBL3654488,2,2,1.0,2,0
CHEMBL3654489,2,2,1.0,2,0
CHEMBL3654490,2,2,1.0,2,0
CHEMBL3654491,2,2,1.0,2,0
CHEMBL3654492,2,2,1.0,2,0
CHEMBL3654493,2,2,1.0,2,0
CHEMBL3654494,2,2,1.0,2,0
CHEMBL3654495,2,2,1.0,2,0
CHEMBL3654496,2,2,1.0,2,0
CHEMBL3654497,2,2,1.0,2,0
CHEMBL3654498,2,2,1.0,2,0
CHEMBL3654499,2,2,1.0,2,0
CHEMBL3654500,2,2,1.0,2,0
CHEMBL3654501,2,2,1.0,2,0
CHEMBL3654502,2,2,1.0,2,0
CHEMBL3654503,2,2,1.0,2,0
CHEMBL3654504,2,2,1.0,2,0
CHEMBL3654505,2,2,1.0,2,0
CHEMBL3654506,2,2,1.0,2,0
CHEMBL3654507,2,2,1.0,2,0
CHEMBL3654508,2,2,1.0,2,0
CHEMBL3654509,2,2,1.0,2,0
CHEMBL3654510,2,2,1.0,2,0
CHEMBL3654511,2,2,1.0,2,0
CHEMBL3654512,2,2,1.0,2,0
CHEMBL3654513,2,2,1.0,2,0
CHEMBL3654514,2,2,1.0,2,0
CHEMBL3654515,2,2,1.0,2,0
CHEMBL3654516,2,2,1.0,2,0
CHEMBL3654517,2,2,1.0,2,0
CHEMBL3654518,2,2,1.0,2,0
CHEMBL3654519,2,2,1.0,2,0
CHEMBL3654520,2,2,1.0,2,0
CHEMBL3654521,2,2,1.0,2,0
CHEMBL3654522,2,2,1.0,2,0
CHEMBL3654523,2,2,1.0,2,0
CHEMBL3654524,2,2,1.0,2,0
CHEMBL3654525,2,2,1.0,2,0
CHEMBL3654526,2,2,1.0,2,0
CHEMBL3654527,2,2,1.0,2,0
CHEMBL3654528,2,2,1.0,2,0
CHEMBL3654529,2,2,1.0,2,0
CHEMBL3654530,2,2,1.0,2,0
CHEMBL3654531,2,2,1.0,2,0
CHEMBL3654532,2,2,1.0,2,0
CHEMBL3654533,2,2,1.0,2,0
CHEMBL3654534,2,2,1.0,2,0
CHEMBL3654535,2,2,1.0,2,0
CHEMBL3654536,2,2,1.0,2,0
CHEMBL3654537,2,2,1.0,2,0
CHEMBL3654538,2,2,1.0,2,0
CHEMBL3654539,2,2,1.0,2,0
CHEMBL3654540,2,2,1.0,2,0
CHEMBL3654541,2,2,1.0,2,0
CHEMBL3654542,1,1,1.0,1,0
CHEMBL3654543,1,1,1.0,1,0
CHEMBL3654544,1,1,1.0,1,0
CHEMBL3654545,1,1,1.0,1,0
CHEMBL3654546,1,1,1.0,1,0
CHEMBL3654547,1,1,1.0,1,0
CHEMBL3654548,1,1,1.0,1,0
CHEMBL3654549,1,1,1.0,1,0
CHEMBL3654550,1,1,1.0,1,0
CHEMBL3654551,1,1,1.0,1,0
CHEMBL3654552,1,1,1.0,1,0
CHEMBL3654553,1,1,1.0,1,0
CHEMBL3654554,1,1,1.0,1,0
CHEMBL3654555,1,1,1.0,1,0
CHEMBL3654556,1,1,1.0,1,0
CHEMBL3654557,1,1,1.0,1,0
CHEMBL3654558,2,2,1.0,1,0
CHEMBL3654559,1,1,1.0,1,0
CHEMBL3654560,1,1,1.0,1,0
CHEMBL3654561,1,1,1.0,1,0
CHEMBL3654562,1,1,1.0,1,0
CHEMBL3654563,1,1,1.0,1,0
CHEMBL3654564,1,1,1.0,1,0
CHEMBL3654565,1,1,1.0,1,0
CHEMBL3654566,1,1,1.0,1,0
CHEMBL3654567,1,1,1.0,1,0
CHEMBL3654568,1,1,1.0,1,0
CHEMBL3654569,1,1,1.0,1,0
CHEMBL3654570,1,1,1.0,1,0
CHEMBL3654571,1,1,1.0,1,0
CHEMBL3654572,1,1,1.0,1,0
CHEMBL3654573,1,1,1.0,1,0
CHEMBL3654574,1,1,1.0,1,0
CHEMBL3654575,1,1,1.0,1,0
CHEMBL3654576,1,1,1.0,1,0
CHEMBL3654577,1,1,1.0,1,0
CHEMBL3654578,1,1,1.0,1,0
CHEMBL3654579,1,1,1.0,1,0
CHEMBL3654580,1,1,1.0,1,0
CHEMBL3654581,1,1,1.0,1,0
CHEMBL3654582,1,1,1.0,1,0
CHEMBL3654583,1,1,1.0,1,0
CHEMBL3654584,1,1,1.0,1,0
CHEMBL3654585,1,1,1.0,1,0
CHEMBL3654586,1,1,1.0,1,0
CHEMBL3654587,1,1,1.0,1,0
CHEMBL3654588,1,1,1.0,1,0
CHEMBL3654589,1,1,1.0,1,0
CHEMBL3654590,1,1,1.0,1,0
CHEMBL3654591,1,1,1.0,1,0
CHEMBL3654592,2,2,1.0,1,0
CHEMBL3654593,2,2,1.0,1,0
CHEMBL3654594,1,1,1.0,1,0
CHEMBL3654595,1,1,1.0,1,0
CHEMBL3654596,1,1,1.0,1,0
CHEMBL3654597,1,1,1.0,1,0
CHEMBL3654598,1,1,1.0,1,0
CHEMBL3654599,1,1,1.0,1,0
CHEMBL3654600,1,1,1.0,1,0
CHEMBL3654601,1,1,1.0,1,0
CHEMBL3654602,1,1,1.0,1,0
CHEMBL3654603,1,1,1.0,1,0
CHEMBL3654604,1,1,1.0,1,0
CHEMBL3654605,1,1,1.0,1,0
CHEMBL3654606,1,1,1.0,1,0
CHEMBL3654607,1,1,1.0,1,0
CHEMBL3654608,1,1,1.0,1,0
CHEMBL3654609,1,1,1.0,1,0
CHEMBL3654610,1,1,1.0,1,0
CHEMBL3654611,1,1,1.0,1,0
CHEMBL3654612,1,1,1.0,1,0
CHEMBL3654613,1,1,1.0,1,0
CHEMBL3654614,1,1,1.0,1,0
CHEMBL3654615,1,1,1.0,1,0
CHEMBL3654616,1,1,1.0,1,0
CHEMBL3654617,1,1,1.0,1,0
CHEMBL3654618,1,1,1.0,1,0
CHEMBL3654619,1,1,1.0,1,0
CHEMBL3654620,1,1,1.0,1,0
CHEMBL3654621,1,1,1.0,1,0
CHEMBL3654622,2,2,1.0,1,0
CHEMBL3654623,1,1,1.0,1,0
CHEMBL3654624,1,1,1.0,1,0
CHEMBL3654625,1,1,1.0,1,0
CHEMBL3654626,1,1,1.0,1,0
CHEMBL3654627,1,1,1.0,1,0
CHEMBL3654628,1,1,1.0,1,0
CHEMBL3654629,1,1,1.0,1,0
CHEMBL3654630,1,1,1.0,1,0
CHEMBL3654631,1,1,1.0,1,0
CHEMBL3654632,1,1,1.0,1,0
CHEMBL3654633,1,1,1.0,1,0
CHEMBL3654634,1,1,1.0,1,0
CHEMBL3654635,1,1,1.0,1,0
CHEMBL3654636,1,1,1.0,1,0
CHEMBL3654637,2,2,1.0,1,0
CHEMBL3654638,1,1,1.0,1,0
CHEMBL3654639,1,1,1.0,1,0
CHEMBL3654640,1,1,1.0,1,0
CHEMBL3654641,1,1,1.0,1,0
CHEMBL3654642,1,1,1.0,1,0
CHEMBL3654643,1,1,1.0,1,0
CHEMBL3654644,1,1,1.0,1,0
CHEMBL3654645,1,1,1.0,1,0
CHEMBL3654646,1,1,1.0,1,0
CHEMBL3654647,1,1,1.0,1,0
CHEMBL3654648,1,1,1.0,1,0
CHEMBL3654649,1,1,1.0,1,0
CHEMBL3654650,1,1,1.0,1,0
CHEMBL3654651,1,1,1.0,1,0
CHEMBL3654652,1,1,1.0,1,0
CHEMBL3654653,1,1,1.0,1,0
CHEMBL3654654,1,1,1.0,1,0
CHEMBL3654655,1,1,1.0,1,0
CHEMBL3654656,1,1,1.0,1,0
CHEMBL3654657,1,1,1.0,1,0
CHEMBL3654658,1,1,1.0,1,0
CHEMBL3654659,1,1,1.0,1,0
CHEMBL3654660,1,1,1.0,1,0
CHEMBL3654661,1,1,1.0,1,0
CHEMBL3654662,1,1,1.0,1,0
CHEMBL3654663,1,1,1.0,1,0
CHEMBL3654664,1,1,1.0,1,0
CHEMBL3654665,1,1,1.0,1,0
CHEMBL3654666,1,1,1.0,1,0
CHEMBL3654667,1,1,1.0,1,0
CHEMBL3654668,1,1,1.0,1,0
CHEMBL3654669,1,1,1.0,1,0
CHEMBL3654670,1,1,1.0,1,0
CHEMBL3654671,1,1,1.0,1,0
CHEMBL3654672,1,1,1.0,1,0
CHEMBL3654673,1,1,1.0,1,0
CHEMBL3654674,1,1,1.0,1,0
CHEMBL3654675,1,1,1.0,1,0
CHEMBL3654677,1,1,1.0,1,0
CHEMBL365663,0,4,0.0,4,4
CHEMBL365701,1,1,1.0,1,0
CHEMBL365727,0,1,0.0,1,1
CHEMBL3658416,1,1,1.0,1,0
CHEMBL3658417,1,1,1.0,1,0
CHEMBL3658418,1,1,1.0,1,0
CHEMBL3658419,1,1,1.0,1,0
CHEMBL3658420,1,1,1.0,1,0
CHEMBL3658421,1,1,1.0,1,0
CHEMBL3658422,1,1,1.0,1,0
CHEMBL3658423,1,1,1.0,1,0
CHEMBL3658424,1,1,1.0,1,0
CHEMBL3658425,1,1,1.0,1,0
CHEMBL3658426,1,1,1.0,1,0
CHEMBL3658427,1,1,1.0,1,0
CHEMBL3658428,1,1,1.0,1,0
CHEMBL3658429,1,1,1.0,1,0
CHEMBL3658430,1,1,1.0,1,0
CHEMBL3658431,1,1,1.0,1,0
CHEMBL3658432,1,1,1.0,1,0
CHEMBL3658433,1,1,1.0,1,0
CHEMBL3658434,1,1,1.0,1,0
CHEMBL3658435,1,1,1.0,1,0
CHEMBL3658436,1,1,1.0,1,0
CHEMBL3658437,1,1,1.0,1,0
CHEMBL3658438,1,1,1.0,1,0
CHEMBL3658439,1,1,1.0,1,0
CHEMBL3658440,1,1,1.0,1,0
CHEMBL3658441,1,1,1.0,1,0
CHEMBL3658442,1,1,1.0,1,0
CHEMBL3658443,2,2,1.0,1,0
CHEMBL3658444,1,1,1.0,1,0
CHEMBL3658445,1,1,1.0,1,0
CHEMBL3658446,1,1,1.0,1,0
CHEMBL3658447,1,1,1.0,1,0
CHEMBL3658448,1,1,1.0,1,0
CHEMBL3658449,1,1,1.0,1,0
CHEMBL3658450,1,1,1.0,1,0
CHEMBL3658451,1,1,1.0,1,0
CHEMBL3658452,1,1,1.0,1,0
CHEMBL3658453,1,1,1.0,1,0
CHEMBL3658454,1,1,1.0,1,0
CHEMBL3658455,1,1,1.0,1,0
CHEMBL3658456,1,1,1.0,1,0
CHEMBL3658457,1,1,1.0,1,0
CHEMBL3658458,1,1,1.0,1,0
CHEMBL3658459,1,1,1.0,1,0
CHEMBL3658460,1,1,1.0,1,0
CHEMBL3658461,1,1,1.0,1,0
CHEMBL3658462,1,1,1.0,1,0
CHEMBL3658463,1,1,1.0,1,0
CHEMBL3658464,1,1,1.0,1,0
CHEMBL3658465,2,2,1.0,1,0
CHEMBL3658466,2,2,1.0,1,0
CHEMBL3658467,2,2,1.0,1,0
CHEMBL3658468,2,2,1.0,1,0
CHEMBL3658469,1,1,1.0,1,0
CHEMBL3658470,0,1,0.0,1,1
CHEMBL365922,0,1,0.0,1,1
CHEMBL365950,1,1,1.0,1,0
CHEMBL365963,1,1,1.0,1,0
CHEMBL3660006,1,1,1.0,1,0
CHEMBL3660007,1,1,1.0,1,0
CHEMBL3660008,1,1,1.0,1,0
CHEMBL3660009,1,1,1.0,1,0
CHEMBL3660010,1,1,1.0,1,0
CHEMBL3660011,1,1,1.0,1,0
CHEMBL3660012,1,1,1.0,1,0
CHEMBL3660013,1,1,1.0,1,0
CHEMBL3660014,1,1,1.0,1,0
CHEMBL3660015,1,1,1.0,1,0
CHEMBL3660016,1,1,1.0,1,0
CHEMBL3660017,1,1,1.0,1,0
CHEMBL3660018,1,1,1.0,1,0
CHEMBL3660019,1,1,1.0,1,0
CHEMBL3660020,1,1,1.0,1,0
CHEMBL3660021,1,1,1.0,1,0
CHEMBL3660022,1,1,1.0,1,0
CHEMBL3660023,1,1,1.0,1,0
CHEMBL3660024,1,1,1.0,1,0
CHEMBL3660025,1,1,1.0,1,0
CHEMBL3660027,1,1,1.0,1,0
CHEMBL3660028,1,1,1.0,1,0
CHEMBL3660029,1,1,1.0,1,0
CHEMBL3660030,1,1,1.0,1,0
CHEMBL3660031,1,1,1.0,1,0
CHEMBL3660032,1,1,1.0,1,0
CHEMBL3660033,1,1,1.0,1,0
CHEMBL3660034,1,1,1.0,1,0
CHEMBL3660035,1,1,1.0,1,0
CHEMBL3660036,1,1,1.0,1,0
CHEMBL3660037,1,1,1.0,1,0
CHEMBL3660038,1,1,1.0,1,0
CHEMBL3660039,1,1,1.0,1,0
CHEMBL3660040,1,1,1.0,1,0
CHEMBL3660042,1,1,1.0,1,0
CHEMBL3660048,4,4,1.0,1,0
CHEMBL3660049,1,1,1.0,1,0
CHEMBL3660050,3,3,1.0,1,0
CHEMBL3660051,1,1,1.0,1,0
CHEMBL3660052,1,1,1.0,1,0
CHEMBL3660053,1,1,1.0,1,0
CHEMBL3660056,1,1,1.0,1,0
CHEMBL3660058,1,1,1.0,1,0
CHEMBL3660059,1,1,1.0,1,0
CHEMBL3660061,1,1,1.0,1,0
CHEMBL3660063,1,1,1.0,1,0
CHEMBL3660064,1,1,1.0,1,0
CHEMBL3660067,1,1,1.0,1,0
CHEMBL3660069,1,1,1.0,1,0
CHEMBL3660082,1,1,1.0,1,0
CHEMBL3660083,1,1,1.0,1,0
CHEMBL3660084,1,1,1.0,1,0
CHEMBL3660085,4,4,1.0,1,0
CHEMBL3660086,2,2,1.0,1,0
CHEMBL3660090,2,2,1.0,1,0
CHEMBL3660193,1,1,1.0,1,0
CHEMBL3660194,1,1,1.0,1,0
CHEMBL3660195,1,1,1.0,1,0
CHEMBL3660196,1,1,1.0,1,0
CHEMBL3660197,1,1,1.0,1,0
CHEMBL3660198,1,1,1.0,1,0
CHEMBL3660199,1,1,1.0,1,0
CHEMBL3660200,1,1,1.0,1,0
CHEMBL3660201,1,1,1.0,1,0
CHEMBL3660202,1,1,1.0,1,0
CHEMBL3660203,1,1,1.0,1,0
CHEMBL3660204,1,1,1.0,1,0
CHEMBL3660205,1,1,1.0,1,0
CHEMBL3660206,1,1,1.0,1,0
CHEMBL3660207,1,1,1.0,1,0
CHEMBL366327,0,1,0.0,1,1
CHEMBL3664615,1,1,1.0,1,0
CHEMBL3664616,1,1,1.0,1,0
CHEMBL3664634,1,1,1.0,1,0
CHEMBL366612,0,1,0.0,1,1
CHEMBL3668126,1,1,1.0,1,0
CHEMBL366831,0,1,0.0,1,1
CHEMBL366854,0,1,0.0,1,1
CHEMBL3669120,0,2,0.0,2,2
CHEMBL3669121,0,1,0.0,1,1
CHEMBL3669122,0,2,0.0,2,2
CHEMBL3669123,0,1,0.0,1,1
CHEMBL3669124,1,1,1.0,1,0
CHEMBL3669125,0,5,0.0,2,5
CHEMBL3669126,2,5,0.4,2,3
CHEMBL3669127,0,2,0.0,2,2
CHEMBL366974,2,2,1.0,1,0
CHEMBL3670081,1,1,1.0,1,0
CHEMBL3670082,1,1,1.0,1,0
CHEMBL3670086,1,1,1.0,1,0
CHEMBL3670088,1,1,1.0,1,0
CHEMBL3670094,1,1,1.0,1,0
CHEMBL3670095,1,1,1.0,1,0
CHEMBL3670139,1,1,1.0,1,0
CHEMBL367251,1,2,0.5,1,1
CHEMBL367267,0,2,0.0,1,2
CHEMBL3672744,1,1,1.0,1,0
CHEMBL3672745,1,1,1.0,1,0
CHEMBL3672746,1,1,1.0,1,0
CHEMBL3672747,1,1,1.0,1,0
CHEMBL3672748,1,1,1.0,1,0
CHEMBL3672749,1,1,1.0,1,0
CHEMBL3672750,1,1,1.0,1,0
CHEMBL3672751,1,1,1.0,1,0
CHEMBL3672752,1,1,1.0,1,0
CHEMBL3672753,1,1,1.0,1,0
CHEMBL3672754,1,1,1.0,1,0
CHEMBL3672755,1,1,1.0,1,0
CHEMBL3672756,1,1,1.0,1,0
CHEMBL3672757,1,1,1.0,1,0
CHEMBL3672758,1,1,1.0,1,0
CHEMBL3672759,1,1,1.0,1,0
CHEMBL3672760,1,1,1.0,1,0
CHEMBL3672761,1,1,1.0,1,0
CHEMBL3672762,1,1,1.0,1,0
CHEMBL3672763,1,1,1.0,1,0
CHEMBL3672764,1,1,1.0,1,0
CHEMBL3672765,1,1,1.0,1,0
CHEMBL3672766,1,1,1.0,1,0
CHEMBL3672767,1,1,1.0,1,0
CHEMBL3672768,1,1,1.0,1,0
CHEMBL3672769,1,1,1.0,1,0
CHEMBL3672770,1,1,1.0,1,0
CHEMBL3672771,1,1,1.0,1,0
CHEMBL3672772,1,1,1.0,1,0
CHEMBL3672773,1,1,1.0,1,0
CHEMBL3672774,1,1,1.0,1,0
CHEMBL3672775,1,1,1.0,1,0
CHEMBL3672776,1,1,1.0,1,0
CHEMBL3672777,1,1,1.0,1,0
CHEMBL3672778,1,1,1.0,1,0
CHEMBL3672779,1,1,1.0,1,0
CHEMBL3672780,1,1,1.0,1,0
CHEMBL3672781,1,1,1.0,1,0
CHEMBL3672782,1,1,1.0,1,0
CHEMBL3672783,1,1,1.0,1,0
CHEMBL3672784,1,1,1.0,1,0
CHEMBL3672785,1,1,1.0,1,0
CHEMBL3672786,1,1,1.0,1,0
CHEMBL3672787,1,1,1.0,1,0
CHEMBL3672788,1,1,1.0,1,0
CHEMBL3672789,1,1,1.0,1,0
CHEMBL3672790,1,1,1.0,1,0
CHEMBL3672791,1,1,1.0,1,0
CHEMBL3672792,1,1,1.0,1,0
CHEMBL3672793,1,1,1.0,1,0
CHEMBL3672794,1,1,1.0,1,0
CHEMBL3672795,1,1,1.0,1,0
CHEMBL3672796,1,1,1.0,1,0
CHEMBL3672797,1,1,1.0,1,0
CHEMBL3672798,1,1,1.0,1,0
CHEMBL3672799,1,1,1.0,1,0
CHEMBL3672800,1,1,1.0,1,0
CHEMBL3672801,1,1,1.0,1,0
CHEMBL3672802,1,1,1.0,1,0
CHEMBL3672803,1,1,1.0,1,0
CHEMBL3672804,1,1,1.0,1,0
CHEMBL3672805,1,1,1.0,1,0
CHEMBL3672806,1,1,1.0,1,0
CHEMBL3672807,1,1,1.0,1,0
CHEMBL3672808,1,1,1.0,1,0
CHEMBL3672809,1,1,1.0,1,0
CHEMBL3672810,1,1,1.0,1,0
CHEMBL3672811,1,1,1.0,1,0
CHEMBL3672812,1,1,1.0,1,0
CHEMBL3672813,1,1,1.0,1,0
CHEMBL3672814,1,1,1.0,1,0
CHEMBL3672815,1,1,1.0,1,0
CHEMBL3672816,1,1,1.0,1,0
CHEMBL3672817,1,1,1.0,1,0
CHEMBL3672818,1,1,1.0,1,0
CHEMBL3672819,1,1,1.0,1,0
CHEMBL3672820,1,1,1.0,1,0
CHEMBL3672821,1,1,1.0,1,0
CHEMBL3672822,1,1,1.0,1,0
CHEMBL3672823,1,1,1.0,1,0
CHEMBL3672824,1,1,1.0,1,0
CHEMBL3672825,1,1,1.0,1,0
CHEMBL3672826,1,1,1.0,1,0
CHEMBL3672827,1,1,1.0,1,0
CHEMBL3672828,1,1,1.0,1,0
CHEMBL3672829,1,1,1.0,1,0
CHEMBL3672830,1,1,1.0,1,0
CHEMBL3672831,1,1,1.0,1,0
CHEMBL3672832,1,1,1.0,1,0
CHEMBL3672833,1,1,1.0,1,0
CHEMBL3672834,1,1,1.0,1,0
CHEMBL3672835,1,1,1.0,1,0
CHEMBL3672836,1,1,1.0,1,0
CHEMBL3672837,1,1,1.0,1,0
CHEMBL3672838,1,1,1.0,1,0
CHEMBL3672839,1,1,1.0,1,0
CHEMBL367442,1,1,1.0,1,0
CHEMBL3674583,1,1,1.0,1,0
CHEMBL3674584,1,1,1.0,1,0
CHEMBL3674585,1,1,1.0,1,0
CHEMBL3674586,1,1,1.0,1,0
CHEMBL3674587,1,1,1.0,1,0
CHEMBL3674588,1,1,1.0,1,0
CHEMBL367517,0,1,0.0,1,1
CHEMBL367967,0,1,0.0,1,1
CHEMBL368189,1,1,1.0,1,0
CHEMBL3681913,0,2,0.0,2,2
CHEMBL3681914,0,2,0.0,2,2
CHEMBL3681915,0,2,0.0,2,2
CHEMBL368195,2,2,1.0,1,0
CHEMBL368252,1,1,1.0,1,0
CHEMBL368268,0,1,0.0,1,1
CHEMBL368384,0,1,0.0,1,1
CHEMBL368416,1,6,0.16666666666666666,3,5
CHEMBL36877,0,4,0.0,1,4
CHEMBL368895,0,6,0.0,3,6
CHEMBL36891,8,8,1.0,1,0
CHEMBL368968,0,1,0.0,1,1
CHEMBL369014,0,1,0.0,1,1
CHEMBL369018,0,1,0.0,1,1
CHEMBL369303,2,3,0.6666666666666666,2,1
CHEMBL369309,1,2,0.5,1,1
CHEMBL3699137,1,1,1.0,1,0
CHEMBL3699138,1,1,1.0,1,0
CHEMBL3699139,1,1,1.0,1,0
CHEMBL3699140,1,1,1.0,1,0
CHEMBL3699141,1,1,1.0,1,0
CHEMBL3699142,2,2,1.0,2,0
CHEMBL370156,1,1,1.0,1,0
CHEMBL370248,1,1,1.0,1,0
CHEMBL370263,1,1,1.0,1,0
CHEMBL370328,0,1,0.0,1,1
CHEMBL3703704,1,1,1.0,1,0
CHEMBL3703705,1,1,1.0,1,0
CHEMBL3703706,1,1,1.0,1,0
CHEMBL3703707,2,2,1.0,1,0
CHEMBL3703708,2,2,1.0,1,0
CHEMBL3703709,1,1,1.0,1,0
CHEMBL3703710,1,1,1.0,1,0
CHEMBL3703711,1,1,1.0,1,0
CHEMBL3703712,1,1,1.0,1,0
CHEMBL3703713,1,1,1.0,1,0
CHEMBL3703714,1,1,1.0,1,0
CHEMBL370477,1,1,1.0,1,0
CHEMBL370516,0,1,0.0,1,1
CHEMBL370662,4,8,0.5,1,4
CHEMBL370808,1,1,1.0,1,0
CHEMBL370827,1,1,1.0,1,0
CHEMBL370889,1,1,1.0,1,0
CHEMBL370899,1,1,1.0,1,0
CHEMBL370950,0,1,0.0,1,1
CHEMBL370960,0,1,0.0,1,1
CHEMBL371113,1,1,1.0,1,0
CHEMBL371157,1,1,1.0,1,0
CHEMBL371306,1,1,1.0,1,0
CHEMBL371380,0,2,0.0,1,2
CHEMBL37139,0,1,0.0,1,1
CHEMBL3715096,1,1,1.0,1,0
CHEMBL3715173,1,1,1.0,1,0
CHEMBL3715351,0,1,0.0,1,1
CHEMBL3715362,0,1,0.0,1,1
CHEMBL3715387,0,1,0.0,1,1
CHEMBL3715975,1,1,1.0,1,0
CHEMBL3715984,1,1,1.0,1,0
CHEMBL3716154,1,1,1.0,1,0
CHEMBL3716312,1,1,1.0,1,0
CHEMBL3716712,0,1,0.0,1,1
CHEMBL3716798,1,1,1.0,1,0
CHEMBL3717077,1,1,1.0,1,0
CHEMBL3717187,1,1,1.0,1,0
CHEMBL3717283,1,1,1.0,1,0
CHEMBL371756,1,1,1.0,1,0
CHEMBL3718071,1,1,1.0,1,0
CHEMBL3718126,1,1,1.0,1,0
CHEMBL3718132,0,1,0.0,1,1
CHEMBL3718404,1,1,1.0,1,0
CHEMBL371842,1,1,1.0,1,0
CHEMBL3718725,1,1,1.0,1,0
CHEMBL3718868,1,1,1.0,1,0
CHEMBL3719193,1,1,1.0,1,0
CHEMBL372035,0,1,0.0,1,1
CHEMBL372057,1,1,1.0,1,0
CHEMBL372083,1,1,1.0,1,0
CHEMBL372171,1,2,0.5,1,1
CHEMBL372681,1,1,1.0,1,0
CHEMBL372708,1,1,1.0,1,0
CHEMBL3727437,1,1,1.0,1,0
CHEMBL3727881,1,1,1.0,1,0
CHEMBL3728351,1,1,1.0,1,0
CHEMBL3728449,1,1,1.0,1,0
CHEMBL3728600,1,1,1.0,1,0
CHEMBL3728860,1,1,1.0,1,0
CHEMBL3729106,1,1,1.0,1,0
CHEMBL372933,0,1,0.0,1,1
CHEMBL3729375,1,1,1.0,1,0
CHEMBL3729502,1,1,1.0,1,0
CHEMBL3729847,1,1,1.0,1,0
CHEMBL3729926,1,1,1.0,1,0
CHEMBL373046,1,1,1.0,1,0
CHEMBL3730515,1,1,1.0,1,0
CHEMBL3730691,1,1,1.0,1,0
CHEMBL3730798,1,1,1.0,1,0
CHEMBL3730837,1,1,1.0,1,0
CHEMBL373086,0,1,0.0,1,1
CHEMBL3731078,1,1,1.0,1,0
CHEMBL3731408,1,1,1.0,1,0
CHEMBL3731810,1,1,1.0,1,0
CHEMBL3732066,1,1,1.0,1,0
CHEMBL3732118,1,1,1.0,1,0
CHEMBL3732240,1,1,1.0,1,0
CHEMBL3732301,1,1,1.0,1,0
CHEMBL3732441,1,1,1.0,1,0
CHEMBL3732676,1,1,1.0,1,0
CHEMBL3732694,1,1,1.0,1,0
CHEMBL373303,1,1,1.0,1,0
CHEMBL3733352,1,1,1.0,1,0
CHEMBL373390,1,1,1.0,1,0
CHEMBL3734777,1,1,1.0,1,0
CHEMBL3734840,0,2,0.0,1,2
CHEMBL373492,0,1,0.0,1,1
CHEMBL3734959,0,2,0.0,1,2
CHEMBL3734983,0,2,0.0,1,2
CHEMBL3735025,0,2,0.0,1,2
CHEMBL3735077,0,2,0.0,1,2
CHEMBL3735080,1,1,1.0,1,0
CHEMBL3735196,0,2,0.0,1,2
CHEMBL3735260,0,2,0.0,1,2
CHEMBL3735309,0,2,0.0,1,2
CHEMBL3735315,0,2,0.0,1,2
CHEMBL3735368,0,2,0.0,1,2
CHEMBL3735428,0,2,0.0,1,2
CHEMBL3735482,0,2,0.0,1,2
CHEMBL3735563,0,2,0.0,1,2
CHEMBL3735582,0,2,0.0,1,2
CHEMBL3735590,0,2,0.0,1,2
CHEMBL3735648,1,1,1.0,1,0
CHEMBL3735817,0,2,0.0,1,2
CHEMBL3735836,0,2,0.0,1,2
CHEMBL3736103,0,2,0.0,1,2
CHEMBL3736271,0,2,0.0,1,2
CHEMBL3736408,0,2,0.0,1,2
CHEMBL373782,0,3,0.0,1,3
CHEMBL373834,0,3,0.0,3,3
CHEMBL373855,0,1,0.0,1,1
CHEMBL373937,4,4,1.0,1,0
CHEMBL373997,0,2,0.0,2,2
CHEMBL373998,0,2,0.0,2,2
CHEMBL374244,0,1,0.0,1,1
CHEMBL374453,0,2,0.0,2,2
CHEMBL3745752,1,2,0.5,1,1
CHEMBL3745887,2,2,1.0,1,0
CHEMBL3745935,1,1,1.0,1,0
CHEMBL3746034,2,2,1.0,1,0
CHEMBL3746036,1,1,1.0,1,0
CHEMBL3746115,1,1,1.0,1,0
CHEMBL3746243,2,2,1.0,1,0
CHEMBL3746293,1,1,1.0,1,0
CHEMBL3746320,2,2,1.0,1,0
CHEMBL3746333,1,1,1.0,1,0
CHEMBL3746444,2,2,1.0,1,0
CHEMBL3746655,2,2,1.0,1,0
CHEMBL3746854,1,1,1.0,1,0
CHEMBL3746971,1,1,1.0,1,0
CHEMBL3747019,1,1,1.0,1,0
CHEMBL3747130,1,1,1.0,1,0
CHEMBL3747365,2,2,1.0,1,0
CHEMBL3747417,1,1,1.0,1,0
CHEMBL3747490,2,2,1.0,1,0
CHEMBL375147,0,1,0.0,1,1
CHEMBL3751934,0,2,0.0,1,2
CHEMBL3752044,0,1,0.0,1,1
CHEMBL3752051,0,1,0.0,1,1
CHEMBL3752088,0,1,0.0,1,1
CHEMBL3752335,0,1,0.0,1,1
CHEMBL3752369,0,1,0.0,1,1
CHEMBL3752400,0,1,0.0,1,1
CHEMBL3752413,0,1,0.0,1,1
CHEMBL3752641,0,1,0.0,1,1
CHEMBL3752866,0,1,0.0,1,1
CHEMBL37529,0,8,0.0,1,8
CHEMBL3753037,0,1,0.0,1,1
CHEMBL3753152,0,1,0.0,1,1
CHEMBL3753668,2,2,1.0,1,0
CHEMBL3753671,0,1,0.0,1,1
CHEMBL3753782,0,2,0.0,1,2
CHEMBL3753798,0,1,0.0,1,1
CHEMBL3753949,0,1,0.0,1,1
CHEMBL3753955,0,2,0.0,1,2
CHEMBL3753970,0,2,0.0,1,2
CHEMBL3753973,0,1,0.0,1,1
CHEMBL3754002,0,1,0.0,1,1
CHEMBL3754182,0,1,0.0,1,1
CHEMBL3754379,0,1,0.0,1,1
CHEMBL3754381,0,1,0.0,1,1
CHEMBL3754608,0,2,0.0,1,2
CHEMBL3754755,0,1,0.0,1,1
CHEMBL375530,0,2,0.0,1,2
CHEMBL375569,0,1,0.0,1,1
CHEMBL375649,1,1,1.0,1,0
CHEMBL375870,0,3,0.0,3,3
CHEMBL3763572,0,1,0.0,1,1
CHEMBL3763630,1,1,1.0,1,0
CHEMBL3763698,0,1,0.0,1,1
CHEMBL3763983,0,1,0.0,1,1
CHEMBL3764354,0,1,0.0,1,1
CHEMBL3764369,0,1,0.0,1,1
CHEMBL3764641,0,1,0.0,1,1
CHEMBL3764955,0,1,0.0,1,1
CHEMBL3764998,0,1,0.0,1,1
CHEMBL376505,6,6,1.0,1,0
CHEMBL3765155,0,1,0.0,1,1
CHEMBL3765189,0,1,0.0,1,1
CHEMBL376533,1,1,1.0,1,0
CHEMBL3765499,1,1,1.0,1,0
CHEMBL3765759,0,1,0.0,1,1
CHEMBL376902,0,4,0.0,1,4
CHEMBL3769459,1,1,1.0,1,0
CHEMBL3769570,1,1,1.0,1,0
CHEMBL3769623,1,1,1.0,1,0
CHEMBL3769685,1,1,1.0,1,0
CHEMBL3769697,1,1,1.0,1,0
CHEMBL3769798,1,1,1.0,1,0
CHEMBL3769900,1,1,1.0,1,0
CHEMBL3769918,1,1,1.0,1,0
CHEMBL3769940,1,1,1.0,1,0
CHEMBL3769980,1,1,1.0,1,0
CHEMBL3769990,1,1,1.0,1,0
CHEMBL3770076,1,1,1.0,1,0
CHEMBL3770142,2,2,1.0,1,0
CHEMBL3770200,1,1,1.0,1,0
CHEMBL3770299,2,2,1.0,1,0
CHEMBL3770313,1,1,1.0,1,0
CHEMBL3770340,1,1,1.0,1,0
CHEMBL3770409,1,1,1.0,1,0
CHEMBL3770425,1,1,1.0,1,0
CHEMBL3770430,1,1,1.0,1,0
CHEMBL3770546,1,1,1.0,1,0
CHEMBL3770632,1,1,1.0,1,0
CHEMBL3770649,1,1,1.0,1,0
CHEMBL3770662,1,1,1.0,1,0
CHEMBL3770676,1,1,1.0,1,0
CHEMBL3770743,1,1,1.0,1,0
CHEMBL3770760,2,2,1.0,1,0
CHEMBL3770802,2,3,0.6666666666666666,2,1
CHEMBL3770885,1,1,1.0,1,0
CHEMBL3770923,1,1,1.0,1,0
CHEMBL3770980,1,1,1.0,1,0
CHEMBL3771018,1,1,1.0,1,0
CHEMBL3771104,1,1,1.0,1,0
CHEMBL3771134,1,1,1.0,1,0
CHEMBL3771242,1,1,1.0,1,0
CHEMBL3771306,1,1,1.0,1,0
CHEMBL377300,0,2,0.0,2,2
CHEMBL377430,0,1,0.0,1,1
CHEMBL378286,1,1,1.0,1,0
CHEMBL378371,1,1,1.0,1,0
CHEMBL3785408,2,2,1.0,1,0
CHEMBL3785571,2,2,1.0,1,0
CHEMBL3785573,2,2,1.0,1,0
CHEMBL3785575,2,2,1.0,1,0
CHEMBL3785596,2,2,1.0,1,0
CHEMBL3785703,1,3,0.3333333333333333,1,2
CHEMBL3785771,2,2,1.0,1,0
CHEMBL3785795,2,2,1.0,1,0
CHEMBL3785804,2,2,1.0,1,0
CHEMBL3786078,1,2,0.5,1,1
CHEMBL3786276,2,2,1.0,1,0
CHEMBL3786332,2,2,1.0,1,0
CHEMBL3786430,2,2,1.0,1,0
CHEMBL3786536,2,2,1.0,1,0
CHEMBL3786624,2,2,1.0,1,0
CHEMBL3786657,0,2,0.0,1,2
CHEMBL3786745,2,2,1.0,1,0
CHEMBL3787033,2,2,1.0,1,0
CHEMBL3787061,0,2,0.0,1,2
CHEMBL3787081,2,2,1.0,1,0
CHEMBL3787093,2,2,1.0,1,0
CHEMBL3787135,2,2,1.0,1,0
CHEMBL3787292,2,2,1.0,1,0
CHEMBL3787480,2,2,1.0,1,0
CHEMBL3787512,2,2,1.0,1,0
CHEMBL3787557,2,2,1.0,1,0
CHEMBL3787584,0,2,0.0,1,2
CHEMBL379059,1,1,1.0,1,0
CHEMBL379218,0,2,0.0,2,2
CHEMBL379367,1,1,1.0,1,0
CHEMBL379386,0,1,0.0,1,1
CHEMBL379463,1,1,1.0,1,0
CHEMBL379747,1,1,1.0,1,0
CHEMBL380093,0,1,0.0,1,1
CHEMBL3805348,1,1,1.0,1,0
CHEMBL3805409,0,2,0.0,2,2
CHEMBL380546,1,1,1.0,1,0
CHEMBL3805508,0,2,0.0,2,2
CHEMBL3805675,0,2,0.0,2,2
CHEMBL3805849,0,2,0.0,2,2
CHEMBL3805893,0,2,0.0,2,2
CHEMBL380596,1,1,1.0,1,0
CHEMBL380605,1,1,1.0,1,0
CHEMBL3806108,1,2,0.5,2,1
CHEMBL380645,1,1,1.0,1,0
CHEMBL3808490,0,1,0.0,1,1
CHEMBL3808543,0,1,0.0,1,1
CHEMBL3809020,1,3,0.3333333333333333,3,2
CHEMBL3809675,0,1,0.0,1,1
CHEMBL3810387,0,1,0.0,1,1
CHEMBL381457,1,1,1.0,1,0
CHEMBL381465,1,3,0.3333333333333333,1,2
CHEMBL381773,1,1,1.0,1,0
CHEMBL3817872,1,2,0.5,2,1
CHEMBL3817885,0,2,0.0,2,2
CHEMBL3817986,0,1,0.0,1,1
CHEMBL3818002,1,2,0.5,2,1
CHEMBL3818003,0,1,0.0,1,1
CHEMBL3818008,1,2,0.5,2,1
CHEMBL3818011,1,2,0.5,2,1
CHEMBL3818099,0,2,0.0,2,2
CHEMBL3818120,0,1,0.0,1,1
CHEMBL3818168,0,2,0.0,2,2
CHEMBL3818195,0,2,0.0,2,2
CHEMBL3818245,0,2,0.0,2,2
CHEMBL3818302,0,1,0.0,1,1
CHEMBL3818353,0,2,0.0,2,2
CHEMBL3818368,1,2,0.5,2,1
CHEMBL3818467,1,2,0.5,2,1
CHEMBL3818498,0,2,0.0,2,2
CHEMBL3818521,1,2,0.5,2,1
CHEMBL3818561,2,2,1.0,2,0
CHEMBL3818567,1,1,1.0,1,0
CHEMBL3818603,0,2,0.0,2,2
CHEMBL3818609,1,2,0.5,2,1
CHEMBL3818636,0,2,0.0,2,2
CHEMBL3818653,0,1,0.0,1,1
CHEMBL3818668,1,1,1.0,1,0
CHEMBL3818695,1,2,0.5,2,1
CHEMBL3818698,0,1,0.0,1,1
CHEMBL3818740,0,1,0.0,1,1
CHEMBL3818744,0,2,0.0,2,2
CHEMBL3818754,0,2,0.0,2,2
CHEMBL3818772,0,2,0.0,2,2
CHEMBL3818783,1,2,0.5,2,1
CHEMBL3818794,0,1,0.0,1,1
CHEMBL3818814,0,2,0.0,2,2
CHEMBL3818824,1,1,1.0,1,0
CHEMBL3818894,2,2,1.0,2,0
CHEMBL3818912,0,2,0.0,2,2
CHEMBL3818941,1,2,0.5,2,1
CHEMBL3818962,0,1,0.0,1,1
CHEMBL3819017,0,2,0.0,2,2
CHEMBL3819092,0,2,0.0,2,2
CHEMBL3819098,0,2,0.0,2,2
CHEMBL3819104,1,2,0.5,2,1
CHEMBL3819144,0,2,0.0,2,2
CHEMBL3819161,2,2,1.0,2,0
CHEMBL3819175,0,1,0.0,1,1
CHEMBL3819223,1,2,0.5,2,1
CHEMBL3819246,1,2,0.5,2,1
CHEMBL3819267,0,2,0.0,2,2
CHEMBL3819275,0,1,0.0,1,1
CHEMBL3819281,1,2,0.5,2,1
CHEMBL381929,1,1,1.0,1,0
CHEMBL3819351,0,2,0.0,2,2
CHEMBL3819387,1,2,0.5,2,1
CHEMBL3819390,0,2,0.0,2,2
CHEMBL3819573,0,1,0.0,1,1
CHEMBL3819604,0,1,0.0,1,1
CHEMBL3819615,0,2,0.0,2,2
CHEMBL3819638,0,2,0.0,2,2
CHEMBL382249,1,1,1.0,1,0
CHEMBL3822902,1,1,1.0,1,0
CHEMBL3823483,1,3,0.3333333333333333,2,2
CHEMBL3823499,1,1,1.0,1,0
CHEMBL3823505,1,3,0.3333333333333333,2,2
CHEMBL3823532,1,3,0.3333333333333333,2,2
CHEMBL3823752,0,1,0.0,1,1
CHEMBL3823933,0,1,0.0,1,1
CHEMBL382653,1,1,1.0,1,0
CHEMBL383018,1,1,1.0,1,0
CHEMBL383219,1,1,1.0,1,0
CHEMBL38338,0,8,0.0,1,8
CHEMBL383779,1,1,1.0,1,0
CHEMBL38380,0,1,0.0,1,1
CHEMBL384073,2,5,0.4,3,3
CHEMBL384304,0,2,0.0,2,2
CHEMBL384435,0,2,0.0,2,2
CHEMBL385631,0,1,0.0,1,1
CHEMBL385812,1,1,1.0,1,0
CHEMBL385954,0,2,0.0,2,2
CHEMBL386051,0,2,0.0,2,2
CHEMBL38644,1,1,1.0,1,0
CHEMBL386668,1,1,1.0,1,0
CHEMBL38683,0,2,0.0,1,2
CHEMBL387636,1,1,1.0,1,0
CHEMBL387918,0,2,0.0,1,2
CHEMBL3883356,0,2,0.0,1,2
CHEMBL3883414,0,2,0.0,1,2
CHEMBL3883448,0,2,0.0,1,2
CHEMBL3883458,0,2,0.0,1,2
CHEMBL3883541,0,2,0.0,1,2
CHEMBL3883580,0,2,0.0,1,2
CHEMBL3883639,0,2,0.0,1,2
CHEMBL3883660,2,2,1.0,1,0
CHEMBL3883764,2,2,1.0,1,0
CHEMBL3883813,0,2,0.0,1,2
CHEMBL3883820,0,2,0.0,1,2
CHEMBL3883943,0,2,0.0,1,2
CHEMBL3884015,0,2,0.0,1,2
CHEMBL3884027,0,2,0.0,1,2
CHEMBL3884031,0,2,0.0,1,2
CHEMBL3884086,0,2,0.0,1,2
CHEMBL3884113,0,2,0.0,1,2
CHEMBL3884241,0,2,0.0,1,2
CHEMBL3884250,0,2,0.0,1,2
CHEMBL3884570,0,2,0.0,1,2
CHEMBL3884583,0,2,0.0,1,2
CHEMBL3884627,0,2,0.0,1,2
CHEMBL3884764,0,2,0.0,1,2
CHEMBL3884821,2,2,1.0,1,0
CHEMBL3884845,0,2,0.0,1,2
CHEMBL3884861,0,2,0.0,1,2
CHEMBL3884932,0,2,0.0,1,2
CHEMBL3885021,0,2,0.0,1,2
CHEMBL3885036,0,2,0.0,1,2
CHEMBL3885043,0,2,0.0,1,2
CHEMBL3885092,0,2,0.0,1,2
CHEMBL3885267,0,2,0.0,1,2
CHEMBL3885316,0,2,0.0,1,2
CHEMBL3885328,0,2,0.0,1,2
CHEMBL3885333,0,2,0.0,1,2
CHEMBL3885335,0,2,0.0,1,2
CHEMBL3885360,0,2,0.0,1,2
CHEMBL3885431,0,2,0.0,1,2
CHEMBL3885482,0,2,0.0,1,2
CHEMBL38867,0,2,0.0,1,2
CHEMBL388931,0,1,0.0,1,1
CHEMBL388978,103,109,0.944954128440367,18,6
CHEMBL3890694,2,2,1.0,1,0
CHEMBL3891185,1,1,1.0,1,0
CHEMBL38914,0,2,0.0,1,2
CHEMBL3891434,1,1,1.0,1,0
CHEMBL3891959,0,1,0.0,1,1
CHEMBL3892270,2,2,1.0,1,0
CHEMBL3892343,1,1,1.0,1,0
CHEMBL3893052,0,1,0.0,1,1
CHEMBL3894043,4,4,1.0,1,0
CHEMBL3894518,1,1,1.0,1,0
CHEMBL3895163,2,2,1.0,1,0
CHEMBL3895209,1,1,1.0,1,0
CHEMBL3896237,1,1,1.0,1,0
CHEMBL3896413,1,1,1.0,1,0
CHEMBL3896826,0,1,0.0,1,1
CHEMBL389706,0,2,0.0,1,2
CHEMBL389707,0,2,0.0,1,2
CHEMBL3897192,1,1,1.0,1,0
CHEMBL3897670,1,1,1.0,1,0
CHEMBL3897760,1,1,1.0,1,0
CHEMBL3897882,2,2,1.0,1,0
CHEMBL3897929,1,1,1.0,1,0
CHEMBL3898387,1,1,1.0,1,0
CHEMBL389843,1,1,1.0,1,0
CHEMBL3898458,1,1,1.0,1,0
CHEMBL3899270,0,1,0.0,1,1
CHEMBL389929,0,2,0.0,1,2
CHEMBL3899466,1,1,1.0,1,0
CHEMBL3899662,1,1,1.0,1,0
CHEMBL3900184,1,1,1.0,1,0
CHEMBL3900554,1,1,1.0,1,0
CHEMBL3900757,0,2,0.0,2,2
CHEMBL3901571,0,1,0.0,1,1
CHEMBL3902019,0,1,0.0,1,1
CHEMBL3902549,0,1,0.0,1,1
CHEMBL3902937,1,1,1.0,1,0
CHEMBL3903225,1,1,1.0,1,0
CHEMBL3903421,1,1,1.0,1,0
CHEMBL390394,0,1,0.0,1,1
CHEMBL39040,0,2,0.0,1,2
CHEMBL3905143,1,1,1.0,1,0
CHEMBL3905191,1,1,1.0,1,0
CHEMBL3905332,0,1,0.0,1,1
CHEMBL3905342,1,1,1.0,1,0
CHEMBL3906674,1,1,1.0,1,0
CHEMBL3906899,0,1,0.0,1,1
CHEMBL3907484,1,1,1.0,1,0
CHEMBL3907504,0,1,0.0,1,1
CHEMBL3907638,0,1,0.0,1,1
CHEMBL3907763,1,1,1.0,1,0
CHEMBL3908316,0,1,0.0,1,1
CHEMBL3908956,1,1,1.0,1,0
CHEMBL3909336,1,1,1.0,1,0
CHEMBL391071,1,1,1.0,1,0
CHEMBL3910956,0,1,0.0,1,1
CHEMBL3911092,2,2,1.0,1,0
CHEMBL3911391,1,1,1.0,1,0
CHEMBL3912433,1,1,1.0,1,0
CHEMBL3913574,0,1,0.0,1,1
CHEMBL3914123,1,1,1.0,1,0
CHEMBL391451,0,2,0.0,2,2
CHEMBL3915949,0,1,0.0,1,1
CHEMBL3916448,1,1,1.0,1,0
CHEMBL3916465,0,1,0.0,1,1
CHEMBL3916476,1,1,1.0,1,0
CHEMBL391738,1,1,1.0,1,0
CHEMBL3917393,1,1,1.0,1,0
CHEMBL39178,0,2,0.0,1,2
CHEMBL3918278,0,1,0.0,1,1
CHEMBL3918580,0,2,0.0,1,2
CHEMBL3919295,1,1,1.0,1,0
CHEMBL3919319,0,1,0.0,1,1
CHEMBL391937,1,1,1.0,1,0
CHEMBL3919374,0,1,0.0,1,1
CHEMBL391938,1,1,1.0,1,0
CHEMBL3919697,1,1,1.0,1,0
CHEMBL3920043,1,1,1.0,1,0
CHEMBL3920184,2,2,1.0,1,0
CHEMBL3920958,0,1,0.0,1,1
CHEMBL392133,0,1,0.0,1,1
CHEMBL3921345,0,1,0.0,1,1
CHEMBL3921350,1,1,1.0,1,0
CHEMBL392137,1,2,0.5,2,1
CHEMBL3921820,1,1,1.0,1,0
CHEMBL3922004,1,1,1.0,1,0
CHEMBL3922230,1,1,1.0,1,0
CHEMBL3922524,1,1,1.0,1,0
CHEMBL3922573,0,1,0.0,1,1
CHEMBL3922588,0,1,0.0,1,1
CHEMBL3922900,1,1,1.0,1,0
CHEMBL392374,1,1,1.0,1,0
CHEMBL3923785,0,1,0.0,1,1
CHEMBL3924040,1,1,1.0,1,0
CHEMBL3924206,0,1,0.0,1,1
CHEMBL3924218,0,1,0.0,1,1
CHEMBL3924926,1,1,1.0,1,0
CHEMBL3924943,0,1,0.0,1,1
CHEMBL3925374,1,1,1.0,1,0
CHEMBL3925434,1,1,1.0,1,0
CHEMBL3926157,1,1,1.0,1,0
CHEMBL3926168,1,1,1.0,1,0
CHEMBL3926408,0,1,0.0,1,1
CHEMBL3926448,1,1,1.0,1,0
CHEMBL3926852,1,1,1.0,1,0
CHEMBL392734,0,1,0.0,1,1
CHEMBL392778,1,1,1.0,1,0
CHEMBL392779,1,1,1.0,1,0
CHEMBL3927969,0,1,0.0,1,1
CHEMBL3928203,1,1,1.0,1,0
CHEMBL3928223,0,1,0.0,1,1
CHEMBL3928291,0,1,0.0,1,1
CHEMBL3928311,1,1,1.0,1,0
CHEMBL3928976,1,1,1.0,1,0
CHEMBL392953,0,1,0.0,1,1
CHEMBL3929530,0,1,0.0,1,1
CHEMBL3929904,1,1,1.0,1,0
CHEMBL393150,0,1,0.0,1,1
CHEMBL3931500,0,2,0.0,2,2
CHEMBL3931556,1,1,1.0,1,0
CHEMBL393193,1,1,1.0,1,0
CHEMBL393256,1,1,1.0,1,0
CHEMBL3932602,1,1,1.0,1,0
CHEMBL3932979,1,1,1.0,1,0
CHEMBL3933658,1,1,1.0,1,0
CHEMBL3933767,2,2,1.0,1,0
CHEMBL393394,0,1,0.0,1,1
CHEMBL393475,0,1,0.0,1,1
CHEMBL3935352,1,1,1.0,1,0
CHEMBL393545,3,4,0.75,3,1
CHEMBL3935716,1,1,1.0,1,0
CHEMBL3935719,1,1,1.0,1,0
CHEMBL393591,2,2,1.0,1,0
CHEMBL3936233,0,1,0.0,1,1
CHEMBL3936823,1,1,1.0,1,0
CHEMBL3937206,0,1,0.0,1,1
CHEMBL3937484,0,1,0.0,1,1
CHEMBL393791,0,1,0.0,1,1
CHEMBL3937931,1,1,1.0,1,0
CHEMBL3938066,0,1,0.0,1,1
CHEMBL3938153,1,1,1.0,1,0
CHEMBL3938320,0,1,0.0,1,1
CHEMBL393853,0,1,0.0,1,1
CHEMBL393927,1,1,1.0,1,0
CHEMBL393930,0,1,0.0,1,1
CHEMBL393932,0,1,0.0,1,1
CHEMBL3939508,1,1,1.0,1,0
CHEMBL3939629,0,1,0.0,1,1
CHEMBL3939774,1,1,1.0,1,0
CHEMBL393979,2,2,1.0,1,0
CHEMBL3940223,1,1,1.0,1,0
CHEMBL3940259,0,1,0.0,1,1
CHEMBL3940537,1,1,1.0,1,0
CHEMBL3940581,1,1,1.0,1,0
CHEMBL3941571,0,1,0.0,1,1
CHEMBL3942164,0,2,0.0,2,2
CHEMBL3942189,0,1,0.0,1,1
CHEMBL3942867,0,1,0.0,1,1
CHEMBL3943902,0,1,0.0,1,1
CHEMBL3944013,1,1,1.0,1,0
CHEMBL394429,1,2,0.5,1,1
CHEMBL3945092,0,1,0.0,1,1
CHEMBL3945342,1,1,1.0,1,0
CHEMBL3945401,0,1,0.0,1,1
CHEMBL3945743,0,1,0.0,1,1
CHEMBL3946100,0,1,0.0,1,1
CHEMBL3946231,0,1,0.0,1,1
CHEMBL3946460,1,1,1.0,1,0
CHEMBL3946705,3,3,1.0,1,0
CHEMBL3947110,0,1,0.0,1,1
CHEMBL3947814,1,1,1.0,1,0
CHEMBL3948663,0,1,0.0,1,1
CHEMBL39490,0,2,0.0,1,2
CHEMBL3949403,1,1,1.0,1,0
CHEMBL3949603,1,1,1.0,1,0
CHEMBL3950283,1,1,1.0,1,0
CHEMBL3950859,1,1,1.0,1,0
CHEMBL3950887,1,2,0.5,2,1
CHEMBL3952026,1,1,1.0,1,0
CHEMBL3953001,2,2,1.0,1,0
CHEMBL3953050,1,1,1.0,1,0
CHEMBL3953795,1,1,1.0,1,0
CHEMBL3953825,0,1,0.0,1,1
CHEMBL3953837,0,2,0.0,2,2
CHEMBL3953996,1,1,1.0,1,0
CHEMBL39543,0,2,0.0,1,2
CHEMBL3954859,0,1,0.0,1,1
CHEMBL3954886,1,1,1.0,1,0
CHEMBL3955840,0,1,0.0,1,1
CHEMBL3955924,1,1,1.0,1,0
CHEMBL3955928,1,1,1.0,1,0
CHEMBL3955955,0,1,0.0,1,1
CHEMBL3956316,1,1,1.0,1,0
CHEMBL3957796,2,2,1.0,1,0
CHEMBL3958148,4,4,1.0,1,0
CHEMBL3958246,1,1,1.0,1,0
CHEMBL3959033,1,1,1.0,1,0
CHEMBL3959386,0,1,0.0,1,1
CHEMBL3959940,3,3,1.0,1,0
CHEMBL3960096,1,1,1.0,1,0
CHEMBL3960219,0,1,0.0,1,1
CHEMBL3961327,1,1,1.0,1,0
CHEMBL396133,0,1,0.0,1,1
CHEMBL3962067,0,1,0.0,1,1
CHEMBL3962146,1,1,1.0,1,0
CHEMBL396223,0,1,0.0,1,1
CHEMBL396230,1,1,1.0,1,0
CHEMBL3962541,1,1,1.0,1,0
CHEMBL396289,1,1,1.0,1,0
CHEMBL39634,0,2,0.0,1,2
CHEMBL3963721,1,1,1.0,1,0
CHEMBL3963762,2,2,1.0,1,0
CHEMBL3964154,0,1,0.0,1,1
CHEMBL3964495,1,1,1.0,1,0
CHEMBL3965296,1,1,1.0,1,0
CHEMBL3965872,1,1,1.0,1,0
CHEMBL3966263,1,1,1.0,1,0
CHEMBL3966342,0,1,0.0,1,1
CHEMBL3966346,2,3,0.6666666666666666,1,1
CHEMBL3966446,2,2,1.0,1,0
CHEMBL3966580,2,2,1.0,1,0
CHEMBL3967108,2,3,0.6666666666666666,1,1
CHEMBL3967182,0,1,0.0,1,1
CHEMBL3967429,3,3,1.0,1,0
CHEMBL3967467,1,1,1.0,1,0
CHEMBL3968834,1,1,1.0,1,0
CHEMBL3968892,1,1,1.0,1,0
CHEMBL3969076,0,1,0.0,1,1
CHEMBL3969320,1,1,1.0,1,0
CHEMBL3969544,0,1,0.0,1,1
CHEMBL3969659,0,1,0.0,1,1
CHEMBL3969766,1,1,1.0,1,0
CHEMBL3970451,0,1,0.0,1,1
CHEMBL3970473,0,1,0.0,1,1
CHEMBL3970632,0,1,0.0,1,1
CHEMBL3971709,1,1,1.0,1,0
CHEMBL3971763,0,2,0.0,2,2
CHEMBL3972348,1,1,1.0,1,0
CHEMBL3972540,1,1,1.0,1,0
CHEMBL3972747,1,1,1.0,1,0
CHEMBL3972804,1,1,1.0,1,0
CHEMBL3973192,1,1,1.0,1,0
CHEMBL3973903,1,1,1.0,1,0
CHEMBL3974317,1,1,1.0,1,0
CHEMBL3974357,1,1,1.0,1,0
CHEMBL3974513,0,1,0.0,1,1
CHEMBL3974619,2,2,1.0,1,0
CHEMBL3975436,0,1,0.0,1,1
CHEMBL397671,0,1,0.0,1,1
CHEMBL3977066,4,4,1.0,1,0
CHEMBL397713,1,2,0.5,1,1
CHEMBL3978020,1,1,1.0,1,0
CHEMBL3978027,0,1,0.0,1,1
CHEMBL3978735,0,1,0.0,1,1
CHEMBL3980401,1,1,1.0,1,0
CHEMBL3980771,2,2,1.0,1,0
CHEMBL3980823,1,1,1.0,1,0
CHEMBL398111,0,1,0.0,1,1
CHEMBL3981329,1,1,1.0,1,0
CHEMBL3981341,2,2,1.0,1,0
CHEMBL3981755,2,2,1.0,1,0
CHEMBL3982108,2,2,1.0,1,0
CHEMBL3982806,1,1,1.0,1,0
CHEMBL398334,1,1,1.0,1,0
CHEMBL3983350,1,1,1.0,1,0
CHEMBL398421,0,1,0.0,1,1
CHEMBL398422,1,1,1.0,1,0
CHEMBL3984425,1,1,1.0,1,0
CHEMBL3984647,0,1,0.0,1,1
CHEMBL3985664,1,1,1.0,1,0
CHEMBL3985713,0,1,0.0,1,1
CHEMBL3985876,1,1,1.0,1,0
CHEMBL3986211,1,1,1.0,1,0
CHEMBL3986707,4,4,1.0,1,0
CHEMBL3986755,1,1,1.0,1,0
CHEMBL398886,0,1,0.0,1,1
CHEMBL398887,1,1,1.0,1,0
CHEMBL398894,1,1,1.0,1,0
CHEMBL399064,1,1,1.0,1,0
CHEMBL399085,1,1,1.0,1,0
CHEMBL399257,1,1,1.0,1,0
CHEMBL399258,1,1,1.0,1,0
CHEMBL399381,1,1,1.0,1,0
CHEMBL399382,0,1,0.0,1,1
CHEMBL399413,0,3,0.0,1,3
CHEMBL399520,1,1,1.0,1,0
CHEMBL399521,1,1,1.0,1,0
CHEMBL399530,0,1,0.0,1,1
CHEMBL399645,1,1,1.0,1,0
CHEMBL399954,1,1,1.0,1,0
CHEMBL399955,1,1,1.0,1,0
CHEMBL400233,0,2,0.0,1,2
CHEMBL400320,0,1,0.0,1,1
CHEMBL400388,0,1,0.0,1,1
CHEMBL400409,0,1,0.0,1,1
CHEMBL400499,0,1,0.0,1,1
CHEMBL400518,1,1,1.0,1,0
CHEMBL400519,1,1,1.0,1,0
CHEMBL400798,1,1,1.0,1,0
CHEMBL400896,1,1,1.0,1,0
CHEMBL400908,1,1,1.0,1,0
CHEMBL40096,0,2,0.0,1,2
CHEMBL401079,1,1,1.0,1,0
CHEMBL401102,1,1,1.0,1,0
CHEMBL401256,1,1,1.0,1,0
CHEMBL401381,0,1,0.0,1,1
CHEMBL401412,0,1,0.0,1,1
CHEMBL401427,0,1,0.0,1,1
CHEMBL401544,1,1,1.0,1,0
CHEMBL401546,1,1,1.0,1,0
CHEMBL401614,1,1,1.0,1,0
CHEMBL401749,1,1,1.0,1,0
CHEMBL401922,1,1,1.0,1,0
CHEMBL401945,1,1,1.0,1,0
CHEMBL402188,1,1,1.0,1,0
CHEMBL402219,1,1,1.0,1,0
CHEMBL402246,1,1,1.0,1,0
CHEMBL402306,1,1,1.0,1,0
CHEMBL402399,1,1,1.0,1,0
CHEMBL402443,1,1,1.0,1,0
CHEMBL402548,0,1,0.0,1,1
CHEMBL402818,0,1,0.0,1,1
CHEMBL403737,1,1,1.0,1,0
CHEMBL404022,1,1,1.0,1,0
CHEMBL404377,1,1,1.0,1,0
CHEMBL404429,1,1,1.0,1,0
CHEMBL404508,1,1,1.0,1,0
CHEMBL404625,1,1,1.0,1,0
CHEMBL40482,1,1,1.0,1,0
CHEMBL404932,1,1,1.0,1,0
CHEMBL405074,0,1,0.0,1,1
CHEMBL405200,1,1,1.0,1,0
CHEMBL405665,1,1,1.0,1,0
CHEMBL405759,2,2,1.0,1,0
CHEMBL405761,4,5,0.8,1,1
CHEMBL405953,1,1,1.0,1,0
CHEMBL4059775,0,1,0.0,1,1
CHEMBL4060191,1,1,1.0,1,0
CHEMBL40602,1,1,1.0,1,0
CHEMBL4060453,1,1,1.0,1,0
CHEMBL406058,1,2,0.5,1,1
CHEMBL4060768,0,1,0.0,1,1
CHEMBL406102,0,1,0.0,1,1
CHEMBL4061046,0,1,0.0,1,1
CHEMBL4061394,2,4,0.5,4,2
CHEMBL4061526,4,4,1.0,4,0
CHEMBL4061551,0,1,0.0,1,1
CHEMBL4061685,0,1,0.0,1,1
CHEMBL4061855,1,1,1.0,1,0
CHEMBL4062388,1,1,1.0,1,0
CHEMBL4062506,0,1,0.0,1,1
CHEMBL406254,2,5,0.4,1,3
CHEMBL4062568,0,4,0.0,4,4
CHEMBL4062683,3,4,0.75,4,1
CHEMBL4062790,0,3,0.0,3,3
CHEMBL4062820,3,4,0.75,4,1
CHEMBL406300,1,2,0.5,1,1
CHEMBL4063014,0,3,0.0,3,3
CHEMBL4063254,1,4,0.25,4,3
CHEMBL4063256,0,4,0.0,4,4
CHEMBL4063606,2,2,1.0,1,0
CHEMBL4064167,0,2,0.0,1,2
CHEMBL4064274,0,3,0.0,3,3
CHEMBL4064277,1,1,1.0,1,0
CHEMBL4064515,0,1,0.0,1,1
CHEMBL4064614,0,1,0.0,1,1
CHEMBL406463,1,1,1.0,1,0
CHEMBL406464,1,1,1.0,1,0
CHEMBL4064666,1,1,1.0,1,0
CHEMBL4064988,1,4,0.25,4,3
CHEMBL4064992,0,1,0.0,1,1
CHEMBL4065014,0,2,0.0,1,2
CHEMBL4065140,1,1,1.0,1,0
CHEMBL4065204,0,3,0.0,2,3
CHEMBL4065432,3,4,0.75,4,1
CHEMBL4065544,0,1,0.0,1,1
CHEMBL4065764,1,1,1.0,1,0
CHEMBL4067097,0,1,0.0,1,1
CHEMBL4067196,1,1,1.0,1,0
CHEMBL4067420,1,4,0.25,4,3
CHEMBL4067477,0,4,0.0,4,4
CHEMBL4067714,1,1,1.0,1,0
CHEMBL406845,3,3,1.0,2,0
CHEMBL4068845,1,1,1.0,1,0
CHEMBL4069030,1,1,1.0,1,0
CHEMBL406910,1,1,1.0,1,0
CHEMBL4069158,3,4,0.75,4,1
CHEMBL4069729,2,2,1.0,1,0
CHEMBL4069800,0,1,0.0,1,1
CHEMBL4069866,1,1,1.0,1,0
CHEMBL4069988,2,2,1.0,1,0
CHEMBL4069991,1,1,1.0,1,0
CHEMBL4070065,2,4,0.5,4,2
CHEMBL4070189,4,4,1.0,4,0
CHEMBL4070204,0,3,0.0,2,3
CHEMBL4070219,0,1,0.0,1,1
CHEMBL4070227,3,4,0.75,4,1
CHEMBL4070290,1,3,0.3333333333333333,3,2
CHEMBL4070442,2,2,1.0,1,0
CHEMBL4070885,1,3,0.3333333333333333,3,2
CHEMBL4071013,2,4,0.5,4,2
CHEMBL4071234,2,4,0.5,4,2
CHEMBL4071322,4,4,1.0,4,0
CHEMBL4071413,3,4,0.75,4,1
CHEMBL4071638,0,3,0.0,3,3
CHEMBL4071845,1,1,1.0,1,0
CHEMBL4071864,0,2,0.0,1,2
CHEMBL4072223,0,1,0.0,1,1
CHEMBL4072500,0,1,0.0,1,1
CHEMBL4072506,3,4,0.75,4,1
CHEMBL4072898,0,3,0.0,3,3
CHEMBL4073069,1,1,1.0,1,0
CHEMBL4073639,0,3,0.0,3,3
CHEMBL4073745,1,1,1.0,1,0
CHEMBL4074132,3,4,0.75,4,1
CHEMBL4074165,0,1,0.0,1,1
CHEMBL4074261,0,1,0.0,1,1
CHEMBL4074377,0,1,0.0,1,1
CHEMBL4074476,0,3,0.0,3,3
CHEMBL4074499,3,4,0.75,4,1
CHEMBL4074679,0,1,0.0,1,1
CHEMBL4074754,1,1,1.0,1,0
CHEMBL407521,0,1,0.0,1,1
CHEMBL4075303,0,1,0.0,1,1
CHEMBL4075475,1,3,0.3333333333333333,3,2
CHEMBL4075509,2,4,0.5,4,2
CHEMBL4075672,0,1,0.0,1,1
CHEMBL4075712,1,3,0.3333333333333333,3,2
CHEMBL407574,1,1,1.0,1,0
CHEMBL4075805,0,1,0.0,1,1
CHEMBL4075820,2,4,0.5,4,2
CHEMBL4076117,0,1,0.0,1,1
CHEMBL4076131,0,3,0.0,3,3
CHEMBL4076448,2,4,0.5,4,2
CHEMBL4076529,1,3,0.3333333333333333,3,2
CHEMBL4076663,0,4,0.0,4,4
CHEMBL4076906,2,4,0.5,4,2
CHEMBL4076918,0,1,0.0,1,1
CHEMBL4077125,1,4,0.25,4,3
CHEMBL4077133,0,3,0.0,3,3
CHEMBL4077159,3,4,0.75,4,1
CHEMBL4077197,0,3,0.0,3,3
CHEMBL4077374,0,1,0.0,1,1
CHEMBL4077434,1,2,0.5,1,1
CHEMBL4077459,0,3,0.0,3,3
CHEMBL4077625,0,1,0.0,1,1
CHEMBL4077967,1,1,1.0,1,0
CHEMBL4078124,1,1,1.0,1,0
CHEMBL4079343,0,4,0.0,4,4
CHEMBL4079347,3,4,0.75,4,1
CHEMBL4079362,0,3,0.0,3,3
CHEMBL4080029,0,1,0.0,1,1
CHEMBL4080220,0,1,0.0,1,1
CHEMBL4080426,2,2,1.0,1,0
CHEMBL4080499,0,1,0.0,1,1
CHEMBL4080552,1,1,1.0,1,0
CHEMBL4080665,1,1,1.0,1,0
CHEMBL4080844,2,4,0.5,4,2
CHEMBL4080858,0,3,0.0,2,3
CHEMBL4080943,1,1,1.0,1,0
CHEMBL4081668,1,4,0.25,4,3
CHEMBL4081787,0,3,0.0,2,3
CHEMBL4081802,0,3,0.0,3,3
CHEMBL4081804,0,2,0.0,1,2
CHEMBL4082113,2,2,1.0,2,0
CHEMBL4082346,0,1,0.0,1,1
CHEMBL4082921,0,1,0.0,1,1
CHEMBL4082981,1,4,0.25,4,3
CHEMBL4083142,0,3,0.0,3,3
CHEMBL4083590,0,1,0.0,1,1
CHEMBL4083948,0,4,0.0,4,4
CHEMBL4084103,1,1,1.0,1,0
CHEMBL4084331,1,1,1.0,1,0
CHEMBL4084364,2,4,0.5,4,2
CHEMBL4084465,0,3,0.0,3,3
CHEMBL4084466,0,2,0.0,1,2
CHEMBL4084562,0,1,0.0,1,1
CHEMBL4084919,3,4,0.75,4,1
CHEMBL408518,0,1,0.0,1,1
CHEMBL4085292,1,1,1.0,1,0
CHEMBL4085467,0,4,0.0,4,4
CHEMBL4086083,0,1,0.0,1,1
CHEMBL4086402,3,4,0.75,4,1
CHEMBL408683,1,1,1.0,1,0
CHEMBL4086945,1,1,1.0,1,0
CHEMBL4086975,0,2,0.0,1,2
CHEMBL4087066,0,1,0.0,1,1
CHEMBL4087244,1,3,0.3333333333333333,3,2
CHEMBL4087260,2,4,0.5,4,2
CHEMBL4087915,1,1,1.0,1,0
CHEMBL4088216,0,1,0.0,1,1
CHEMBL4088361,0,1,0.0,1,1
CHEMBL4088414,1,1,1.0,1,0
CHEMBL4088534,1,1,1.0,1,0
CHEMBL4088717,2,4,0.5,4,2
CHEMBL4089227,0,1,0.0,1,1
CHEMBL4089542,2,4,0.5,4,2
CHEMBL4089624,1,2,0.5,1,1
CHEMBL4089652,3,4,0.75,4,1
CHEMBL4089676,0,1,0.0,1,1
CHEMBL408982,5,6,0.8333333333333334,5,1
CHEMBL4090144,1,3,0.3333333333333333,3,2
CHEMBL4090189,1,1,1.0,1,0
CHEMBL4090223,3,4,0.75,4,1
CHEMBL4090723,2,2,1.0,1,0
CHEMBL4090770,2,4,0.5,4,2
CHEMBL4090858,1,1,1.0,1,0
CHEMBL4090923,0,3,0.0,3,3
CHEMBL4090973,1,1,1.0,1,0
CHEMBL4091127,3,4,0.75,4,1
CHEMBL4091281,0,3,0.0,3,3
CHEMBL4091942,3,4,0.75,4,1
CHEMBL4092047,3,4,0.75,4,1
CHEMBL4092117,2,4,0.5,4,2
CHEMBL4092214,0,1,0.0,1,1
CHEMBL4092297,0,1,0.0,1,1
CHEMBL4092326,0,1,0.0,1,1
CHEMBL4092673,3,4,0.75,4,1
CHEMBL4092699,0,1,0.0,1,1
CHEMBL4092824,1,1,1.0,1,0
CHEMBL4092871,1,2,0.5,2,1
CHEMBL4093104,3,4,0.75,4,1
CHEMBL4093231,2,4,0.5,4,2
CHEMBL4093499,1,1,1.0,1,0
CHEMBL409350,0,1,0.0,1,1
CHEMBL4093769,1,1,1.0,1,0
CHEMBL409450,4,6,0.6666666666666666,4,2
CHEMBL4094646,1,1,1.0,1,0
CHEMBL4094672,0,1,0.0,1,1
CHEMBL4094766,0,1,0.0,1,1
CHEMBL4095144,0,1,0.0,1,1
CHEMBL4095218,1,1,1.0,1,0
CHEMBL4095315,0,1,0.0,1,1
CHEMBL409544,1,1,1.0,1,0
CHEMBL4095711,0,1,0.0,1,1
CHEMBL4096137,1,1,1.0,1,0
CHEMBL4096245,0,1,0.0,1,1
CHEMBL4096404,1,1,1.0,1,0
CHEMBL409698,1,1,1.0,1,0
CHEMBL4097112,1,1,1.0,1,0
CHEMBL4097256,2,4,0.5,4,2
CHEMBL4097368,3,4,0.75,4,1
CHEMBL4097381,0,3,0.0,2,3
CHEMBL4097393,1,3,0.3333333333333333,3,2
CHEMBL4097396,0,1,0.0,1,1
CHEMBL4097778,0,1,0.0,1,1
CHEMBL4098058,0,1,0.0,1,1
CHEMBL4098107,2,4,0.5,4,2
CHEMBL4098237,2,4,0.5,4,2
CHEMBL4098445,0,1,0.0,1,1
CHEMBL4098582,1,1,1.0,1,0
CHEMBL4098656,0,3,0.0,3,3
CHEMBL4098707,1,1,1.0,1,0
CHEMBL4099398,1,3,0.3333333333333333,3,2
CHEMBL4099677,0,4,0.0,4,4
CHEMBL4099804,0,3,0.0,2,3
CHEMBL4099814,1,2,0.5,1,1
CHEMBL4100365,0,1,0.0,1,1
CHEMBL4100398,2,2,1.0,1,0
CHEMBL4100956,3,4,0.75,4,1
CHEMBL4101136,0,3,0.0,3,3
CHEMBL4102307,1,2,0.5,1,1
CHEMBL4102392,1,1,1.0,1,0
CHEMBL4102418,0,1,0.0,1,1
CHEMBL4102505,0,1,0.0,1,1
CHEMBL4102871,3,4,0.75,4,1
CHEMBL4102896,0,1,0.0,1,1
CHEMBL4104296,2,4,0.5,4,2
CHEMBL410456,3,3,1.0,2,0
CHEMBL410476,0,1,0.0,1,1
CHEMBL4105084,3,4,0.75,4,1
CHEMBL4105091,0,3,0.0,2,3
CHEMBL4105100,0,3,0.0,3,3
CHEMBL4105556,1,2,0.5,1,1
CHEMBL4106582,1,1,1.0,1,0
CHEMBL4106627,2,2,1.0,1,0
CHEMBL4107062,1,1,1.0,1,0
CHEMBL4107155,1,1,1.0,1,0
CHEMBL4107339,1,1,1.0,1,0
CHEMBL4107514,1,1,1.0,1,0
CHEMBL4107553,1,1,1.0,1,0
CHEMBL4107650,1,1,1.0,1,0
CHEMBL4107742,2,2,1.0,1,0
CHEMBL4107781,2,2,1.0,1,0
CHEMBL4107789,1,1,1.0,1,0
CHEMBL4108021,2,2,1.0,1,0
CHEMBL4108152,1,1,1.0,1,0
CHEMBL4108204,1,1,1.0,1,0
CHEMBL410828,1,1,1.0,1,0
CHEMBL4108365,1,1,1.0,1,0
CHEMBL4108553,1,1,1.0,1,0
CHEMBL4108671,2,2,1.0,1,0
CHEMBL4108732,2,2,1.0,1,0
CHEMBL4108740,2,2,1.0,1,0
CHEMBL4108763,1,1,1.0,1,0
CHEMBL4108843,1,1,1.0,1,0
CHEMBL4108876,2,2,1.0,1,0
CHEMBL4109042,1,1,1.0,1,0
CHEMBL4109119,1,1,1.0,1,0
CHEMBL4109169,1,1,1.0,1,0
CHEMBL4109352,1,1,1.0,1,0
CHEMBL4109381,1,1,1.0,1,0
CHEMBL4109406,1,1,1.0,1,0
CHEMBL4109427,1,1,1.0,1,0
CHEMBL4109462,1,1,1.0,1,0
CHEMBL4109571,1,1,1.0,1,0
CHEMBL4109581,2,2,1.0,1,0
CHEMBL4109849,1,1,1.0,1,0
CHEMBL4110189,1,1,1.0,1,0
CHEMBL4110299,2,2,1.0,1,0
CHEMBL4110333,2,2,1.0,1,0
CHEMBL4110435,2,2,1.0,1,0
CHEMBL4110496,1,1,1.0,1,0
CHEMBL4110567,1,1,1.0,1,0
CHEMBL4110719,1,1,1.0,1,0
CHEMBL4110797,1,1,1.0,1,0
CHEMBL411083,1,1,1.0,1,0
CHEMBL4110891,1,1,1.0,1,0
CHEMBL4110990,1,1,1.0,1,0
CHEMBL4111030,1,1,1.0,1,0
CHEMBL4111090,2,2,1.0,1,0
CHEMBL4111145,1,1,1.0,1,0
CHEMBL4111195,1,1,1.0,1,0
CHEMBL4111315,1,1,1.0,1,0
CHEMBL4111350,1,1,1.0,1,0
CHEMBL4111719,1,1,1.0,1,0
CHEMBL4111787,1,1,1.0,1,0
CHEMBL4111882,2,2,1.0,1,0
CHEMBL4111984,1,1,1.0,1,0
CHEMBL4111995,1,1,1.0,1,0
CHEMBL4112038,0,1,0.0,1,1
CHEMBL4112228,1,1,1.0,1,0
CHEMBL4112238,2,2,1.0,1,0
CHEMBL4112353,1,1,1.0,1,0
CHEMBL4112732,1,1,1.0,1,0
CHEMBL4112810,1,1,1.0,1,0
CHEMBL4112903,1,1,1.0,1,0
CHEMBL411291,1,1,1.0,1,0
CHEMBL4113022,1,1,1.0,1,0
CHEMBL4114164,2,2,1.0,1,0
CHEMBL4114179,1,1,1.0,1,0
CHEMBL4114328,1,1,1.0,1,0
CHEMBL4114558,1,1,1.0,1,0
CHEMBL4114589,1,1,1.0,1,0
CHEMBL4114639,2,2,1.0,1,0
CHEMBL4114964,1,1,1.0,1,0
CHEMBL4114970,1,1,1.0,1,0
CHEMBL4115052,1,1,1.0,1,0
CHEMBL4115301,1,1,1.0,1,0
CHEMBL4115351,1,1,1.0,1,0
CHEMBL4115451,2,2,1.0,1,0
CHEMBL411670,0,1,0.0,1,1
CHEMBL411704,1,1,1.0,1,0
CHEMBL4125686,0,1,0.0,1,1
CHEMBL4125774,1,1,1.0,1,0
CHEMBL4125907,1,1,1.0,1,0
CHEMBL4126010,1,1,1.0,1,0
CHEMBL4126095,1,1,1.0,1,0
CHEMBL4126156,1,1,1.0,1,0
CHEMBL4126300,0,1,0.0,1,1
CHEMBL4126332,0,1,0.0,1,1
CHEMBL4126413,0,1,0.0,1,1
CHEMBL4126445,1,1,1.0,1,0
CHEMBL4126511,1,1,1.0,1,0
CHEMBL4126566,1,1,1.0,1,0
CHEMBL4126601,1,1,1.0,1,0
CHEMBL4126740,0,1,0.0,1,1
CHEMBL4126756,0,1,0.0,1,1
CHEMBL4126773,1,1,1.0,1,0
CHEMBL4127064,0,1,0.0,1,1
CHEMBL4127076,0,1,0.0,1,1
CHEMBL4127140,0,1,0.0,1,1
CHEMBL4127150,1,1,1.0,1,0
CHEMBL4127245,0,1,0.0,1,1
CHEMBL4127319,0,1,0.0,1,1
CHEMBL4127330,1,1,1.0,1,0
CHEMBL4127396,1,1,1.0,1,0
CHEMBL4127414,1,1,1.0,1,0
CHEMBL4127557,0,1,0.0,1,1
CHEMBL4127640,0,1,0.0,1,1
CHEMBL412772,1,1,1.0,1,0
CHEMBL4127797,0,1,0.0,1,1
CHEMBL4127833,1,1,1.0,1,0
CHEMBL4127885,0,5,0.0,5,5
CHEMBL4127977,0,1,0.0,1,1
CHEMBL4128114,1,1,1.0,1,0
CHEMBL4128151,0,1,0.0,1,1
CHEMBL4128230,1,1,1.0,1,0
CHEMBL4128459,1,1,1.0,1,0
CHEMBL4128537,1,1,1.0,1,0
CHEMBL4128540,1,1,1.0,1,0
CHEMBL4128577,1,1,1.0,1,0
CHEMBL4128587,0,5,0.0,5,5
CHEMBL4128625,0,1,0.0,1,1
CHEMBL4128652,1,1,1.0,1,0
CHEMBL4128717,1,1,1.0,1,0
CHEMBL4128809,0,1,0.0,1,1
CHEMBL4128810,0,1,0.0,1,1
CHEMBL4128939,1,1,1.0,1,0
CHEMBL4128950,0,1,0.0,1,1
CHEMBL4129040,0,1,0.0,1,1
CHEMBL4129130,0,1,0.0,1,1
CHEMBL4129219,1,1,1.0,1,0
CHEMBL4129279,0,5,0.0,5,5
CHEMBL4129362,1,1,1.0,1,0
CHEMBL4129457,1,1,1.0,1,0
CHEMBL4129590,1,1,1.0,1,0
CHEMBL4129600,1,1,1.0,1,0
CHEMBL4129791,1,1,1.0,1,0
CHEMBL4129843,0,1,0.0,1,1
CHEMBL4129877,1,1,1.0,1,0
CHEMBL4129941,0,1,0.0,1,1
CHEMBL4129991,0,1,0.0,1,1
CHEMBL413,1,1,1.0,1,0
CHEMBL4130021,1,1,1.0,1,0
CHEMBL4130166,0,1,0.0,1,1
CHEMBL4130310,0,1,0.0,1,1
CHEMBL413552,0,1,0.0,1,1
CHEMBL414883,1,1,1.0,1,0
CHEMBL414907,0,1,0.0,1,1
CHEMBL415435,1,1,1.0,1,0
CHEMBL415712,1,1,1.0,1,0
CHEMBL415714,0,1,0.0,1,1
CHEMBL415909,2,2,1.0,1,0
CHEMBL4159344,1,2,0.5,2,1
CHEMBL4159392,1,2,0.5,2,1
CHEMBL415945,1,1,1.0,1,0
CHEMBL4159639,1,1,1.0,1,0
CHEMBL416031,1,1,1.0,1,0
CHEMBL4161327,2,2,1.0,1,0
CHEMBL4162101,1,1,1.0,1,0
CHEMBL4162308,2,2,1.0,2,0
CHEMBL4162511,1,2,0.5,2,1
CHEMBL4162544,2,2,1.0,2,0
CHEMBL4162719,2,2,1.0,2,0
CHEMBL4162756,1,1,1.0,1,0
CHEMBL4163110,1,4,0.25,3,3
CHEMBL4163608,0,2,0.0,2,2
CHEMBL4164081,1,2,0.5,2,1
CHEMBL4164243,0,1,0.0,1,1
CHEMBL4164260,1,1,1.0,1,0
CHEMBL416498,1,1,1.0,1,0
CHEMBL416501,1,1,1.0,1,0
CHEMBL4165173,1,1,1.0,1,0
CHEMBL4165542,0,1,0.0,1,1
CHEMBL4165949,1,2,0.5,2,1
CHEMBL4165984,2,2,1.0,2,0
CHEMBL4166160,2,2,1.0,2,0
CHEMBL4166200,1,1,1.0,1,0
CHEMBL4166554,1,4,0.25,3,3
CHEMBL4166603,1,1,1.0,1,0
CHEMBL4166840,1,1,1.0,1,0
CHEMBL4167265,1,2,0.5,2,1
CHEMBL4167606,1,1,1.0,1,0
CHEMBL4167852,0,1,0.0,1,1
CHEMBL4168160,0,1,0.0,1,1
CHEMBL416830,0,8,0.0,1,8
CHEMBL4169382,1,1,1.0,1,0
CHEMBL416956,0,1,0.0,1,1
CHEMBL416972,0,2,0.0,1,2
CHEMBL4170024,1,2,0.5,2,1
CHEMBL4170446,1,2,0.5,2,1
CHEMBL4170479,2,2,1.0,2,0
CHEMBL4170635,0,4,0.0,3,4
CHEMBL4170653,2,2,1.0,2,0
CHEMBL417208,1,1,1.0,1,0
CHEMBL4172772,1,2,0.5,2,1
CHEMBL4172982,2,2,1.0,2,0
CHEMBL4173464,1,1,1.0,1,0
CHEMBL4173493,2,2,1.0,1,0
CHEMBL4173539,1,1,1.0,1,0
CHEMBL4173877,1,2,0.5,2,1
CHEMBL4173915,2,2,1.0,2,0
CHEMBL4174068,0,4,0.0,3,4
CHEMBL4174082,1,1,1.0,1,0
CHEMBL4174513,1,2,0.5,2,1
CHEMBL4174912,1,1,1.0,1,0
CHEMBL417528,1,2,0.5,1,1
CHEMBL4175786,1,1,1.0,1,0
CHEMBL4176150,1,1,1.0,1,0
CHEMBL4176789,0,2,0.0,2,2
CHEMBL4176818,1,1,1.0,1,0
CHEMBL417692,2,2,1.0,2,0
CHEMBL4177229,1,2,0.5,2,1
CHEMBL4177432,1,4,0.25,3,3
CHEMBL4177445,1,2,0.5,2,1
CHEMBL417756,0,1,0.0,1,1
CHEMBL417892,0,2,0.0,1,2
CHEMBL417950,0,1,0.0,1,1
CHEMBL417961,1,1,1.0,1,0
CHEMBL418111,1,1,1.0,1,0
CHEMBL41816,0,1,0.0,1,1
CHEMBL418258,2,2,1.0,1,0
CHEMBL418284,1,1,1.0,1,0
CHEMBL418496,0,3,0.0,1,3
CHEMBL418509,0,3,0.0,1,3
CHEMBL418906,0,1,0.0,1,1
CHEMBL418907,0,1,0.0,1,1
CHEMBL419022,1,1,1.0,1,0
CHEMBL419063,0,1,0.0,1,1
CHEMBL419069,0,1,0.0,1,1
CHEMBL419128,1,1,1.0,1,0
CHEMBL419409,0,1,0.0,1,1
CHEMBL419665,4,4,1.0,1,0
CHEMBL419726,0,8,0.0,1,8
CHEMBL419846,4,8,0.5,1,4
CHEMBL419849,1,1,1.0,1,0
CHEMBL419866,0,8,0.0,1,8
CHEMBL420219,0,4,0.0,1,4
CHEMBL4202413,0,2,0.0,1,2
CHEMBL420269,0,2,0.0,1,2
CHEMBL4202780,0,2,0.0,1,2
CHEMBL4202955,0,2,0.0,1,2
CHEMBL4203110,0,2,0.0,1,2
CHEMBL4203142,0,1,0.0,1,1
CHEMBL4203663,0,1,0.0,1,1
CHEMBL4203804,0,2,0.0,1,2
CHEMBL4204094,0,1,0.0,1,1
CHEMBL4204354,0,2,0.0,1,2
CHEMBL4204469,0,1,0.0,1,1
CHEMBL4204596,0,2,0.0,1,2
CHEMBL4204681,2,2,1.0,1,0
CHEMBL4204937,0,2,0.0,1,2
CHEMBL4205180,1,1,1.0,1,0
CHEMBL4205469,0,2,0.0,1,2
CHEMBL4205709,1,1,1.0,1,0
CHEMBL4205738,0,1,0.0,1,1
CHEMBL4205869,0,2,0.0,1,2
CHEMBL4206547,1,1,1.0,1,0
CHEMBL4206764,0,1,0.0,1,1
CHEMBL4207305,0,2,0.0,1,2
CHEMBL4207316,1,1,1.0,1,0
CHEMBL4208019,0,1,0.0,1,1
CHEMBL4208167,0,2,0.0,1,2
CHEMBL4208224,1,1,1.0,1,0
CHEMBL4208290,0,1,0.0,1,1
CHEMBL4208448,1,1,1.0,1,0
CHEMBL4208630,1,1,1.0,1,0
CHEMBL4208712,0,2,0.0,1,2
CHEMBL4208745,1,1,1.0,1,0
CHEMBL420879,1,1,1.0,1,0
CHEMBL4208969,0,1,0.0,1,1
CHEMBL4209119,0,2,0.0,1,2
CHEMBL420938,8,8,1.0,1,0
CHEMBL4209555,1,1,1.0,1,0
CHEMBL4209588,0,1,0.0,1,1
CHEMBL4209595,0,1,0.0,1,1
CHEMBL4209726,1,1,1.0,1,0
CHEMBL4209989,1,1,1.0,1,0
CHEMBL4210074,1,1,1.0,1,0
CHEMBL4210104,1,1,1.0,1,0
CHEMBL4210237,0,2,0.0,1,2
CHEMBL4210744,0,2,0.0,1,2
CHEMBL4210916,0,1,0.0,1,1
CHEMBL4211322,0,2,0.0,1,2
CHEMBL4211407,0,1,0.0,1,1
CHEMBL4211423,0,1,0.0,1,1
CHEMBL4211435,1,1,1.0,1,0
CHEMBL4211573,0,2,0.0,1,2
CHEMBL4212450,0,2,0.0,1,2
CHEMBL4212803,2,3,0.6666666666666666,1,1
CHEMBL4213026,0,1,0.0,1,1
CHEMBL4213046,3,3,1.0,1,0
CHEMBL4213082,0,2,0.0,1,2
CHEMBL4213146,1,1,1.0,1,0
CHEMBL4213175,0,1,0.0,1,1
CHEMBL4213248,0,1,0.0,1,1
CHEMBL4213568,1,1,1.0,1,0
CHEMBL4214040,0,2,0.0,1,2
CHEMBL4214496,0,1,0.0,1,1
CHEMBL4214559,0,1,0.0,1,1
CHEMBL4214620,0,2,0.0,1,2
CHEMBL4215164,0,2,0.0,1,2
CHEMBL4215335,1,1,1.0,1,0
CHEMBL421539,1,1,1.0,1,0
CHEMBL4215433,1,1,1.0,1,0
CHEMBL4215496,0,2,0.0,1,2
CHEMBL4215525,0,1,0.0,1,1
CHEMBL421565,11,11,1.0,2,0
CHEMBL4215872,0,1,0.0,1,1
CHEMBL4216025,0,2,0.0,1,2
CHEMBL4216265,0,2,0.0,1,2
CHEMBL4216551,0,2,0.0,1,2
CHEMBL4216784,0,2,0.0,1,2
CHEMBL4216939,1,1,1.0,1,0
CHEMBL4217043,0,1,0.0,1,1
CHEMBL4217100,0,1,0.0,1,1
CHEMBL4217416,1,1,1.0,1,0
CHEMBL4217686,0,2,0.0,1,2
CHEMBL4217956,1,1,1.0,1,0
CHEMBL4218027,0,1,0.0,1,1
CHEMBL4218052,0,2,0.0,1,2
CHEMBL4218320,0,2,0.0,1,2
CHEMBL4218392,0,1,0.0,1,1
CHEMBL421928,0,1,0.0,1,1
CHEMBL422215,1,1,1.0,1,0
CHEMBL422489,1,1,1.0,1,0
CHEMBL4225048,0,1,0.0,1,1
CHEMBL4225322,0,1,0.0,1,1
CHEMBL4225380,0,1,0.0,1,1
CHEMBL4225407,0,1,0.0,1,1
CHEMBL422565,1,1,1.0,1,0
CHEMBL4225848,0,1,0.0,1,1
CHEMBL4225898,1,1,1.0,1,0
CHEMBL4226162,0,1,0.0,1,1
CHEMBL4226192,0,1,0.0,1,1
CHEMBL4226417,0,1,0.0,1,1
CHEMBL4226687,1,1,1.0,1,0
CHEMBL4227156,1,1,1.0,1,0
CHEMBL4227439,0,1,0.0,1,1
CHEMBL4227576,1,1,1.0,1,0
CHEMBL4227837,0,1,0.0,1,1
CHEMBL4228094,0,1,0.0,1,1
CHEMBL4228205,0,1,0.0,1,1
CHEMBL4228262,0,1,0.0,1,1
CHEMBL4228289,0,1,0.0,1,1
CHEMBL4228325,0,1,0.0,1,1
CHEMBL4228405,1,1,1.0,1,0
CHEMBL4228664,0,1,0.0,1,1
CHEMBL4228899,1,1,1.0,1,0
CHEMBL4228935,0,1,0.0,1,1
CHEMBL422915,0,1,0.0,1,1
CHEMBL423071,4,4,1.0,1,0
CHEMBL423196,1,1,1.0,1,0
CHEMBL423516,0,1,0.0,1,1
CHEMBL4238093,0,3,0.0,2,3
CHEMBL4238883,2,3,0.6666666666666666,2,1
CHEMBL42389,2,2,1.0,1,0
CHEMBL4238971,3,3,1.0,2,0
CHEMBL4239321,2,3,0.6666666666666666,2,1
CHEMBL4240779,1,3,0.3333333333333333,2,2
CHEMBL424107,1,1,1.0,1,0
CHEMBL4241272,0,1,0.0,1,1
CHEMBL4241699,2,3,0.6666666666666666,2,1
CHEMBL4241803,0,3,0.0,2,3
CHEMBL424203,0,1,0.0,1,1
CHEMBL4242235,2,3,0.6666666666666666,2,1
CHEMBL4242659,1,1,1.0,1,0
CHEMBL4243080,0,3,0.0,2,3
CHEMBL424374,0,1,0.0,1,1
CHEMBL424375,1,1,1.0,1,0
CHEMBL4244148,0,1,0.0,1,1
CHEMBL424450,0,1,0.0,1,1
CHEMBL4244860,2,3,0.6666666666666666,2,1
CHEMBL4244862,1,1,1.0,1,0
CHEMBL4245422,0,1,0.0,1,1
CHEMBL4245438,1,1,1.0,1,0
CHEMBL4245590,2,3,0.6666666666666666,2,1
CHEMBL42459,2,2,1.0,1,0
CHEMBL4246031,1,1,1.0,1,0
CHEMBL4246062,2,3,0.6666666666666666,2,1
CHEMBL4247328,1,1,1.0,1,0
CHEMBL424815,1,1,1.0,1,0
CHEMBL4248505,1,1,1.0,1,0
CHEMBL4249087,1,1,1.0,1,0
CHEMBL4249310,0,1,0.0,1,1
CHEMBL4249393,0,3,0.0,2,3
CHEMBL4249492,0,1,0.0,1,1
CHEMBL4249694,1,1,1.0,1,0
CHEMBL424995,0,1,0.0,1,1
CHEMBL4250271,1,1,1.0,1,0
CHEMBL4250966,1,1,1.0,1,0
CHEMBL425240,1,1,1.0,1,0
CHEMBL425242,1,1,1.0,1,0
CHEMBL425363,0,1,0.0,1,1
CHEMBL425393,1,1,1.0,1,0
CHEMBL425552,1,1,1.0,1,0
CHEMBL425553,0,1,0.0,1,1
CHEMBL425624,1,1,1.0,1,0
CHEMBL425722,0,1,0.0,1,1
CHEMBL425856,0,1,0.0,1,1
CHEMBL425902,1,1,1.0,1,0
CHEMBL425913,1,2,0.5,1,1
CHEMBL425923,1,1,1.0,1,0
CHEMBL425949,3,3,1.0,2,0
CHEMBL426224,0,1,0.0,1,1
CHEMBL426229,0,1,0.0,1,1
CHEMBL426400,1,1,1.0,1,0
CHEMBL426549,1,1,1.0,1,0
CHEMBL426587,0,6,0.0,3,6
CHEMBL426622,0,1,0.0,1,1
CHEMBL426697,2,3,0.6666666666666666,1,1
CHEMBL426831,1,1,1.0,1,0
CHEMBL426949,0,1,0.0,1,1
CHEMBL427058,0,2,0.0,2,2
CHEMBL427066,1,1,1.0,1,0
CHEMBL427342,4,4,1.0,4,0
CHEMBL4276699,0,1,0.0,1,1
CHEMBL4276896,0,1,0.0,1,1
CHEMBL4277021,0,1,0.0,1,1
CHEMBL4277125,1,1,1.0,1,0
CHEMBL4277446,0,1,0.0,1,1
CHEMBL4277755,0,1,0.0,1,1
CHEMBL4278812,0,1,0.0,1,1
CHEMBL4279008,0,1,0.0,1,1
CHEMBL4279170,1,1,1.0,1,0
CHEMBL4279172,0,1,0.0,1,1
CHEMBL4279331,0,1,0.0,1,1
CHEMBL4279616,1,1,1.0,1,0
CHEMBL4279865,1,1,1.0,1,0
CHEMBL4279935,0,1,0.0,1,1
CHEMBL4280027,1,1,1.0,1,0
CHEMBL4280550,0,1,0.0,1,1
CHEMBL4281030,0,1,0.0,1,1
CHEMBL4281195,0,1,0.0,1,1
CHEMBL4281642,0,1,0.0,1,1
CHEMBL4281827,1,1,1.0,1,0
CHEMBL42820,2,2,1.0,1,0
CHEMBL4282026,1,1,1.0,1,0
CHEMBL4282287,0,1,0.0,1,1
CHEMBL4282837,8,8,1.0,1,0
CHEMBL4283308,0,1,0.0,1,1
CHEMBL4283774,1,1,1.0,1,0
CHEMBL4283993,0,1,0.0,1,1
CHEMBL4284209,5,6,0.8333333333333334,5,1
CHEMBL4284266,0,1,0.0,1,1
CHEMBL4284434,0,1,0.0,1,1
CHEMBL4284547,1,1,1.0,1,0
CHEMBL4284609,0,1,0.0,1,1
CHEMBL428496,2,2,1.0,2,0
CHEMBL4285028,1,1,1.0,1,0
CHEMBL4285400,0,1,0.0,1,1
CHEMBL4285682,1,1,1.0,1,0
CHEMBL4285692,0,1,0.0,1,1
CHEMBL4285776,0,2,0.0,1,2
CHEMBL4286841,1,1,1.0,1,0
CHEMBL4286880,1,1,1.0,1,0
CHEMBL4286889,0,1,0.0,1,1
CHEMBL428690,3,15,0.2,7,12
CHEMBL4286992,0,1,0.0,1,1
CHEMBL4287092,0,1,0.0,1,1
CHEMBL428720,0,1,0.0,1,1
CHEMBL4287261,0,1,0.0,1,1
CHEMBL4287349,0,1,0.0,1,1
CHEMBL4287412,0,1,0.0,1,1
CHEMBL4287654,0,1,0.0,1,1
CHEMBL4287843,0,1,0.0,1,1
CHEMBL4287934,1,1,1.0,1,0
CHEMBL4288103,2,2,1.0,1,0
CHEMBL4288745,0,1,0.0,1,1
CHEMBL4288816,1,1,1.0,1,0
CHEMBL428900,1,1,1.0,1,0
CHEMBL4289487,0,1,0.0,1,1
CHEMBL4290278,1,1,1.0,1,0
CHEMBL4290513,1,1,1.0,1,0
CHEMBL429057,1,1,1.0,1,0
CHEMBL4291439,0,1,0.0,1,1
CHEMBL4291675,1,1,1.0,1,0
CHEMBL4291854,0,1,0.0,1,1
CHEMBL4291946,1,1,1.0,1,0
CHEMBL4292170,0,1,0.0,1,1
CHEMBL4292278,0,1,0.0,1,1
CHEMBL429244,8,8,1.0,1,0
CHEMBL4292491,0,1,0.0,1,1
CHEMBL4292553,1,1,1.0,1,0
CHEMBL4292878,0,1,0.0,1,1
CHEMBL4293287,1,1,1.0,1,0
CHEMBL429422,1,1,1.0,1,0
CHEMBL4294411,0,1,0.0,1,1
CHEMBL4294776,1,1,1.0,1,0
CHEMBL4294787,1,1,1.0,1,0
CHEMBL4295199,1,1,1.0,1,0
CHEMBL429626,0,1,0.0,1,1
CHEMBL4297299,1,1,1.0,1,0
CHEMBL429745,1,1,1.0,1,0
CHEMBL430201,0,1,0.0,1,1
CHEMBL430258,0,1,0.0,1,1
CHEMBL430273,0,1,0.0,1,1
CHEMBL4303596,1,1,1.0,1,0
CHEMBL430363,0,1,0.0,1,1
CHEMBL430574,1,4,0.25,4,3
CHEMBL430946,0,3,0.0,1,3
CHEMBL431133,0,1,0.0,1,1
CHEMBL431216,1,1,1.0,1,0
CHEMBL431272,0,2,0.0,1,2
CHEMBL431933,1,1,1.0,1,0
CHEMBL431942,1,1,1.0,1,0
CHEMBL432111,2,2,1.0,1,0
CHEMBL432130,8,8,1.0,1,0
CHEMBL432314,1,1,1.0,1,0
CHEMBL432688,0,2,0.0,1,2
CHEMBL432708,1,1,1.0,1,0
CHEMBL432769,0,24,0.0,1,24
CHEMBL432839,1,1,1.0,1,0
CHEMBL433175,1,1,1.0,1,0
CHEMBL433350,1,1,1.0,1,0
CHEMBL433361,0,1,0.0,1,1
CHEMBL433833,1,3,0.3333333333333333,1,2
CHEMBL434164,1,1,1.0,1,0
CHEMBL434409,2,2,1.0,2,0
CHEMBL434410,1,1,1.0,1,0
CHEMBL434448,0,1,0.0,1,1
CHEMBL434500,2,2,1.0,1,0
CHEMBL434792,1,1,1.0,1,0
CHEMBL435110,1,1,1.0,1,0
CHEMBL435491,1,1,1.0,1,0
CHEMBL435646,1,1,1.0,1,0
CHEMBL436424,0,2,0.0,1,2
CHEMBL436764,1,1,1.0,1,0
CHEMBL436817,0,1,0.0,1,1
CHEMBL43691,0,2,0.0,1,2
CHEMBL437030,1,1,1.0,1,0
CHEMBL437107,0,1,0.0,1,1
CHEMBL437368,1,1,1.0,1,0
CHEMBL437508,3,3,1.0,2,0
CHEMBL437588,1,1,1.0,1,0
CHEMBL437770,0,1,0.0,1,1
CHEMBL438603,0,2,0.0,2,2
CHEMBL438976,0,2,0.0,1,2
CHEMBL43963,2,2,1.0,1,0
CHEMBL439635,1,1,1.0,1,0
CHEMBL44,0,3,0.0,2,3
CHEMBL440024,1,1,1.0,1,0
CHEMBL440084,0,1,0.0,1,1
CHEMBL44047,2,2,1.0,1,0
CHEMBL441041,0,8,0.0,1,8
CHEMBL441172,8,8,1.0,1,0
CHEMBL441702,0,2,0.0,2,2
CHEMBL441732,0,1,0.0,1,1
CHEMBL441791,0,2,0.0,1,2
CHEMBL442081,0,2,0.0,2,2
CHEMBL442232,2,4,0.5,1,2
CHEMBL442972,1,1,1.0,1,0
CHEMBL443,0,1,0.0,1,1
CHEMBL443012,4,4,1.0,1,0
CHEMBL443169,0,1,0.0,1,1
CHEMBL443240,1,1,1.0,1,0
CHEMBL443262,1,1,1.0,1,0
CHEMBL4435029,1,1,1.0,1,0
CHEMBL4435170,1,1,1.0,1,0
CHEMBL4435354,2,2,1.0,1,0
CHEMBL4435505,1,2,0.5,2,1
CHEMBL443574,1,1,1.0,1,0
CHEMBL4436406,1,1,1.0,1,0
CHEMBL443750,1,3,0.3333333333333333,1,2
CHEMBL4437791,1,1,1.0,1,0
CHEMBL4438202,1,1,1.0,1,0
CHEMBL4439120,1,2,0.5,2,1
CHEMBL4439259,0,1,0.0,1,1
CHEMBL444009,1,1,1.0,1,0
CHEMBL4440560,1,2,0.5,2,1
CHEMBL4440718,1,1,1.0,1,0
CHEMBL4442160,1,1,1.0,1,0
CHEMBL4442382,1,1,1.0,1,0
CHEMBL4442628,0,1,0.0,1,1
CHEMBL4442778,2,2,1.0,1,0
CHEMBL4443394,1,2,0.5,2,1
CHEMBL4443468,2,2,1.0,1,0
CHEMBL4443834,1,1,1.0,1,0
CHEMBL4443843,1,1,1.0,1,0
CHEMBL4443989,2,2,1.0,1,0
CHEMBL4444169,1,1,1.0,1,0
CHEMBL4444178,1,1,1.0,1,0
CHEMBL4444451,1,1,1.0,1,0
CHEMBL4444555,1,1,1.0,1,0
CHEMBL4444585,2,2,1.0,1,0
CHEMBL4444685,1,2,0.5,2,1
CHEMBL444478,8,40,0.2,1,32
CHEMBL4444869,0,1,0.0,1,1
CHEMBL4445333,1,2,0.5,2,1
CHEMBL4445670,1,1,1.0,1,0
CHEMBL4445679,1,2,0.5,2,1
CHEMBL4445751,1,1,1.0,1,0
CHEMBL4445964,0,2,0.0,1,2
CHEMBL4446015,1,1,1.0,1,0
CHEMBL4446024,1,1,1.0,1,0
CHEMBL4446287,2,2,1.0,1,0
CHEMBL444636,1,1,1.0,1,0
CHEMBL4447191,0,1,0.0,1,1
CHEMBL4447631,1,1,1.0,1,0
CHEMBL4448092,1,1,1.0,1,0
CHEMBL444829,1,1,1.0,1,0
CHEMBL444876,1,1,1.0,1,0
CHEMBL4449169,1,1,1.0,1,0
CHEMBL4449730,0,2,0.0,2,2
CHEMBL4449947,1,1,1.0,1,0
CHEMBL4450160,1,1,1.0,1,0
CHEMBL4450181,0,2,0.0,2,2
CHEMBL4451234,1,1,1.0,1,0
CHEMBL4451783,1,1,1.0,1,0
CHEMBL4452233,0,1,0.0,1,1
CHEMBL4453392,1,1,1.0,1,0
CHEMBL445348,2,3,0.6666666666666666,2,1
CHEMBL4453497,1,1,1.0,1,0
CHEMBL44535,2,2,1.0,1,0
CHEMBL445397,2,2,1.0,1,0
CHEMBL44541,1,3,0.3333333333333333,2,2
CHEMBL4454392,2,2,1.0,1,0
CHEMBL4454454,1,1,1.0,1,0
CHEMBL4455587,1,1,1.0,1,0
CHEMBL4455611,2,2,1.0,2,0
CHEMBL4455656,1,2,0.5,2,1
CHEMBL445566,1,1,1.0,1,0
CHEMBL4456130,0,1,0.0,1,1
CHEMBL4456539,2,2,1.0,2,0
CHEMBL445698,0,2,0.0,1,2
CHEMBL4457060,1,1,1.0,1,0
CHEMBL445813,0,2,0.0,2,2
CHEMBL4458246,1,1,1.0,1,0
CHEMBL4459320,1,1,1.0,1,0
CHEMBL4459540,2,2,1.0,1,0
CHEMBL4459919,1,1,1.0,1,0
CHEMBL4460560,2,2,1.0,1,0
CHEMBL4460621,1,1,1.0,1,0
CHEMBL4460774,1,1,1.0,1,0
CHEMBL4461001,1,2,0.5,2,1
CHEMBL4461276,1,1,1.0,1,0
CHEMBL4461850,2,4,0.5,4,2
CHEMBL4462111,1,1,1.0,1,0
CHEMBL4463060,2,2,1.0,1,0
CHEMBL4463183,1,1,1.0,1,0
CHEMBL4463459,1,1,1.0,1,0
CHEMBL4464073,1,1,1.0,1,0
CHEMBL4464577,8,9,0.8888888888888888,1,1
CHEMBL4464632,0,3,0.0,3,3
CHEMBL4465324,0,1,0.0,1,1
CHEMBL4465847,1,1,1.0,1,0
CHEMBL4465976,1,1,1.0,1,0
CHEMBL446640,0,1,0.0,1,1
CHEMBL4466524,1,2,0.5,2,1
CHEMBL4467868,1,1,1.0,1,0
CHEMBL4468727,1,1,1.0,1,0
CHEMBL4469006,1,1,1.0,1,0
CHEMBL4469667,1,1,1.0,1,0
CHEMBL4469750,1,1,1.0,1,0
CHEMBL4469755,1,2,0.5,2,1
CHEMBL4470066,1,1,1.0,1,0
CHEMBL4470291,1,1,1.0,1,0
CHEMBL4471923,1,2,0.5,2,1
CHEMBL4473609,1,1,1.0,1,0
CHEMBL4473654,0,1,0.0,1,1
CHEMBL4474320,0,1,0.0,1,1
CHEMBL447491,1,1,1.0,1,0
CHEMBL4474951,1,1,1.0,1,0
CHEMBL4475059,1,1,1.0,1,0
CHEMBL4475305,0,2,0.0,2,2
CHEMBL447541,0,2,0.0,1,2
CHEMBL4475474,2,2,1.0,1,0
CHEMBL4475619,1,1,1.0,1,0
CHEMBL4476261,1,1,1.0,1,0
CHEMBL4476674,1,2,0.5,2,1
CHEMBL448101,1,1,1.0,1,0
CHEMBL448154,1,1,1.0,1,0
CHEMBL4483432,1,1,1.0,1,0
CHEMBL4483607,2,2,1.0,1,0
CHEMBL448393,0,1,0.0,1,1
CHEMBL449001,0,2,0.0,1,2
CHEMBL449093,0,1,0.0,1,1
CHEMBL449392,0,8,0.0,1,8
CHEMBL449771,0,2,0.0,1,2
CHEMBL44996,2,2,1.0,1,0
CHEMBL450573,0,8,0.0,1,8
CHEMBL450678,0,1,0.0,1,1
CHEMBL450786,1,3,0.3333333333333333,3,2
CHEMBL450938,1,3,0.3333333333333333,1,2
CHEMBL451135,1,1,1.0,1,0
CHEMBL45114,2,2,1.0,1,0
CHEMBL4513418,1,1,1.0,1,0
CHEMBL4514031,1,1,1.0,1,0
CHEMBL4514271,1,1,1.0,1,0
CHEMBL4514780,1,1,1.0,1,0
CHEMBL4515125,1,1,1.0,1,0
CHEMBL45152,0,1,0.0,1,1
CHEMBL4515295,2,2,1.0,1,0
CHEMBL4516356,2,2,1.0,1,0
CHEMBL4516601,1,1,1.0,1,0
CHEMBL4516715,1,1,1.0,1,0
CHEMBL4517080,2,2,1.0,1,0
CHEMBL4517346,0,1,0.0,1,1
CHEMBL4517731,1,2,0.5,2,1
CHEMBL4517792,0,1,0.0,1,1
CHEMBL451786,1,1,1.0,1,0
CHEMBL451787,1,1,1.0,1,0
CHEMBL451788,2,2,1.0,1,0
CHEMBL451792,0,2,0.0,1,2
CHEMBL451799,1,1,1.0,1,0
CHEMBL451800,1,1,1.0,1,0
CHEMBL451801,1,1,1.0,1,0
CHEMBL451802,1,1,1.0,1,0
CHEMBL451806,0,2,0.0,1,2
CHEMBL4518369,8,8,1.0,1,0
CHEMBL4518791,1,1,1.0,1,0
CHEMBL4518977,0,2,0.0,1,2
CHEMBL4519027,0,1,0.0,1,1
CHEMBL4520393,0,1,0.0,1,1
CHEMBL452049,1,1,1.0,1,0
CHEMBL452058,1,1,1.0,1,0
CHEMBL452059,1,1,1.0,1,0
CHEMBL452060,1,1,1.0,1,0
CHEMBL452062,1,1,1.0,1,0
CHEMBL452063,1,1,1.0,1,0
CHEMBL452065,0,2,0.0,1,2
CHEMBL4521353,1,1,1.0,1,0
CHEMBL4521888,1,1,1.0,1,0
CHEMBL4522772,3,5,0.6,1,2
CHEMBL4522946,1,1,1.0,1,0
CHEMBL452305,1,1,1.0,1,0
CHEMBL452307,1,2,0.5,1,1
CHEMBL452308,1,1,1.0,1,0
CHEMBL452314,1,1,1.0,1,0
CHEMBL452315,1,1,1.0,1,0
CHEMBL4524355,0,1,0.0,1,1
CHEMBL4525494,1,1,1.0,1,0
CHEMBL452556,1,1,1.0,1,0
CHEMBL452557,1,1,1.0,1,0
CHEMBL4525944,1,1,1.0,1,0
CHEMBL4526283,1,1,1.0,1,0
CHEMBL4526718,0,1,0.0,1,1
CHEMBL4527282,0,1,0.0,1,1
CHEMBL4528019,1,1,1.0,1,0
CHEMBL4529072,1,1,1.0,1,0
CHEMBL452973,0,1,0.0,1,1
CHEMBL4529771,1,1,1.0,1,0
CHEMBL4530719,1,1,1.0,1,0
CHEMBL4531058,1,1,1.0,1,0
CHEMBL4531222,2,2,1.0,1,0
CHEMBL4531226,1,1,1.0,1,0
CHEMBL4532321,1,1,1.0,1,0
CHEMBL4532396,0,1,0.0,1,1
CHEMBL4534648,1,1,1.0,1,0
CHEMBL4534844,0,1,0.0,1,1
CHEMBL453502,0,1,0.0,1,1
CHEMBL4535851,1,1,1.0,1,0
CHEMBL453597,1,1,1.0,1,0
CHEMBL453598,2,2,1.0,1,0
CHEMBL4536241,1,2,0.5,2,1
CHEMBL4536595,0,2,0.0,2,2
CHEMBL4536891,0,1,0.0,1,1
CHEMBL4537026,0,2,0.0,1,2
CHEMBL4537058,1,1,1.0,1,0
CHEMBL453707,0,1,0.0,1,1
CHEMBL4537142,2,2,1.0,1,0
CHEMBL4537636,1,2,0.5,2,1
CHEMBL453848,1,1,1.0,1,0
CHEMBL4538499,1,1,1.0,1,0
CHEMBL4539148,1,1,1.0,1,0
CHEMBL454102,1,1,1.0,1,0
CHEMBL454103,1,1,1.0,1,0
CHEMBL45424,2,2,1.0,1,0
CHEMBL4542920,1,1,1.0,1,0
CHEMBL4543259,1,2,0.5,2,1
CHEMBL4543595,0,1,0.0,1,1
CHEMBL4543927,0,3,0.0,3,3
CHEMBL4543984,1,1,1.0,1,0
CHEMBL4544171,0,1,0.0,1,1
CHEMBL4544320,1,1,1.0,1,0
CHEMBL454546,0,2,0.0,1,2
CHEMBL4545777,1,1,1.0,1,0
CHEMBL4545939,1,1,1.0,1,0
CHEMBL454617,0,2,0.0,1,2
CHEMBL4546641,1,1,1.0,1,0
CHEMBL4548154,1,1,1.0,1,0
CHEMBL4548193,1,1,1.0,1,0
CHEMBL454870,1,1,1.0,1,0
CHEMBL454874,1,1,1.0,1,0
CHEMBL454877,0,2,0.0,1,2
CHEMBL4549658,1,1,1.0,1,0
CHEMBL4549667,1,1,1.0,1,0
CHEMBL4550547,1,1,1.0,1,0
CHEMBL4550668,4,5,0.8,1,1
CHEMBL4550702,1,1,1.0,1,0
CHEMBL4551036,0,1,0.0,1,1
CHEMBL455123,1,1,1.0,1,0
CHEMBL455124,1,1,1.0,1,0
CHEMBL455125,1,1,1.0,1,0
CHEMBL455129,0,2,0.0,1,2
CHEMBL4552628,1,1,1.0,1,0
CHEMBL4552749,0,1,0.0,1,1
CHEMBL4553536,0,1,0.0,1,1
CHEMBL4553699,1,2,0.5,2,1
CHEMBL4553877,0,1,0.0,1,1
CHEMBL455388,0,2,0.0,1,2
CHEMBL455389,0,2,0.0,1,2
CHEMBL4554066,0,1,0.0,1,1
CHEMBL4554516,1,1,1.0,1,0
CHEMBL4556402,1,2,0.5,2,1
CHEMBL455641,0,2,0.0,1,2
CHEMBL4556925,0,1,0.0,1,1
CHEMBL4557065,1,2,0.5,2,1
CHEMBL4557190,1,1,1.0,1,0
CHEMBL4557416,2,2,1.0,1,0
CHEMBL4558168,1,2,0.5,2,1
CHEMBL4558273,1,1,1.0,1,0
CHEMBL4558527,1,1,1.0,1,0
CHEMBL4558606,1,2,0.5,2,1
CHEMBL4558937,1,1,1.0,1,0
CHEMBL4559250,0,1,0.0,1,1
CHEMBL4559585,1,1,1.0,1,0
CHEMBL4559936,2,2,1.0,1,0
CHEMBL4559996,1,1,1.0,1,0
CHEMBL4561431,2,2,1.0,1,0
CHEMBL4561613,0,1,0.0,1,1
CHEMBL4562597,1,1,1.0,1,0
CHEMBL4563398,1,1,1.0,1,0
CHEMBL4563650,1,1,1.0,1,0
CHEMBL4564280,2,2,1.0,1,0
CHEMBL4564903,2,2,1.0,1,0
CHEMBL4565054,1,1,1.0,1,0
CHEMBL4565327,0,1,0.0,1,1
CHEMBL4566039,1,1,1.0,1,0
CHEMBL4566076,2,2,1.0,1,0
CHEMBL4566158,1,1,1.0,1,0
CHEMBL4566380,1,1,1.0,1,0
CHEMBL4566588,1,1,1.0,1,0
CHEMBL4566815,1,1,1.0,1,0
CHEMBL4567198,0,1,0.0,1,1
CHEMBL4567664,1,1,1.0,1,0
CHEMBL4567734,0,1,0.0,1,1
CHEMBL4567815,0,1,0.0,1,1
CHEMBL4568087,1,1,1.0,1,0
CHEMBL4569321,0,1,0.0,1,1
CHEMBL4569508,1,1,1.0,1,0
CHEMBL4569913,0,1,0.0,1,1
CHEMBL4571117,1,1,1.0,1,0
CHEMBL4571877,1,2,0.5,2,1
CHEMBL4572065,1,1,1.0,1,0
CHEMBL4572244,2,2,1.0,2,0
CHEMBL4572752,1,1,1.0,1,0
CHEMBL4572855,1,1,1.0,1,0
CHEMBL4572858,1,1,1.0,1,0
CHEMBL4572863,1,1,1.0,1,0
CHEMBL4572930,1,2,0.5,2,1
CHEMBL457313,0,3,0.0,2,3
CHEMBL4573293,1,1,1.0,1,0
CHEMBL4573817,1,2,0.5,2,1
CHEMBL4574882,1,1,1.0,1,0
CHEMBL4576165,1,2,0.5,2,1
CHEMBL4576822,0,1,0.0,1,1
CHEMBL4577904,0,1,0.0,1,1
CHEMBL457810,0,1,0.0,1,1
CHEMBL4578499,0,2,0.0,2,2
CHEMBL4580625,1,1,1.0,1,0
CHEMBL4580738,1,1,1.0,1,0
CHEMBL4581278,1,1,1.0,1,0
CHEMBL4581349,0,1,0.0,1,1
CHEMBL4582632,2,2,1.0,1,0
CHEMBL4582694,1,2,0.5,2,1
CHEMBL45827,2,2,1.0,1,0
CHEMBL4583185,1,1,1.0,1,0
CHEMBL4583414,0,2,0.0,1,2
CHEMBL4583650,0,2,0.0,1,2
CHEMBL4584646,1,2,0.5,2,1
CHEMBL4585396,0,1,0.0,1,1
CHEMBL4585479,1,1,1.0,1,0
CHEMBL4585607,1,1,1.0,1,0
CHEMBL4586284,0,1,0.0,1,1
CHEMBL4587540,1,2,0.5,2,1
CHEMBL4588314,1,1,1.0,1,0
CHEMBL4590509,1,1,1.0,1,0
CHEMBL4591064,1,1,1.0,1,0
CHEMBL4591417,4,4,1.0,4,0
CHEMBL4591429,1,2,0.5,2,1
CHEMBL4591485,0,1,0.0,1,1
CHEMBL459199,4,4,1.0,4,0
CHEMBL4592746,0,1,0.0,1,1
CHEMBL4593316,2,2,1.0,1,0
CHEMBL4593717,1,1,1.0,1,0
CHEMBL4593860,1,2,0.5,2,1
CHEMBL4593946,1,1,1.0,1,0
CHEMBL4595333,1,2,0.5,2,1
CHEMBL459676,0,2,0.0,1,2
CHEMBL459850,1,1,1.0,1,0
CHEMBL459874,1,1,1.0,1,0
CHEMBL460071,1,1,1.0,1,0
CHEMBL460464,0,2,0.0,1,2
CHEMBL46094,7,7,1.0,1,0
CHEMBL460945,0,2,0.0,1,2
CHEMBL460946,0,2,0.0,1,2
CHEMBL460947,0,2,0.0,1,2
CHEMBL461125,1,1,1.0,1,0
CHEMBL461126,1,1,1.0,1,0
CHEMBL461127,1,1,1.0,1,0
CHEMBL461367,0,2,0.0,1,2
CHEMBL461368,1,1,1.0,1,0
CHEMBL461372,2,2,1.0,1,0
CHEMBL461373,1,1,1.0,1,0
CHEMBL461374,2,2,1.0,1,0
CHEMBL461376,1,1,1.0,1,0
CHEMBL461377,1,1,1.0,1,0
CHEMBL461556,0,2,0.0,1,2
CHEMBL461557,0,2,0.0,1,2
CHEMBL461561,1,1,1.0,1,0
CHEMBL461562,2,2,1.0,1,0
CHEMBL461563,1,1,1.0,1,0
CHEMBL461564,1,1,1.0,1,0
CHEMBL461751,1,1,1.0,1,0
CHEMBL461754,2,2,1.0,1,0
CHEMBL461755,1,1,1.0,1,0
CHEMBL461756,1,1,1.0,1,0
CHEMBL461757,1,1,1.0,1,0
CHEMBL461758,1,1,1.0,1,0
CHEMBL461764,0,2,0.0,1,2
CHEMBL461936,1,1,1.0,1,0
CHEMBL461937,1,1,1.0,1,0
CHEMBL461938,1,1,1.0,1,0
CHEMBL461943,1,1,1.0,1,0
CHEMBL461948,0,2,0.0,1,2
CHEMBL462126,1,1,1.0,1,0
CHEMBL462127,1,1,1.0,1,0
CHEMBL462135,1,1,1.0,1,0
CHEMBL462136,1,1,1.0,1,0
CHEMBL462198,1,1,1.0,1,0
CHEMBL462377,2,2,1.0,1,0
CHEMBL4632970,0,1,0.0,1,1
CHEMBL4634169,0,1,0.0,1,1
CHEMBL4634665,0,1,0.0,1,1
CHEMBL4636684,0,4,0.0,1,4
CHEMBL463931,1,1,1.0,1,0
CHEMBL4642013,1,1,1.0,1,0
CHEMBL4643847,1,1,1.0,1,0
CHEMBL46440,1,3,0.3333333333333333,2,2
CHEMBL464552,0,2,0.0,2,2
CHEMBL4646170,0,1,0.0,1,1
CHEMBL46502,2,2,1.0,1,0
CHEMBL465047,0,2,0.0,1,2
CHEMBL46633,2,2,1.0,1,0
CHEMBL46739,2,2,1.0,1,0
CHEMBL46821,2,2,1.0,1,0
CHEMBL468255,0,1,0.0,1,1
CHEMBL46884,2,2,1.0,1,0
CHEMBL468963,4,5,0.8,2,1
CHEMBL470097,1,1,1.0,1,0
CHEMBL470098,1,1,1.0,1,0
CHEMBL470109,1,1,1.0,1,0
CHEMBL47041,2,2,1.0,1,0
CHEMBL470424,0,1,0.0,1,1
CHEMBL470514,4,4,1.0,4,0
CHEMBL47089,2,2,1.0,1,0
CHEMBL47094,2,2,1.0,1,0
CHEMBL470969,0,2,0.0,1,2
CHEMBL470970,1,1,1.0,1,0
CHEMBL470971,1,1,1.0,1,0
CHEMBL470974,0,2,0.0,1,2
CHEMBL471135,1,1,1.0,1,0
CHEMBL471136,1,1,1.0,1,0
CHEMBL471137,2,2,1.0,1,0
CHEMBL471140,1,1,1.0,1,0
CHEMBL471143,1,1,1.0,1,0
CHEMBL471146,1,1,1.0,1,0
CHEMBL471151,1,1,1.0,1,0
CHEMBL471152,1,1,1.0,1,0
CHEMBL471153,1,1,1.0,1,0
CHEMBL471252,0,1,0.0,1,1
CHEMBL471308,1,1,1.0,1,0
CHEMBL471310,1,1,1.0,1,0
CHEMBL471311,1,1,1.0,1,0
CHEMBL471312,1,1,1.0,1,0
CHEMBL471314,1,1,1.0,1,0
CHEMBL471315,1,1,1.0,1,0
CHEMBL471317,1,1,1.0,1,0
CHEMBL471324,1,1,1.0,1,0
CHEMBL471325,1,1,1.0,1,0
CHEMBL471667,0,1,0.0,1,1
CHEMBL471945,1,2,0.5,1,1
CHEMBL472000,1,1,1.0,1,0
CHEMBL472001,1,1,1.0,1,0
CHEMBL472002,1,1,1.0,1,0
CHEMBL472171,1,1,1.0,1,0
CHEMBL472174,1,1,1.0,1,0
CHEMBL472185,1,1,1.0,1,0
CHEMBL472186,1,1,1.0,1,0
CHEMBL472350,1,1,1.0,1,0
CHEMBL472352,1,1,1.0,1,0
CHEMBL472353,1,1,1.0,1,0
CHEMBL472356,2,2,1.0,1,0
CHEMBL472361,1,1,1.0,1,0
CHEMBL472362,1,1,1.0,1,0
CHEMBL472513,0,2,0.0,1,2
CHEMBL472514,0,2,0.0,1,2
CHEMBL472519,1,1,1.0,1,0
CHEMBL472520,2,2,1.0,1,0
CHEMBL472526,2,2,1.0,1,0
CHEMBL472694,3,5,0.6,1,2
CHEMBL473080,0,1,0.0,1,1
CHEMBL4739994,1,1,1.0,1,0
CHEMBL4740411,1,1,1.0,1,0
CHEMBL4740659,1,1,1.0,1,0
CHEMBL4741075,1,1,1.0,1,0
CHEMBL4741668,1,1,1.0,1,0
CHEMBL4741778,0,1,0.0,1,1
CHEMBL4743195,1,1,1.0,1,0
CHEMBL4744041,2,2,1.0,1,0
CHEMBL4744166,0,1,0.0,1,1
CHEMBL4744889,0,1,0.0,1,1
CHEMBL4745529,1,1,1.0,1,0
CHEMBL4745971,1,1,1.0,1,0
CHEMBL4746272,2,2,1.0,1,0
CHEMBL4747449,1,1,1.0,1,0
CHEMBL4748345,2,2,1.0,2,0
CHEMBL4748354,1,1,1.0,1,0
CHEMBL4748445,1,1,1.0,1,0
CHEMBL4749431,0,1,0.0,1,1
CHEMBL4749454,1,1,1.0,1,0
CHEMBL4749877,0,1,0.0,1,1
CHEMBL4750184,0,2,0.0,1,2
CHEMBL475251,1,2,0.5,2,1
CHEMBL4752949,0,1,0.0,1,1
CHEMBL4753147,1,1,1.0,1,0
CHEMBL4753549,1,1,1.0,1,0
CHEMBL4754382,1,1,1.0,1,0
CHEMBL4754686,1,1,1.0,1,0
CHEMBL4754856,1,1,1.0,1,0
CHEMBL4755092,2,2,1.0,2,0
CHEMBL4755373,2,2,1.0,2,0
CHEMBL4756422,1,1,1.0,1,0
CHEMBL4756516,1,1,1.0,1,0
CHEMBL4756563,1,1,1.0,1,0
CHEMBL4757237,0,1,0.0,1,1
CHEMBL4758072,0,1,0.0,1,1
CHEMBL475813,4,4,1.0,4,0
CHEMBL475816,1,6,0.16666666666666666,6,5
CHEMBL4758253,1,1,1.0,1,0
CHEMBL4759771,2,2,1.0,2,0
CHEMBL4759953,1,1,1.0,1,0
CHEMBL4760064,0,1,0.0,1,1
CHEMBL4760274,1,1,1.0,1,0
CHEMBL4760494,1,1,1.0,1,0
CHEMBL476141,0,1,0.0,1,1
CHEMBL476259,0,1,0.0,1,1
CHEMBL4763099,2,2,1.0,2,0
CHEMBL4763383,2,2,1.0,2,0
CHEMBL4763560,1,1,1.0,1,0
CHEMBL4763849,1,1,1.0,1,0
CHEMBL477,0,5,0.0,2,5
CHEMBL477106,0,1,0.0,1,1
CHEMBL477290,0,1,0.0,1,1
CHEMBL4776245,1,1,1.0,1,0
CHEMBL4776402,1,1,1.0,1,0
CHEMBL4776512,1,2,0.5,1,1
CHEMBL4776686,1,1,1.0,1,0
CHEMBL4776698,1,2,0.5,2,1
CHEMBL4777006,0,1,0.0,1,1
CHEMBL4777196,0,1,0.0,1,1
CHEMBL477772,1,3,0.3333333333333333,3,2
CHEMBL4778029,0,1,0.0,1,1
CHEMBL4778413,1,1,1.0,1,0
CHEMBL4778749,1,1,1.0,1,0
CHEMBL4779427,0,1,0.0,1,1
CHEMBL4780266,0,1,0.0,1,1
CHEMBL4780720,1,1,1.0,1,0
CHEMBL4780984,0,2,0.0,1,2
CHEMBL4781735,0,1,0.0,1,1
CHEMBL478201,0,1,0.0,1,1
CHEMBL4782014,0,1,0.0,1,1
CHEMBL4782275,0,1,0.0,1,1
CHEMBL4783398,1,1,1.0,1,0
CHEMBL4784564,1,1,1.0,1,0
CHEMBL4784634,0,1,0.0,1,1
CHEMBL4785430,0,1,0.0,1,1
CHEMBL4785650,1,1,1.0,1,0
CHEMBL478629,0,7,0.0,1,7
CHEMBL4786599,0,1,0.0,1,1
CHEMBL4786846,0,1,0.0,1,1
CHEMBL4787507,0,1,0.0,1,1
CHEMBL4787659,1,1,1.0,1,0
CHEMBL4788756,0,1,0.0,1,1
CHEMBL4789095,0,1,0.0,1,1
CHEMBL4789273,1,1,1.0,1,0
CHEMBL4789489,0,1,0.0,1,1
CHEMBL4789556,1,1,1.0,1,0
CHEMBL4789639,1,1,1.0,1,0
CHEMBL4790186,1,1,1.0,1,0
CHEMBL4790747,1,1,1.0,1,0
CHEMBL4791275,1,1,1.0,1,0
CHEMBL4791651,1,1,1.0,1,0
CHEMBL479170,0,1,0.0,1,1
CHEMBL479201,0,1,0.0,1,1
CHEMBL479202,0,1,0.0,1,1
CHEMBL479209,0,1,0.0,1,1
CHEMBL4793010,0,1,0.0,1,1
CHEMBL4793696,0,1,0.0,1,1
CHEMBL479403,0,1,0.0,1,1
CHEMBL4794078,0,1,0.0,1,1
CHEMBL4794328,1,1,1.0,1,0
CHEMBL479438,0,1,0.0,1,1
CHEMBL4794934,2,2,1.0,2,0
CHEMBL4795467,1,1,1.0,1,0
CHEMBL4796116,0,1,0.0,1,1
CHEMBL4796154,0,1,0.0,1,1
CHEMBL4796622,0,2,0.0,2,2
CHEMBL479811,0,1,0.0,1,1
CHEMBL479812,0,1,0.0,1,1
CHEMBL4798127,0,1,0.0,1,1
CHEMBL4798378,1,1,1.0,1,0
CHEMBL4799210,1,1,1.0,1,0
CHEMBL480000,0,1,0.0,1,1
CHEMBL480004,0,1,0.0,1,1
CHEMBL4800665,0,1,0.0,1,1
CHEMBL48082,1,3,0.3333333333333333,2,2
CHEMBL480971,0,1,0.0,1,1
CHEMBL481151,0,1,0.0,1,1
CHEMBL481307,0,1,0.0,1,1
CHEMBL481314,0,1,0.0,1,1
CHEMBL481317,0,1,0.0,1,1
CHEMBL481346,0,1,0.0,1,1
CHEMBL481405,0,1,0.0,1,1
CHEMBL48172,1,1,1.0,1,0
CHEMBL481758,0,1,0.0,1,1
CHEMBL482106,0,1,0.0,1,1
CHEMBL482107,0,1,0.0,1,1
CHEMBL482193,0,1,0.0,1,1
CHEMBL482284,0,1,0.0,1,1
CHEMBL482508,0,2,0.0,1,2
CHEMBL482509,0,2,0.0,1,2
CHEMBL482510,0,2,0.0,1,2
CHEMBL482519,0,1,0.0,1,1
CHEMBL482520,0,1,0.0,1,1
CHEMBL48257,0,8,0.0,1,8
CHEMBL482916,0,2,0.0,1,2
CHEMBL483158,2,2,1.0,1,0
CHEMBL483234,0,1,0.0,1,1
CHEMBL483321,0,1,0.0,1,1
CHEMBL483334,0,2,0.0,1,2
CHEMBL483542,0,1,0.0,1,1
CHEMBL483919,0,1,0.0,1,1
CHEMBL484514,0,2,0.0,1,2
CHEMBL484515,0,1,0.0,1,1
CHEMBL484659,0,2,0.0,1,2
CHEMBL4846640,0,1,0.0,1,1
CHEMBL4846790,2,2,1.0,2,0
CHEMBL4846828,1,1,1.0,1,0
CHEMBL4846861,2,2,1.0,2,0
CHEMBL4846932,2,2,1.0,2,0
CHEMBL4847078,1,1,1.0,1,0
CHEMBL4847106,3,6,0.5,1,3
CHEMBL4847623,0,1,0.0,1,1
CHEMBL4848290,0,1,0.0,1,1
CHEMBL4848465,2,2,1.0,2,0
CHEMBL4848605,1,1,1.0,1,0
CHEMBL4848621,0,3,0.0,2,3
CHEMBL4848796,0,1,0.0,1,1
CHEMBL4848804,1,1,1.0,1,0
CHEMBL4849068,1,1,1.0,1,0
CHEMBL4849731,0,1,0.0,1,1
CHEMBL4850442,0,1,0.0,1,1
CHEMBL485053,8,20,0.4,7,12
CHEMBL4850582,0,1,0.0,1,1
CHEMBL485064,0,2,0.0,1,2
CHEMBL485065,0,1,0.0,1,1
CHEMBL4850929,2,2,1.0,2,0
CHEMBL4851021,1,1,1.0,1,0
CHEMBL4851171,2,2,1.0,2,0
CHEMBL4851634,0,3,0.0,2,3
CHEMBL4852459,1,1,1.0,1,0
CHEMBL4852474,2,2,1.0,2,0
CHEMBL4852680,0,1,0.0,1,1
CHEMBL4853125,1,1,1.0,1,0
CHEMBL485322,0,2,0.0,1,2
CHEMBL4853288,1,3,0.3333333333333333,2,2
CHEMBL4853403,2,2,1.0,1,0
CHEMBL4853960,1,1,1.0,1,0
CHEMBL4854415,0,1,0.0,1,1
CHEMBL4854518,0,1,0.0,1,1
CHEMBL4854708,0,1,0.0,1,1
CHEMBL4854911,1,1,1.0,1,0
CHEMBL4854974,1,1,1.0,1,0
CHEMBL48551,0,8,0.0,1,8
CHEMBL4855593,0,1,0.0,1,1
CHEMBL4856512,0,1,0.0,1,1
CHEMBL4856596,0,1,0.0,1,1
CHEMBL4856749,2,2,1.0,2,0
CHEMBL4857316,1,1,1.0,1,0
CHEMBL4857544,2,2,1.0,2,0
CHEMBL4858396,2,2,1.0,2,0
CHEMBL4858522,2,2,1.0,2,0
CHEMBL485853,0,2,0.0,1,2
CHEMBL4858644,1,1,1.0,1,0
CHEMBL4859147,2,2,1.0,2,0
CHEMBL4859513,2,2,1.0,2,0
CHEMBL4860065,2,2,1.0,2,0
CHEMBL4860139,2,2,1.0,2,0
CHEMBL4860402,2,2,1.0,2,0
CHEMBL4860515,0,3,0.0,2,3
CHEMBL4860538,1,1,1.0,1,0
CHEMBL4860541,2,2,1.0,2,0
CHEMBL4860579,0,1,0.0,1,1
CHEMBL4860872,1,3,0.3333333333333333,2,2
CHEMBL4861127,0,1,0.0,1,1
CHEMBL4861291,2,2,1.0,2,0
CHEMBL4861369,0,1,0.0,1,1
CHEMBL4861720,0,3,0.0,2,3
CHEMBL4861899,1,1,1.0,1,0
CHEMBL4862452,1,1,1.0,1,0
CHEMBL4863370,0,1,0.0,1,1
CHEMBL48636,1,1,1.0,1,0
CHEMBL486452,1,1,1.0,1,0
CHEMBL486453,1,1,1.0,1,0
CHEMBL486454,1,1,1.0,1,0
CHEMBL4864545,0,1,0.0,1,1
CHEMBL4864780,2,2,1.0,2,0
CHEMBL4865150,2,2,1.0,2,0
CHEMBL4865732,1,1,1.0,1,0
CHEMBL4866147,2,2,1.0,2,0
CHEMBL4866187,0,3,0.0,2,3
CHEMBL486632,0,2,0.0,1,2
CHEMBL486659,1,1,1.0,1,0
CHEMBL486660,1,1,1.0,1,0
CHEMBL486662,1,1,1.0,1,0
CHEMBL486663,1,1,1.0,1,0
CHEMBL486667,0,1,0.0,1,1
CHEMBL486829,1,1,1.0,1,0
CHEMBL486830,1,1,1.0,1,0
CHEMBL4868537,1,1,1.0,1,0
CHEMBL4868671,0,1,0.0,1,1
CHEMBL4868830,1,1,1.0,1,0
CHEMBL4869303,1,1,1.0,1,0
CHEMBL48695,0,8,0.0,1,8
CHEMBL4869791,2,2,1.0,2,0
CHEMBL4869914,1,1,1.0,1,0
CHEMBL4870149,2,2,1.0,2,0
CHEMBL4870416,0,1,0.0,1,1
CHEMBL4870464,2,2,1.0,2,0
CHEMBL4870529,1,3,0.3333333333333333,2,2
CHEMBL4870992,1,2,0.5,2,1
CHEMBL4871059,0,3,0.0,2,3
CHEMBL4871385,1,1,1.0,1,0
CHEMBL4871611,0,1,0.0,1,1
CHEMBL4871745,1,1,1.0,1,0
CHEMBL4872066,1,1,1.0,1,0
CHEMBL4872079,1,2,0.5,2,1
CHEMBL4872239,0,1,0.0,1,1
CHEMBL4872556,2,2,1.0,2,0
CHEMBL4872681,1,3,0.3333333333333333,2,2
CHEMBL4873321,0,1,0.0,1,1
CHEMBL4873388,0,1,0.0,1,1
CHEMBL4873647,1,2,0.5,1,1
CHEMBL4873917,0,1,0.0,1,1
CHEMBL4874419,0,1,0.0,1,1
CHEMBL4874534,2,2,1.0,2,0
CHEMBL4874549,1,1,1.0,1,0
CHEMBL4874579,1,1,1.0,1,0
CHEMBL487468,0,2,0.0,1,2
CHEMBL487469,0,2,0.0,1,2
CHEMBL487470,1,1,1.0,1,0
CHEMBL487471,1,1,1.0,1,0
CHEMBL487472,1,1,1.0,1,0
CHEMBL487480,2,2,1.0,1,0
CHEMBL4875029,0,3,0.0,2,3
CHEMBL4875172,2,2,1.0,2,0
CHEMBL4875387,2,2,1.0,2,0
CHEMBL4875401,1,1,1.0,1,0
CHEMBL4875986,0,3,0.0,2,3
CHEMBL4876042,0,1,0.0,1,1
CHEMBL487637,0,2,0.0,1,2
CHEMBL4876370,1,1,1.0,1,0
CHEMBL4876372,1,1,1.0,1,0
CHEMBL487640,1,1,1.0,1,0
CHEMBL487641,1,1,1.0,1,0
CHEMBL487642,1,1,1.0,1,0
CHEMBL487660,1,1,1.0,1,0
CHEMBL487661,1,1,1.0,1,0
CHEMBL4877541,0,1,0.0,1,1
CHEMBL4877608,1,4,0.25,3,3
CHEMBL4877655,1,1,1.0,1,0
CHEMBL4877846,1,1,1.0,1,0
CHEMBL4878046,1,1,1.0,1,0
CHEMBL4878071,2,2,1.0,2,0
CHEMBL4878216,2,2,1.0,2,0
CHEMBL487829,1,1,1.0,1,0
CHEMBL487841,1,1,1.0,1,0
CHEMBL487842,1,1,1.0,1,0
CHEMBL487844,1,1,1.0,1,0
CHEMBL487845,1,1,1.0,1,0
CHEMBL488012,1,1,1.0,1,0
CHEMBL488019,1,1,1.0,1,0
CHEMBL488020,1,1,1.0,1,0
CHEMBL48809,0,1,0.0,1,1
CHEMBL488101,0,1,0.0,1,1
CHEMBL488498,2,2,1.0,1,0
CHEMBL488500,2,2,1.0,1,0
CHEMBL488527,0,1,0.0,1,1
CHEMBL488668,2,2,1.0,1,0
CHEMBL488675,1,1,1.0,1,0
CHEMBL488694,1,1,1.0,1,0
CHEMBL488697,1,1,1.0,1,0
CHEMBL488698,1,1,1.0,1,0
CHEMBL488705,1,1,1.0,1,0
CHEMBL488706,1,1,1.0,1,0
CHEMBL488828,1,1,1.0,1,0
CHEMBL488836,1,1,1.0,1,0
CHEMBL488858,1,1,1.0,1,0
CHEMBL488860,1,1,1.0,1,0
CHEMBL488863,1,1,1.0,1,0
CHEMBL488864,1,1,1.0,1,0
CHEMBL488870,1,1,1.0,1,0
CHEMBL489128,1,1,1.0,1,0
CHEMBL489129,1,1,1.0,1,0
CHEMBL489157,0,1,0.0,1,1
CHEMBL489316,1,1,1.0,1,0
CHEMBL489317,1,1,1.0,1,0
CHEMBL489352,0,1,0.0,1,1
CHEMBL489895,0,1,0.0,1,1
CHEMBL489906,1,1,1.0,1,0
CHEMBL489967,0,4,0.0,3,4
CHEMBL490,1,4,0.25,3,3
CHEMBL490159,0,4,0.0,3,4
CHEMBL49055,4,4,1.0,4,0
CHEMBL490775,0,1,0.0,1,1
CHEMBL490987,0,1,0.0,1,1
CHEMBL491136,1,1,1.0,1,0
CHEMBL491137,1,1,1.0,1,0
CHEMBL491138,1,1,1.0,1,0
CHEMBL49120,4,4,1.0,3,0
CHEMBL491473,0,2,0.0,2,2
CHEMBL491503,1,1,1.0,1,0
CHEMBL491505,1,1,1.0,1,0
CHEMBL493048,0,1,0.0,1,1
CHEMBL493049,0,1,0.0,1,1
CHEMBL493923,0,1,0.0,1,1
CHEMBL494082,0,1,0.0,1,1
CHEMBL494089,2,4,0.5,4,2
CHEMBL494662,1,1,1.0,1,0
CHEMBL494669,4,4,1.0,4,0
CHEMBL495547,1,1,1.0,1,0
CHEMBL495945,1,1,1.0,1,0
CHEMBL495956,1,1,1.0,1,0
CHEMBL49596,2,2,1.0,1,0
CHEMBL496145,1,1,1.0,1,0
CHEMBL496148,3,3,1.0,1,0
CHEMBL496162,0,2,0.0,1,2
CHEMBL496354,1,1,1.0,1,0
CHEMBL496355,1,1,1.0,1,0
CHEMBL496559,1,1,1.0,1,0
CHEMBL49658,0,1,0.0,1,1
CHEMBL49689,7,7,1.0,1,0
CHEMBL496981,1,1,1.0,1,0
CHEMBL496982,1,1,1.0,1,0
CHEMBL497033,3,3,1.0,1,0
CHEMBL497187,1,1,1.0,1,0
CHEMBL497188,1,1,1.0,1,0
CHEMBL497615,2,3,0.6666666666666666,1,1
CHEMBL497806,1,1,1.0,1,0
CHEMBL497808,1,1,1.0,1,0
CHEMBL498009,1,1,1.0,1,0
CHEMBL498211,1,1,1.0,1,0
CHEMBL498212,1,1,1.0,1,0
CHEMBL498247,0,1,0.0,1,1
CHEMBL498248,0,1,0.0,1,1
CHEMBL498249,0,1,0.0,1,1
CHEMBL498413,1,1,1.0,1,0
CHEMBL498414,1,1,1.0,1,0
CHEMBL498553,1,1,1.0,1,0
CHEMBL498759,1,1,1.0,1,0
CHEMBL498760,1,1,1.0,1,0
CHEMBL498947,0,3,0.0,1,3
CHEMBL49951,0,8,0.0,1,8
CHEMBL50,2,3,0.6666666666666666,2,1
CHEMBL500224,0,1,0.0,1,1
CHEMBL501701,0,1,0.0,1,1
CHEMBL502491,8,8,1.0,1,0
CHEMBL502835,1,2,0.5,2,1
CHEMBL503530,0,2,0.0,1,2
CHEMBL50371,0,1,0.0,1,1
CHEMBL503729,1,1,1.0,1,0
CHEMBL50470,1,1,1.0,1,0
CHEMBL504950,0,1,0.0,1,1
CHEMBL505705,0,1,0.0,1,1
CHEMBL505732,0,1,0.0,1,1
CHEMBL50629,0,1,0.0,1,1
CHEMBL506390,1,1,1.0,1,0
CHEMBL50647,1,1,1.0,1,0
CHEMBL506586,1,1,1.0,1,0
CHEMBL506639,0,1,0.0,1,1
CHEMBL506696,0,1,0.0,1,1
CHEMBL5071394,1,1,1.0,1,0
CHEMBL5072469,1,1,1.0,1,0
CHEMBL507308,0,16,0.0,1,16
CHEMBL5073602,1,1,1.0,1,0
CHEMBL507361,1,1,1.0,1,0
CHEMBL5075869,0,1,0.0,1,1
CHEMBL507635,0,3,0.0,2,3
CHEMBL5076543,1,1,1.0,1,0
CHEMBL5077147,0,1,0.0,1,1
CHEMBL5077792,1,1,1.0,1,0
CHEMBL5077865,1,1,1.0,1,0
CHEMBL5078679,1,1,1.0,1,0
CHEMBL507947,1,1,1.0,1,0
CHEMBL5080064,0,1,0.0,1,1
CHEMBL5080551,1,1,1.0,1,0
CHEMBL5081600,1,1,1.0,1,0
CHEMBL5081634,1,1,1.0,1,0
CHEMBL508165,1,1,1.0,1,0
CHEMBL5081964,1,1,1.0,1,0
CHEMBL5082066,1,1,1.0,1,0
CHEMBL5082336,1,1,1.0,1,0
CHEMBL5082486,1,1,1.0,1,0
CHEMBL508280,0,1,0.0,1,1
CHEMBL5083328,0,1,0.0,1,1
CHEMBL5083869,0,1,0.0,1,1
CHEMBL508401,1,1,1.0,1,0
CHEMBL508402,1,1,1.0,1,0
CHEMBL5084056,1,1,1.0,1,0
CHEMBL5084513,0,1,0.0,1,1
CHEMBL508477,0,1,0.0,1,1
CHEMBL5086461,1,1,1.0,1,0
CHEMBL5087055,2,2,1.0,1,0
CHEMBL5087061,1,1,1.0,1,0
CHEMBL5087173,0,1,0.0,1,1
CHEMBL5087686,1,1,1.0,1,0
CHEMBL5088290,1,1,1.0,1,0
CHEMBL5088310,1,1,1.0,1,0
CHEMBL5088457,1,1,1.0,1,0
CHEMBL508870,2,2,1.0,1,0
CHEMBL5089084,1,1,1.0,1,0
CHEMBL50894,1,2,0.5,2,1
CHEMBL509032,2,3,0.6666666666666666,3,1
CHEMBL509039,0,2,0.0,1,2
CHEMBL5090799,1,1,1.0,1,0
CHEMBL5090995,0,1,0.0,1,1
CHEMBL5091128,1,1,1.0,1,0
CHEMBL509132,1,1,1.0,1,0
CHEMBL5091438,1,1,1.0,1,0
CHEMBL5092087,2,2,1.0,1,0
CHEMBL509237,0,2,0.0,1,2
CHEMBL5094025,1,1,1.0,1,0
CHEMBL5094364,1,1,1.0,1,0
CHEMBL5094877,1,1,1.0,1,0
CHEMBL5094921,1,1,1.0,1,0
CHEMBL509669,1,1,1.0,1,0
CHEMBL509697,1,1,1.0,1,0
CHEMBL50977,0,1,0.0,1,1
CHEMBL509932,0,1,0.0,1,1
CHEMBL509940,1,1,1.0,1,0
CHEMBL510063,1,1,1.0,1,0
CHEMBL510143,1,1,1.0,1,0
CHEMBL510179,0,2,0.0,1,2
CHEMBL51028,1,1,1.0,1,0
CHEMBL510516,3,3,1.0,1,0
CHEMBL510555,2,2,1.0,1,0
CHEMBL510557,1,1,1.0,1,0
CHEMBL510885,1,1,1.0,1,0
CHEMBL510892,1,1,1.0,1,0
CHEMBL511094,1,1,1.0,1,0
CHEMBL511124,0,1,0.0,1,1
CHEMBL511301,2,2,1.0,1,0
CHEMBL511308,1,1,1.0,1,0
CHEMBL511497,0,1,0.0,1,1
CHEMBL511819,1,1,1.0,1,0
CHEMBL511820,1,1,1.0,1,0
CHEMBL511845,0,2,0.0,1,2
CHEMBL511846,1,1,1.0,1,0
CHEMBL512016,1,1,1.0,1,0
CHEMBL512019,1,1,1.0,1,0
CHEMBL512536,1,1,1.0,1,0
CHEMBL512699,1,1,1.0,1,0
CHEMBL512700,1,1,1.0,1,0
CHEMBL51283,1,1,1.0,1,0
CHEMBL513048,1,1,1.0,1,0
CHEMBL513069,1,1,1.0,1,0
CHEMBL513551,1,1,1.0,1,0
CHEMBL513626,1,1,1.0,1,0
CHEMBL513909,0,2,0.0,2,2
CHEMBL514017,8,8,1.0,1,0
CHEMBL514117,0,2,0.0,1,2
CHEMBL514409,1,1,1.0,1,0
CHEMBL51485,1,1,1.0,1,0
CHEMBL515063,0,1,0.0,1,1
CHEMBL515414,2,2,1.0,2,0
CHEMBL51573,0,1,0.0,1,1
CHEMBL515757,0,1,0.0,1,1
CHEMBL51613,0,4,0.0,1,4
CHEMBL516500,1,1,1.0,1,0
CHEMBL516509,1,1,1.0,1,0
CHEMBL516638,2,2,1.0,1,0
CHEMBL516651,1,1,1.0,1,0
CHEMBL5169649,1,5,0.2,4,4
CHEMBL5169780,2,6,0.3333333333333333,5,4
CHEMBL5169857,1,1,1.0,1,0
CHEMBL5170033,2,6,0.3333333333333333,5,4
CHEMBL5170093,4,6,0.6666666666666666,1,2
CHEMBL5170394,6,6,1.0,1,0
CHEMBL5170489,0,1,0.0,1,1
CHEMBL5170576,1,1,1.0,1,0
CHEMBL51708,1,1,1.0,1,0
CHEMBL5170832,0,2,0.0,2,2
CHEMBL5170887,0,2,0.0,2,2
CHEMBL5171047,0,1,0.0,1,1
CHEMBL5171363,1,1,1.0,1,0
CHEMBL517171,0,1,0.0,1,1
CHEMBL5172170,2,6,0.3333333333333333,5,4
CHEMBL5172199,1,6,0.16666666666666666,5,5
CHEMBL5172225,2,2,1.0,1,0
CHEMBL517255,1,2,0.5,1,1
CHEMBL5172656,1,1,1.0,1,0
CHEMBL5172803,1,1,1.0,1,0
CHEMBL5172956,1,1,1.0,1,0
CHEMBL5173133,0,3,0.0,3,3
CHEMBL5173182,0,2,0.0,2,2
CHEMBL5173265,1,6,0.16666666666666666,5,5
CHEMBL5173332,2,2,1.0,2,0
CHEMBL5173813,1,1,1.0,1,0
CHEMBL5174001,2,2,1.0,2,0
CHEMBL5174128,2,2,1.0,1,0
CHEMBL5174967,1,1,1.0,1,0
CHEMBL5175263,0,2,0.0,2,2
CHEMBL5175277,2,2,1.0,1,0
CHEMBL5175458,2,6,0.3333333333333333,5,4
CHEMBL5175633,2,2,1.0,1,0
CHEMBL5175657,2,2,1.0,2,0
CHEMBL51758,17,19,0.8947368421052632,3,2
CHEMBL517592,1,1,1.0,1,0
CHEMBL5176248,4,4,1.0,1,0
CHEMBL5176573,0,4,0.0,4,4
CHEMBL5176863,1,1,1.0,1,0
CHEMBL5177019,0,2,0.0,2,2
CHEMBL5177255,1,1,1.0,1,0
CHEMBL5177303,0,1,0.0,1,1
CHEMBL5177318,1,1,1.0,1,0
CHEMBL5177344,2,2,1.0,2,0
CHEMBL5177354,2,2,1.0,2,0
CHEMBL5177574,1,1,1.0,1,0
CHEMBL5177612,2,2,1.0,2,0
CHEMBL5177833,1,1,1.0,1,0
CHEMBL5177952,0,3,0.0,3,3
CHEMBL5177983,2,2,1.0,1,0
CHEMBL5178028,1,1,1.0,1,0
CHEMBL5178261,1,1,1.0,1,0
CHEMBL5178368,2,2,1.0,2,0
CHEMBL5178770,0,2,0.0,2,2
CHEMBL5178954,2,2,1.0,1,0
CHEMBL5179172,1,1,1.0,1,0
CHEMBL5179243,1,1,1.0,1,0
CHEMBL5179457,3,6,0.5,5,3
CHEMBL5179526,1,1,1.0,1,0
CHEMBL5179655,6,6,1.0,5,0
CHEMBL5179916,0,3,0.0,3,3
CHEMBL518014,0,2,0.0,1,2
CHEMBL5180606,1,1,1.0,1,0
CHEMBL5180765,3,6,0.5,5,3
CHEMBL5180776,1,1,1.0,1,0
CHEMBL5180806,1,1,1.0,1,0
CHEMBL5180992,1,1,1.0,1,0
CHEMBL5181008,6,6,1.0,5,0
CHEMBL5181013,2,2,1.0,2,0
CHEMBL5181028,1,5,0.2,4,4
CHEMBL5181180,2,2,1.0,2,0
CHEMBL5181210,0,1,0.0,1,1
CHEMBL5181355,5,6,0.8333333333333334,5,1
CHEMBL5181512,2,2,1.0,1,0
CHEMBL5181620,2,2,1.0,2,0
CHEMBL5181640,0,1,0.0,1,1
CHEMBL518190,0,2,0.0,1,2
CHEMBL5181927,2,2,1.0,1,0
CHEMBL5181959,0,2,0.0,1,2
CHEMBL5182235,2,6,0.3333333333333333,5,4
CHEMBL5182248,0,4,0.0,1,4
CHEMBL5182530,2,2,1.0,1,0
CHEMBL5182678,2,4,0.5,1,2
CHEMBL5182696,0,2,0.0,2,2
CHEMBL5183016,1,1,1.0,1,0
CHEMBL5183075,0,2,0.0,1,2
CHEMBL5183366,2,2,1.0,2,0
CHEMBL518347,1,1,1.0,1,0
CHEMBL5183885,0,4,0.0,1,4
CHEMBL5183913,1,2,0.5,2,1
CHEMBL5184273,0,6,0.0,5,6
CHEMBL5184381,1,1,1.0,1,0
CHEMBL518458,0,1,0.0,1,1
CHEMBL5184877,0,2,0.0,2,2
CHEMBL5185000,1,1,1.0,1,0
CHEMBL518502,1,1,1.0,1,0
CHEMBL518503,1,1,1.0,1,0
CHEMBL5185616,1,1,1.0,1,0
CHEMBL5185763,1,1,1.0,1,0
CHEMBL5185811,2,2,1.0,2,0
CHEMBL5185902,2,2,1.0,2,0
CHEMBL518599,0,1,0.0,1,1
CHEMBL5186081,1,1,1.0,1,0
CHEMBL5186093,2,2,1.0,2,0
CHEMBL5186471,2,2,1.0,2,0
CHEMBL518655,0,2,0.0,1,2
CHEMBL5186783,1,1,1.0,1,0
CHEMBL5187202,0,6,0.0,5,6
CHEMBL5187418,2,2,1.0,2,0
CHEMBL5187488,2,2,1.0,2,0
CHEMBL5187753,3,6,0.5,5,3
CHEMBL5187778,1,1,1.0,1,0
CHEMBL5187895,3,6,0.5,5,3
CHEMBL518800,0,2,0.0,1,2
CHEMBL5188100,0,4,0.0,4,4
CHEMBL518811,1,1,1.0,1,0
CHEMBL518813,0,2,0.0,1,2
CHEMBL5188146,2,2,1.0,2,0
CHEMBL5188186,2,2,1.0,2,0
CHEMBL5188318,2,2,1.0,2,0
CHEMBL5188433,1,1,1.0,1,0
CHEMBL5189026,1,2,0.5,2,1
CHEMBL518921,2,2,1.0,1,0
CHEMBL5189450,1,1,1.0,1,0
CHEMBL5189628,2,2,1.0,1,0
CHEMBL5189920,1,1,1.0,1,0
CHEMBL5189966,0,2,0.0,2,2
CHEMBL5189987,1,1,1.0,1,0
CHEMBL5190371,2,2,1.0,1,0
CHEMBL5191099,0,1,0.0,1,1
CHEMBL5191442,1,1,1.0,1,0
CHEMBL5191618,1,1,1.0,1,0
CHEMBL5191835,4,4,1.0,1,0
CHEMBL519186,0,2,0.0,1,2
CHEMBL5191942,2,6,0.3333333333333333,5,4
CHEMBL519230,0,2,0.0,1,2
CHEMBL5192317,1,2,0.5,2,1
CHEMBL5192513,2,2,1.0,1,0
CHEMBL5192588,0,2,0.0,2,2
CHEMBL5192813,1,2,0.5,2,1
CHEMBL5192904,0,2,0.0,1,2
CHEMBL5193012,1,1,1.0,1,0
CHEMBL5193138,1,1,1.0,1,0
CHEMBL5193292,0,5,0.0,4,5
CHEMBL5193677,3,6,0.5,5,3
CHEMBL519398,2,2,1.0,1,0
CHEMBL5194011,2,2,1.0,2,0
CHEMBL5194195,1,1,1.0,1,0
CHEMBL5194429,2,2,1.0,1,0
CHEMBL5194491,3,6,0.5,5,3
CHEMBL5194689,3,6,0.5,5,3
CHEMBL5194800,0,1,0.0,1,1
CHEMBL5194947,1,1,1.0,1,0
CHEMBL5194982,0,1,0.0,1,1
CHEMBL5195122,4,6,0.6666666666666666,5,2
CHEMBL5195159,1,1,1.0,1,0
CHEMBL5195216,5,6,0.8333333333333334,5,1
CHEMBL5195653,1,1,1.0,1,0
CHEMBL519576,0,2,0.0,1,2
CHEMBL5195859,1,1,1.0,1,0
CHEMBL5196066,6,6,1.0,5,0
CHEMBL5196334,0,2,0.0,1,2
CHEMBL5196579,2,2,1.0,1,0
CHEMBL5196629,1,1,1.0,1,0
CHEMBL5196669,2,2,1.0,1,0
CHEMBL5196946,2,2,1.0,2,0
CHEMBL5197306,2,2,1.0,2,0
CHEMBL519740,1,1,1.0,1,0
CHEMBL5197512,1,1,1.0,1,0
CHEMBL5198167,4,4,1.0,1,0
CHEMBL5198432,2,2,1.0,1,0
CHEMBL5198578,1,1,1.0,1,0
CHEMBL5198648,1,1,1.0,1,0
CHEMBL5198672,0,1,0.0,1,1
CHEMBL5198829,1,1,1.0,1,0
CHEMBL5198877,1,1,1.0,1,0
CHEMBL5199235,0,2,0.0,1,2
CHEMBL5199422,6,6,1.0,5,0
CHEMBL5199437,0,1,0.0,1,1
CHEMBL5199698,1,1,1.0,1,0
CHEMBL5199826,2,2,1.0,2,0
CHEMBL5200137,2,2,1.0,2,0
CHEMBL5200480,1,5,0.2,1,4
CHEMBL5200518,6,6,1.0,5,0
CHEMBL5200677,3,6,0.5,5,3
CHEMBL5201182,2,2,1.0,1,0
CHEMBL520146,0,1,0.0,1,1
CHEMBL5201703,1,1,1.0,1,0
CHEMBL5201763,2,6,0.3333333333333333,5,4
CHEMBL5201844,1,2,0.5,2,1
CHEMBL5202142,1,1,1.0,1,0
CHEMBL5202202,2,6,0.3333333333333333,5,4
CHEMBL520235,0,4,0.0,1,4
CHEMBL5202370,1,1,1.0,1,0
CHEMBL5202515,1,1,1.0,1,0
CHEMBL5202872,2,2,1.0,2,0
CHEMBL5202896,1,1,1.0,1,0
CHEMBL520293,0,2,0.0,1,2
CHEMBL5203121,2,3,0.6666666666666666,3,1
CHEMBL5203292,4,6,0.6666666666666666,5,2
CHEMBL5203615,0,1,0.0,1,1
CHEMBL5203707,1,1,1.0,1,0
CHEMBL5203775,0,2,0.0,2,2
CHEMBL520397,1,1,1.0,1,0
CHEMBL5203977,1,1,1.0,1,0
CHEMBL5204210,1,1,1.0,1,0
CHEMBL5204340,1,1,1.0,1,0
CHEMBL5204344,2,2,1.0,2,0
CHEMBL520450,0,1,0.0,1,1
CHEMBL5204513,1,1,1.0,1,0
CHEMBL5204586,1,1,1.0,1,0
CHEMBL5204818,0,2,0.0,2,2
CHEMBL520484,0,2,0.0,1,2
CHEMBL5205157,2,3,0.6666666666666666,3,1
CHEMBL520527,0,1,0.0,1,1
CHEMBL5205471,1,1,1.0,1,0
CHEMBL5205578,1,1,1.0,1,0
CHEMBL5205857,2,2,1.0,2,0
CHEMBL5205905,0,6,0.0,5,6
CHEMBL5206143,3,6,0.5,5,3
CHEMBL5206250,0,1,0.0,1,1
CHEMBL520671,0,2,0.0,1,2
CHEMBL5206744,4,6,0.6666666666666666,5,2
CHEMBL5206854,2,2,1.0,1,0
CHEMBL5207057,2,2,1.0,2,0
CHEMBL520740,1,1,1.0,1,0
CHEMBL5207563,0,2,0.0,1,2
CHEMBL520759,0,1,0.0,1,1
CHEMBL5207630,2,6,0.3333333333333333,5,4
CHEMBL52079,0,1,0.0,1,1
CHEMBL5207951,1,1,1.0,1,0
CHEMBL5207974,2,6,0.3333333333333333,5,4
CHEMBL5208060,1,1,1.0,1,0
CHEMBL5208098,1,2,0.5,2,1
CHEMBL5208394,2,2,1.0,1,0
CHEMBL5208765,1,1,1.0,1,0
CHEMBL520892,1,1,1.0,1,0
CHEMBL5208980,3,6,0.5,5,3
CHEMBL5209029,1,1,1.0,1,0
CHEMBL5209202,1,1,1.0,1,0
CHEMBL5209464,2,6,0.3333333333333333,5,4
CHEMBL520954,0,1,0.0,1,1
CHEMBL521043,1,1,1.0,1,0
CHEMBL52128,17,19,0.8947368421052632,3,2
CHEMBL52132,0,1,0.0,1,1
CHEMBL521368,1,1,1.0,1,0
CHEMBL521515,0,1,0.0,1,1
CHEMBL521851,2,4,0.5,4,2
CHEMBL521910,1,1,1.0,1,0
CHEMBL522092,1,1,1.0,1,0
CHEMBL52232,0,8,0.0,1,8
CHEMBL52237,0,1,0.0,1,1
CHEMBL522387,0,2,0.0,1,2
CHEMBL52250,0,1,0.0,1,1
CHEMBL522800,1,1,1.0,1,0
CHEMBL522892,4,4,1.0,4,0
CHEMBL522900,1,1,1.0,1,0
CHEMBL523086,1,1,1.0,1,0
CHEMBL523808,1,1,1.0,1,0
CHEMBL52387,0,1,0.0,1,1
CHEMBL523929,1,1,1.0,1,0
CHEMBL523951,0,4,0.0,3,4
CHEMBL523983,1,1,1.0,1,0
CHEMBL524210,2,2,1.0,2,0
CHEMBL524450,1,1,1.0,1,0
CHEMBL524747,1,1,1.0,1,0
CHEMBL524781,1,1,1.0,1,0
CHEMBL524784,4,4,1.0,4,0
CHEMBL524820,0,1,0.0,1,1
CHEMBL524930,4,4,1.0,4,0
CHEMBL524967,1,1,1.0,1,0
CHEMBL524973,4,4,1.0,4,0
CHEMBL525097,2,2,1.0,2,0
CHEMBL525106,4,4,1.0,4,0
CHEMBL525113,1,1,1.0,1,0
CHEMBL525125,1,1,1.0,1,0
CHEMBL525191,0,2,0.0,2,2
CHEMBL525196,1,1,1.0,1,0
CHEMBL52525,0,1,0.0,1,1
CHEMBL525275,1,1,1.0,1,0
CHEMBL525322,2,2,1.0,2,0
CHEMBL525486,4,4,1.0,4,0
CHEMBL525519,4,4,1.0,4,0
CHEMBL52562,2,4,0.5,1,2
CHEMBL525692,4,4,1.0,4,0
CHEMBL525706,1,1,1.0,1,0
CHEMBL525719,1,1,1.0,1,0
CHEMBL525826,4,4,1.0,4,0
CHEMBL525886,1,1,1.0,1,0
CHEMBL52609,1,3,0.3333333333333333,2,2
CHEMBL526291,1,1,1.0,1,0
CHEMBL52644,0,1,0.0,1,1
CHEMBL526470,1,1,1.0,1,0
CHEMBL526527,0,1,0.0,1,1
CHEMBL52654,8,8,1.0,1,0
CHEMBL526560,2,2,1.0,1,0
CHEMBL526587,4,4,1.0,4,0
CHEMBL5265893,0,1,0.0,1,1
CHEMBL526591,1,1,1.0,1,0
CHEMBL5266361,0,1,0.0,1,1
CHEMBL526655,1,1,1.0,1,0
CHEMBL526667,1,1,1.0,1,0
CHEMBL5266831,2,3,0.6666666666666666,1,1
CHEMBL5266857,1,3,0.3333333333333333,1,2
CHEMBL52680,0,1,0.0,1,1
CHEMBL526800,4,4,1.0,4,0
CHEMBL526930,3,3,1.0,1,0
CHEMBL526981,4,4,1.0,4,0
CHEMBL5270581,0,1,0.0,1,1
CHEMBL5270781,0,1,0.0,1,1
CHEMBL5270977,1,1,1.0,1,0
CHEMBL5271255,0,1,0.0,1,1
CHEMBL527131,4,4,1.0,4,0
CHEMBL527153,2,2,1.0,2,0
CHEMBL527183,2,2,1.0,2,0
CHEMBL527218,1,1,1.0,1,0
CHEMBL527234,4,4,1.0,4,0
CHEMBL5273566,1,3,0.3333333333333333,1,2
CHEMBL527384,1,1,1.0,1,0
CHEMBL527410,1,1,1.0,1,0
CHEMBL527445,2,2,1.0,2,0
CHEMBL527541,4,4,1.0,4,0
CHEMBL527593,4,4,1.0,4,0
CHEMBL527620,4,4,1.0,4,0
CHEMBL527652,1,1,1.0,1,0
CHEMBL527653,1,1,1.0,1,0
CHEMBL527730,4,4,1.0,4,0
CHEMBL5277580,2,3,0.6666666666666666,1,1
CHEMBL527761,1,1,1.0,1,0
CHEMBL5277619,1,3,0.3333333333333333,1,2
CHEMBL5277737,1,3,0.3333333333333333,1,2
CHEMBL527776,2,2,1.0,2,0
CHEMBL5278465,0,1,0.0,1,1
CHEMBL527875,2,2,1.0,1,0
CHEMBL527879,1,1,1.0,1,0
CHEMBL5279572,0,1,0.0,1,1
CHEMBL5279820,0,1,0.0,1,1
CHEMBL5280226,2,3,0.6666666666666666,1,1
CHEMBL5280328,1,1,1.0,1,0
CHEMBL5280561,0,3,0.0,1,3
CHEMBL5280636,1,1,1.0,1,0
CHEMBL528109,1,1,1.0,1,0
CHEMBL5281174,0,1,0.0,1,1
CHEMBL5281208,1,1,1.0,1,0
CHEMBL528152,1,1,1.0,1,0
CHEMBL528170,2,2,1.0,2,0
CHEMBL528174,1,1,1.0,1,0
CHEMBL5281819,1,2,0.5,2,1
CHEMBL528194,1,1,1.0,1,0
CHEMBL5282194,3,4,0.75,1,1
CHEMBL528245,4,4,1.0,4,0
CHEMBL5282708,2,3,0.6666666666666666,1,1
CHEMBL5282946,1,1,1.0,1,0
CHEMBL5283041,2,4,0.5,1,2
CHEMBL5283441,3,4,0.75,1,1
CHEMBL5283475,1,4,0.25,1,3
CHEMBL528353,2,2,1.0,2,0
CHEMBL528437,4,4,1.0,4,0
CHEMBL5284844,0,3,0.0,1,3
CHEMBL528492,4,4,1.0,4,0
CHEMBL528507,1,1,1.0,1,0
CHEMBL52851,2,4,0.5,3,2
CHEMBL52853,1,1,1.0,1,0
CHEMBL528533,4,4,1.0,4,0
CHEMBL528566,1,1,1.0,1,0
CHEMBL5285809,1,3,0.3333333333333333,1,2
CHEMBL5286085,0,3,0.0,1,3
CHEMBL528655,1,1,1.0,1,0
CHEMBL528731,2,2,1.0,2,0
CHEMBL528734,4,4,1.0,4,0
CHEMBL528776,1,1,1.0,1,0
CHEMBL528808,1,1,1.0,1,0
CHEMBL528828,1,1,1.0,1,0
CHEMBL528844,1,1,1.0,1,0
CHEMBL528849,3,3,1.0,3,0
CHEMBL52885,0,1,0.0,1,1
CHEMBL528861,1,1,1.0,1,0
CHEMBL528882,1,1,1.0,1,0
CHEMBL528965,1,1,1.0,1,0
CHEMBL528968,1,1,1.0,1,0
CHEMBL528971,1,1,1.0,1,0
CHEMBL528998,1,1,1.0,1,0
CHEMBL529068,1,1,1.0,1,0
CHEMBL529221,1,1,1.0,1,0
CHEMBL529257,1,1,1.0,1,0
CHEMBL529348,4,4,1.0,4,0
CHEMBL529385,4,4,1.0,4,0
CHEMBL529406,2,2,1.0,2,0
CHEMBL529603,4,4,1.0,4,0
CHEMBL529612,3,3,1.0,3,0
CHEMBL529640,4,4,1.0,4,0
CHEMBL529732,4,4,1.0,4,0
CHEMBL529773,4,4,1.0,4,0
CHEMBL529873,1,1,1.0,1,0
CHEMBL529874,4,4,1.0,4,0
CHEMBL529919,4,4,1.0,4,0
CHEMBL529968,4,4,1.0,4,0
CHEMBL529984,4,4,1.0,4,0
CHEMBL530149,4,4,1.0,4,0
CHEMBL530214,1,1,1.0,1,0
CHEMBL530223,4,4,1.0,4,0
CHEMBL530308,4,4,1.0,4,0
CHEMBL530326,2,2,1.0,2,0
CHEMBL530350,1,1,1.0,1,0
CHEMBL530423,1,1,1.0,1,0
CHEMBL530438,4,4,1.0,4,0
CHEMBL530501,2,2,1.0,2,0
CHEMBL530531,4,4,1.0,4,0
CHEMBL530626,2,2,1.0,2,0
CHEMBL530740,2,2,1.0,2,0
CHEMBL530810,1,1,1.0,1,0
CHEMBL530835,1,1,1.0,1,0
CHEMBL530856,2,2,1.0,2,0
CHEMBL530973,4,4,1.0,4,0
CHEMBL530978,4,4,1.0,4,0
CHEMBL530997,1,1,1.0,1,0
CHEMBL531060,4,4,1.0,4,0
CHEMBL531088,2,2,1.0,2,0
CHEMBL531222,4,4,1.0,4,0
CHEMBL531227,0,1,0.0,1,1
CHEMBL531290,4,4,1.0,4,0
CHEMBL531306,2,2,1.0,2,0
CHEMBL531367,1,1,1.0,1,0
CHEMBL531430,1,1,1.0,1,0
CHEMBL531611,4,4,1.0,4,0
CHEMBL5316225,2,3,0.6666666666666666,1,1
CHEMBL531695,1,1,1.0,1,0
CHEMBL531707,1,1,1.0,1,0
CHEMBL53184,0,1,0.0,1,1
CHEMBL531930,1,1,1.0,1,0
CHEMBL531950,1,1,1.0,1,0
CHEMBL531976,1,1,1.0,1,0
CHEMBL532015,4,4,1.0,4,0
CHEMBL532079,4,4,1.0,4,0
CHEMBL532141,4,4,1.0,4,0
CHEMBL532155,4,4,1.0,4,0
CHEMBL532270,3,3,1.0,3,0
CHEMBL532292,1,1,1.0,1,0
CHEMBL532472,2,2,1.0,2,0
CHEMBL532510,4,4,1.0,4,0
CHEMBL532525,4,4,1.0,4,0
CHEMBL532560,4,4,1.0,4,0
CHEMBL532597,4,4,1.0,4,0
CHEMBL532737,1,1,1.0,1,0
CHEMBL532775,3,3,1.0,3,0
CHEMBL532779,1,1,1.0,1,0
CHEMBL532841,1,1,1.0,1,0
CHEMBL532879,4,4,1.0,4,0
CHEMBL532890,1,1,1.0,1,0
CHEMBL532945,2,2,1.0,2,0
CHEMBL532972,1,1,1.0,1,0
CHEMBL532987,4,4,1.0,4,0
CHEMBL533017,4,4,1.0,4,0
CHEMBL533079,1,1,1.0,1,0
CHEMBL533116,1,1,1.0,1,0
CHEMBL533185,1,1,1.0,1,0
CHEMBL533399,4,4,1.0,4,0
CHEMBL533455,2,2,1.0,2,0
CHEMBL533545,2,2,1.0,2,0
CHEMBL533563,4,4,1.0,4,0
CHEMBL533598,4,4,1.0,4,0
CHEMBL533636,1,1,1.0,1,0
CHEMBL533641,1,1,1.0,1,0
CHEMBL533757,2,2,1.0,2,0
CHEMBL533855,4,4,1.0,4,0
CHEMBL533917,4,4,1.0,4,0
CHEMBL533921,4,4,1.0,4,0
CHEMBL533966,1,1,1.0,1,0
CHEMBL53399,0,1,0.0,1,1
CHEMBL533999,4,4,1.0,4,0
CHEMBL534090,1,1,1.0,1,0
CHEMBL534190,4,4,1.0,4,0
CHEMBL534255,2,2,1.0,2,0
CHEMBL534283,4,4,1.0,4,0
CHEMBL534288,4,4,1.0,4,0
CHEMBL534319,4,4,1.0,4,0
CHEMBL534408,1,1,1.0,1,0
CHEMBL534414,1,1,1.0,1,0
CHEMBL534589,4,4,1.0,4,0
CHEMBL534607,3,3,1.0,3,0
CHEMBL534612,4,4,1.0,4,0
CHEMBL534708,1,2,0.5,1,1
CHEMBL534868,1,1,1.0,1,0
CHEMBL534886,1,1,1.0,1,0
CHEMBL534929,2,2,1.0,1,0
CHEMBL534931,1,2,0.5,1,1
CHEMBL53495,1,1,1.0,1,0
CHEMBL535,12,13,0.9230769230769231,7,1
CHEMBL535054,1,1,1.0,1,0
CHEMBL535079,4,4,1.0,4,0
CHEMBL535149,1,2,0.5,1,1
CHEMBL535170,1,1,1.0,1,0
CHEMBL535171,1,1,1.0,1,0
CHEMBL535233,1,1,1.0,1,0
CHEMBL535236,1,1,1.0,1,0
CHEMBL535514,4,4,1.0,4,0
CHEMBL535556,4,4,1.0,4,0
CHEMBL535730,4,4,1.0,4,0
CHEMBL535905,1,1,1.0,1,0
CHEMBL535929,1,1,1.0,1,0
CHEMBL53596,8,8,1.0,1,0
CHEMBL536005,1,1,1.0,1,0
CHEMBL536070,1,1,1.0,1,0
CHEMBL536148,1,1,1.0,1,0
CHEMBL536150,1,1,1.0,1,0
CHEMBL536191,1,1,1.0,1,0
CHEMBL536292,1,1,1.0,1,0
CHEMBL536293,1,1,1.0,1,0
CHEMBL536393,4,4,1.0,4,0
CHEMBL536421,4,4,1.0,4,0
CHEMBL536845,1,1,1.0,1,0
CHEMBL53695,1,1,1.0,1,0
CHEMBL536959,1,2,0.5,1,1
CHEMBL537071,4,4,1.0,4,0
CHEMBL537087,4,4,1.0,4,0
CHEMBL537410,1,2,0.5,1,1
CHEMBL53745,0,1,0.0,1,1
CHEMBL537499,1,1,1.0,1,0
CHEMBL537505,4,4,1.0,4,0
CHEMBL537590,1,1,1.0,1,0
CHEMBL537633,1,2,0.5,1,1
CHEMBL537778,4,4,1.0,4,0
CHEMBL537897,8,8,1.0,1,0
CHEMBL538078,1,2,0.5,1,1
CHEMBL538190,0,4,0.0,3,4
CHEMBL538319,2,2,1.0,1,0
CHEMBL538346,1,1,1.0,1,0
CHEMBL53835,4,4,1.0,1,0
CHEMBL53856,1,1,1.0,1,0
CHEMBL538570,1,2,0.5,1,1
CHEMBL538655,2,2,1.0,1,0
CHEMBL538718,13,13,1.0,5,0
CHEMBL53873,0,1,0.0,1,1
CHEMBL53890,0,2,0.0,1,2
CHEMBL53906,1,1,1.0,1,0
CHEMBL5393906,1,1,1.0,1,0
CHEMBL539451,0,2,0.0,1,2
CHEMBL5394986,1,1,1.0,1,0
CHEMBL5395319,1,1,1.0,1,0
CHEMBL5395335,1,1,1.0,1,0
CHEMBL53956,0,1,0.0,1,1
CHEMBL5396095,1,1,1.0,1,0
CHEMBL5396156,1,1,1.0,1,0
CHEMBL5396249,1,1,1.0,1,0
CHEMBL5396897,1,1,1.0,1,0
CHEMBL5397449,0,1,0.0,1,1
CHEMBL5397928,1,1,1.0,1,0
CHEMBL5398147,1,1,1.0,1,0
CHEMBL5398326,1,1,1.0,1,0
CHEMBL5398401,1,1,1.0,1,0
CHEMBL5398748,1,1,1.0,1,0
CHEMBL5398984,0,1,0.0,1,1
CHEMBL5399124,1,1,1.0,1,0
CHEMBL53992,0,1,0.0,1,1
CHEMBL5399577,1,1,1.0,1,0
CHEMBL5400367,0,1,0.0,1,1
CHEMBL54004,1,3,0.3333333333333333,1,2
CHEMBL5400583,1,1,1.0,1,0
CHEMBL5400679,1,1,1.0,1,0
CHEMBL5400827,0,1,0.0,1,1
CHEMBL5400858,1,1,1.0,1,0
CHEMBL5401045,1,1,1.0,1,0
CHEMBL5402319,1,1,1.0,1,0
CHEMBL5402670,1,1,1.0,1,0
CHEMBL54028,0,1,0.0,1,1
CHEMBL5402808,1,1,1.0,1,0
CHEMBL5402829,0,1,0.0,1,1
CHEMBL5403283,1,1,1.0,1,0
CHEMBL5403444,1,1,1.0,1,0
CHEMBL5404242,1,1,1.0,1,0
CHEMBL5404309,1,1,1.0,1,0
CHEMBL540448,0,3,0.0,1,3
CHEMBL5404973,1,1,1.0,1,0
CHEMBL5405119,1,1,1.0,1,0
CHEMBL5405271,0,1,0.0,1,1
CHEMBL5405467,1,1,1.0,1,0
CHEMBL5405690,1,1,1.0,1,0
CHEMBL5407060,1,1,1.0,1,0
CHEMBL5407325,1,1,1.0,1,0
CHEMBL5407751,1,1,1.0,1,0
CHEMBL5408310,1,1,1.0,1,0
CHEMBL5408539,1,1,1.0,1,0
CHEMBL5408596,1,1,1.0,1,0
CHEMBL5408667,1,1,1.0,1,0
CHEMBL5408994,1,1,1.0,1,0
CHEMBL5410007,1,1,1.0,1,0
CHEMBL5410104,1,1,1.0,1,0
CHEMBL5410401,1,1,1.0,1,0
CHEMBL541128,1,2,0.5,1,1
CHEMBL541133,1,1,1.0,1,0
CHEMBL541209,1,1,1.0,1,0
CHEMBL541213,1,1,1.0,1,0
CHEMBL5412147,0,1,0.0,1,1
CHEMBL5413317,2,2,1.0,1,0
CHEMBL5413477,1,1,1.0,1,0
CHEMBL5413903,1,1,1.0,1,0
CHEMBL541401,8,8,1.0,1,0
CHEMBL5414363,1,1,1.0,1,0
CHEMBL5414544,1,1,1.0,1,0
CHEMBL5414579,1,1,1.0,1,0
CHEMBL5415457,1,1,1.0,1,0
CHEMBL5415635,1,1,1.0,1,0
CHEMBL5415904,1,1,1.0,1,0
CHEMBL5416069,1,1,1.0,1,0
CHEMBL5416410,6,8,0.75,6,2
CHEMBL541642,1,1,1.0,1,0
CHEMBL541643,1,1,1.0,1,0
CHEMBL5416776,0,1,0.0,1,1
CHEMBL5416914,1,1,1.0,1,0
CHEMBL5416946,0,1,0.0,1,1
CHEMBL5417033,1,1,1.0,1,0
CHEMBL5417668,1,1,1.0,1,0
CHEMBL5417763,1,1,1.0,1,0
CHEMBL5418281,1,1,1.0,1,0
CHEMBL5418962,1,1,1.0,1,0
CHEMBL5419012,1,1,1.0,1,0
CHEMBL5419652,0,1,0.0,1,1
CHEMBL5419731,1,1,1.0,1,0
CHEMBL5419978,1,1,1.0,1,0
CHEMBL5420208,1,1,1.0,1,0
CHEMBL5420399,1,1,1.0,1,0
CHEMBL5420882,1,1,1.0,1,0
CHEMBL54209,9,18,0.5,3,9
CHEMBL5421235,1,1,1.0,1,0
CHEMBL5421495,1,1,1.0,1,0
CHEMBL5421758,1,1,1.0,1,0
CHEMBL5422616,1,1,1.0,1,0
CHEMBL5422938,1,1,1.0,1,0
CHEMBL5423177,1,1,1.0,1,0
CHEMBL5423688,1,1,1.0,1,0
CHEMBL5424098,1,1,1.0,1,0
CHEMBL5425086,1,1,1.0,1,0
CHEMBL5426500,1,1,1.0,1,0
CHEMBL5426653,1,1,1.0,1,0
CHEMBL5427384,1,1,1.0,1,0
CHEMBL5427983,0,1,0.0,1,1
CHEMBL5428638,1,1,1.0,1,0
CHEMBL5429163,1,1,1.0,1,0
CHEMBL5429688,1,1,1.0,1,0
CHEMBL5429799,0,1,0.0,1,1
CHEMBL5429918,0,1,0.0,1,1
CHEMBL5430742,1,1,1.0,1,0
CHEMBL5431004,1,1,1.0,1,0
CHEMBL5431037,0,1,0.0,1,1
CHEMBL5431272,1,1,1.0,1,0
CHEMBL5431547,1,1,1.0,1,0
CHEMBL5431805,1,1,1.0,1,0
CHEMBL5432477,1,1,1.0,1,0
CHEMBL5432626,1,1,1.0,1,0
CHEMBL5432933,1,1,1.0,1,0
CHEMBL5433134,0,1,0.0,1,1
CHEMBL5433238,1,1,1.0,1,0
CHEMBL5433709,1,1,1.0,1,0
CHEMBL5435130,1,1,1.0,1,0
CHEMBL5435242,1,1,1.0,1,0
CHEMBL5435420,1,1,1.0,1,0
CHEMBL5435885,1,1,1.0,1,0
CHEMBL5436888,0,1,0.0,1,1
CHEMBL5436902,1,1,1.0,1,0
CHEMBL54372,0,1,0.0,1,1
CHEMBL5437266,1,1,1.0,1,0
CHEMBL5437784,1,1,1.0,1,0
CHEMBL5437836,0,1,0.0,1,1
CHEMBL5438128,1,1,1.0,1,0
CHEMBL54382,8,8,1.0,1,0
CHEMBL5438744,1,1,1.0,1,0
CHEMBL54389,0,1,0.0,1,1
CHEMBL54397,0,1,0.0,1,1
CHEMBL5439780,1,1,1.0,1,0
CHEMBL5440840,0,1,0.0,1,1
CHEMBL5440849,1,1,1.0,1,0
CHEMBL5440918,0,1,0.0,1,1
CHEMBL5440964,1,1,1.0,1,0
CHEMBL54425,0,1,0.0,1,1
CHEMBL54525,0,1,0.0,1,1
CHEMBL54533,0,1,0.0,1,1
CHEMBL54547,0,1,0.0,1,1
CHEMBL545880,4,4,1.0,4,0
CHEMBL545911,1,1,1.0,1,0
CHEMBL545969,1,1,1.0,1,0
CHEMBL546092,1,1,1.0,1,0
CHEMBL54613,1,1,1.0,1,0
CHEMBL546130,2,2,1.0,2,0
CHEMBL546162,4,4,1.0,4,0
CHEMBL546168,4,4,1.0,4,0
CHEMBL546237,1,1,1.0,1,0
CHEMBL546314,1,1,1.0,1,0
CHEMBL546353,1,1,1.0,1,0
CHEMBL546446,1,1,1.0,1,0
CHEMBL546467,1,1,1.0,1,0
CHEMBL546495,1,1,1.0,1,0
CHEMBL546522,1,1,1.0,1,0
CHEMBL546531,4,4,1.0,4,0
CHEMBL546661,3,3,1.0,3,0
CHEMBL54674,0,1,0.0,1,1
CHEMBL546799,4,4,1.0,4,0
CHEMBL546848,1,1,1.0,1,0
CHEMBL546938,1,1,1.0,1,0
CHEMBL546952,1,1,1.0,1,0
CHEMBL546955,2,2,1.0,2,0
CHEMBL546994,4,4,1.0,4,0
CHEMBL54713,1,1,1.0,1,0
CHEMBL547174,2,2,1.0,2,0
CHEMBL547193,4,4,1.0,4,0
CHEMBL547266,4,4,1.0,4,0
CHEMBL547269,4,4,1.0,4,0
CHEMBL547340,2,2,1.0,2,0
CHEMBL547348,1,1,1.0,1,0
CHEMBL54739,1,1,1.0,1,0
CHEMBL547421,1,1,1.0,1,0
CHEMBL547443,4,4,1.0,4,0
CHEMBL547472,1,1,1.0,1,0
CHEMBL547476,4,4,1.0,4,0
CHEMBL547488,4,4,1.0,4,0
CHEMBL547611,1,1,1.0,1,0
CHEMBL547614,4,4,1.0,4,0
CHEMBL547640,2,2,1.0,2,0
CHEMBL547732,1,1,1.0,1,0
CHEMBL547751,2,2,1.0,2,0
CHEMBL547786,1,1,1.0,1,0
CHEMBL547803,1,1,1.0,1,0
CHEMBL547825,4,4,1.0,4,0
CHEMBL547886,3,3,1.0,3,0
CHEMBL54794,1,1,1.0,1,0
CHEMBL547960,1,1,1.0,1,0
CHEMBL548024,1,1,1.0,1,0
CHEMBL548059,2,2,1.0,2,0
CHEMBL548077,1,1,1.0,1,0
CHEMBL548102,1,1,1.0,1,0
CHEMBL548127,1,1,1.0,1,0
CHEMBL548209,4,4,1.0,4,0
CHEMBL548288,2,2,1.0,2,0
CHEMBL548334,4,4,1.0,4,0
CHEMBL548338,4,4,1.0,4,0
CHEMBL548374,4,4,1.0,4,0
CHEMBL548399,4,4,1.0,4,0
CHEMBL548469,4,4,1.0,4,0
CHEMBL548638,1,1,1.0,1,0
CHEMBL548653,1,1,1.0,1,0
CHEMBL548719,1,1,1.0,1,0
CHEMBL548822,1,1,1.0,1,0
CHEMBL548877,1,1,1.0,1,0
CHEMBL548886,1,1,1.0,1,0
CHEMBL548901,4,4,1.0,4,0
CHEMBL548926,1,1,1.0,1,0
CHEMBL549086,1,1,1.0,1,0
CHEMBL549203,3,3,1.0,3,0
CHEMBL549208,4,4,1.0,4,0
CHEMBL549210,4,4,1.0,4,0
CHEMBL549216,4,4,1.0,4,0
CHEMBL549301,0,2,0.0,1,2
CHEMBL549536,0,1,0.0,1,1
CHEMBL550658,1,4,0.25,3,3
CHEMBL55140,0,2,0.0,1,2
CHEMBL55151,1,1,1.0,1,0
CHEMBL551510,0,2,0.0,1,2
CHEMBL552134,0,2,0.0,1,2
CHEMBL552324,1,4,0.25,3,3
CHEMBL552407,1,4,0.25,3,3
CHEMBL552418,0,2,0.0,1,2
CHEMBL552627,0,2,0.0,1,2
CHEMBL55267,1,1,1.0,1,0
CHEMBL552925,0,2,0.0,1,2
CHEMBL552957,0,2,0.0,1,2
CHEMBL553,3,7,0.42857142857142855,6,4
CHEMBL553398,0,2,0.0,1,2
CHEMBL553488,1,1,1.0,1,0
CHEMBL55371,1,3,0.3333333333333333,1,2
CHEMBL55394,8,8,1.0,1,0
CHEMBL554,0,3,0.0,3,3
CHEMBL555968,1,1,1.0,1,0
CHEMBL556363,1,2,0.5,1,1
CHEMBL556399,1,1,1.0,1,0
CHEMBL556755,0,1,0.0,1,1
CHEMBL557120,0,2,0.0,1,2
CHEMBL557156,1,2,0.5,1,1
CHEMBL557499,0,2,0.0,1,2
CHEMBL557571,2,2,1.0,1,0
CHEMBL557599,4,4,1.0,1,0
CHEMBL55788,8,8,1.0,1,0
CHEMBL558174,1,1,1.0,1,0
CHEMBL558363,2,2,1.0,1,0
CHEMBL558642,0,1,0.0,1,1
CHEMBL558752,0,3,0.0,3,3
CHEMBL55886,0,11,0.0,1,11
CHEMBL558963,1,2,0.5,1,1
CHEMBL558973,1,1,1.0,1,0
CHEMBL558983,2,2,1.0,1,0
CHEMBL559147,1,1,1.0,1,0
CHEMBL559182,1,2,0.5,1,1
CHEMBL559361,1,1,1.0,1,0
CHEMBL559538,0,4,0.0,3,4
CHEMBL559591,1,4,0.25,3,3
CHEMBL559592,0,4,0.0,3,4
CHEMBL559608,0,2,0.0,1,2
CHEMBL559734,1,4,0.25,3,3
CHEMBL559735,0,4,0.0,3,4
CHEMBL559921,0,1,0.0,1,1
CHEMBL560315,0,1,0.0,1,1
CHEMBL560453,2,2,1.0,1,0
CHEMBL560521,2,4,0.5,3,2
CHEMBL560787,0,4,0.0,3,4
CHEMBL561654,0,1,0.0,1,1
CHEMBL56184,1,1,1.0,1,0
CHEMBL562056,0,1,0.0,1,1
CHEMBL56236,0,1,0.0,1,1
CHEMBL562396,0,2,0.0,1,2
CHEMBL562397,0,2,0.0,1,2
CHEMBL562648,0,4,0.0,3,4
CHEMBL562734,0,2,0.0,1,2
CHEMBL56380,0,1,0.0,1,1
CHEMBL563961,1,4,0.25,3,3
CHEMBL563962,0,4,0.0,3,4
CHEMBL564656,0,2,0.0,1,2
CHEMBL564921,0,2,0.0,1,2
CHEMBL565370,0,1,0.0,1,1
CHEMBL565432,0,1,0.0,1,1
CHEMBL565612,1,1,1.0,1,0
CHEMBL56579,0,2,0.0,1,2
CHEMBL565998,0,1,0.0,1,1
CHEMBL566046,1,1,1.0,1,0
CHEMBL566058,1,1,1.0,1,0
CHEMBL56781,0,2,0.0,1,2
CHEMBL567914,0,1,0.0,1,1
CHEMBL568574,0,1,0.0,1,1
CHEMBL568875,1,1,1.0,1,0
CHEMBL569114,1,1,1.0,1,0
CHEMBL569151,1,1,1.0,1,0
CHEMBL56942,0,1,0.0,1,1
CHEMBL56958,1,1,1.0,1,0
CHEMBL56983,1,1,1.0,1,0
CHEMBL569854,1,1,1.0,1,0
CHEMBL56997,1,1,1.0,1,0
CHEMBL570091,1,1,1.0,1,0
CHEMBL570092,1,1,1.0,1,0
CHEMBL57015,1,1,1.0,1,0
CHEMBL57022,1,1,1.0,1,0
CHEMBL57035,0,1,0.0,1,1
CHEMBL57037,0,2,0.0,1,2
CHEMBL570468,0,1,0.0,1,1
CHEMBL570743,1,1,1.0,1,0
CHEMBL570924,1,1,1.0,1,0
CHEMBL571001,0,2,0.0,1,2
CHEMBL57105,0,1,0.0,1,1
CHEMBL571142,1,1,1.0,1,0
CHEMBL571406,0,1,0.0,1,1
CHEMBL571410,1,1,1.0,1,0
CHEMBL571581,1,1,1.0,1,0
CHEMBL571622,1,1,1.0,1,0
CHEMBL571626,1,1,1.0,1,0
CHEMBL571630,1,1,1.0,1,0
CHEMBL571631,1,1,1.0,1,0
CHEMBL571756,1,1,1.0,1,0
CHEMBL571757,1,1,1.0,1,0
CHEMBL571838,1,1,1.0,1,0
CHEMBL571848,1,1,1.0,1,0
CHEMBL571850,1,1,1.0,1,0
CHEMBL571978,1,1,1.0,1,0
CHEMBL572006,1,1,1.0,1,0
CHEMBL572052,1,1,1.0,1,0
CHEMBL57207,1,1,1.0,1,0
CHEMBL572100,1,1,1.0,1,0
CHEMBL57211,0,1,0.0,1,1
CHEMBL57229,1,1,1.0,1,0
CHEMBL572309,1,1,1.0,1,0
CHEMBL572317,1,1,1.0,1,0
CHEMBL572326,1,1,1.0,1,0
CHEMBL572327,1,1,1.0,1,0
CHEMBL572878,4,8,0.5,7,4
CHEMBL572881,0,3,0.0,3,3
CHEMBL573107,1,1,1.0,1,0
CHEMBL57323,1,1,1.0,1,0
CHEMBL57324,0,2,0.0,1,2
CHEMBL573339,0,3,0.0,3,3
CHEMBL57347,1,1,1.0,1,0
CHEMBL573578,3,3,1.0,3,0
CHEMBL57366,1,1,1.0,1,0
CHEMBL57400,1,1,1.0,1,0
CHEMBL57451,1,1,1.0,1,0
CHEMBL574738,1,3,0.3333333333333333,3,2
CHEMBL57475,0,1,0.0,1,1
CHEMBL57517,1,1,1.0,1,0
CHEMBL57531,0,1,0.0,1,1
CHEMBL575448,1,1,1.0,1,0
CHEMBL57585,1,1,1.0,1,0
CHEMBL575945,0,1,0.0,1,1
CHEMBL576130,1,1,1.0,1,0
CHEMBL576514,0,1,0.0,1,1
CHEMBL576515,1,1,1.0,1,0
CHEMBL57656,0,4,0.0,1,4
CHEMBL576702,1,1,1.0,1,0
CHEMBL57687,0,2,0.0,1,2
CHEMBL576900,1,1,1.0,1,0
CHEMBL576982,0,2,0.0,2,2
CHEMBL577011,4,4,1.0,4,0
CHEMBL577012,4,4,1.0,4,0
CHEMBL577014,4,4,1.0,4,0
CHEMBL577440,4,4,1.0,4,0
CHEMBL577445,4,4,1.0,4,0
CHEMBL577499,0,1,0.0,1,1
CHEMBL57761,0,1,0.0,1,1
CHEMBL577874,4,4,1.0,4,0
CHEMBL57803,1,1,1.0,1,0
CHEMBL578030,4,4,1.0,4,0
CHEMBL578294,4,4,1.0,4,0
CHEMBL578508,4,4,1.0,4,0
CHEMBL578623,0,1,0.0,1,1
CHEMBL578933,4,4,1.0,4,0
CHEMBL578952,4,4,1.0,4,0
CHEMBL579105,4,4,1.0,4,0
CHEMBL579219,0,1,0.0,1,1
CHEMBL579294,4,4,1.0,4,0
CHEMBL579300,4,4,1.0,4,0
CHEMBL579315,4,4,1.0,4,0
CHEMBL579331,4,4,1.0,4,0
CHEMBL579413,2,2,1.0,2,0
CHEMBL579443,4,4,1.0,4,0
CHEMBL579459,4,4,1.0,4,0
CHEMBL57947,1,1,1.0,1,0
CHEMBL579541,1,1,1.0,1,0
CHEMBL579737,1,1,1.0,1,0
CHEMBL579760,4,4,1.0,4,0
CHEMBL579795,2,2,1.0,2,0
CHEMBL579827,1,1,1.0,1,0
CHEMBL579839,2,2,1.0,2,0
CHEMBL580140,4,4,1.0,4,0
CHEMBL580159,4,4,1.0,4,0
CHEMBL580177,1,1,1.0,1,0
CHEMBL580188,4,4,1.0,4,0
CHEMBL580249,4,4,1.0,4,0
CHEMBL580250,1,1,1.0,1,0
CHEMBL580353,4,4,1.0,4,0
CHEMBL580355,2,2,1.0,2,0
CHEMBL580381,4,4,1.0,4,0
CHEMBL580388,4,4,1.0,4,0
CHEMBL580437,1,1,1.0,1,0
CHEMBL580477,1,1,1.0,1,0
CHEMBL580516,4,4,1.0,4,0
CHEMBL580537,1,1,1.0,1,0
CHEMBL580580,4,4,1.0,4,0
CHEMBL580618,1,1,1.0,1,0
CHEMBL580654,4,4,1.0,4,0
CHEMBL58072,0,3,0.0,1,3
CHEMBL580730,1,1,1.0,1,0
CHEMBL580736,1,1,1.0,1,0
CHEMBL580757,4,4,1.0,4,0
CHEMBL580789,1,1,1.0,1,0
CHEMBL580819,4,4,1.0,4,0
CHEMBL580876,4,4,1.0,4,0
CHEMBL581175,4,4,1.0,4,0
CHEMBL581187,4,4,1.0,4,0
CHEMBL581188,2,2,1.0,2,0
CHEMBL581194,4,4,1.0,4,0
CHEMBL581225,4,4,1.0,4,0
CHEMBL581240,4,4,1.0,4,0
CHEMBL581349,4,4,1.0,4,0
CHEMBL581475,4,4,1.0,4,0
CHEMBL581489,4,4,1.0,4,0
CHEMBL581494,1,1,1.0,1,0
CHEMBL581496,1,1,1.0,1,0
CHEMBL581831,1,1,1.0,1,0
CHEMBL581860,4,4,1.0,4,0
CHEMBL581874,4,4,1.0,4,0
CHEMBL581924,1,1,1.0,1,0
CHEMBL582070,4,4,1.0,4,0
CHEMBL582072,4,4,1.0,4,0
CHEMBL582079,4,4,1.0,4,0
CHEMBL582119,4,4,1.0,4,0
CHEMBL582167,1,1,1.0,1,0
CHEMBL582180,4,4,1.0,4,0
CHEMBL582203,2,2,1.0,2,0
CHEMBL582208,1,1,1.0,1,0
CHEMBL582232,1,1,1.0,1,0
CHEMBL582286,4,4,1.0,4,0
CHEMBL582340,1,1,1.0,1,0
CHEMBL582373,1,1,1.0,1,0
CHEMBL582420,4,4,1.0,4,0
CHEMBL582433,1,1,1.0,1,0
CHEMBL582478,4,4,1.0,4,0
CHEMBL582486,4,4,1.0,4,0
CHEMBL582495,4,4,1.0,4,0
CHEMBL582547,4,4,1.0,4,0
CHEMBL582552,4,4,1.0,4,0
CHEMBL582591,2,2,1.0,2,0
CHEMBL582598,1,1,1.0,1,0
CHEMBL582666,4,4,1.0,4,0
CHEMBL582758,2,2,1.0,2,0
CHEMBL582766,3,3,1.0,3,0
CHEMBL582767,4,4,1.0,4,0
CHEMBL583555,4,4,1.0,4,0
CHEMBL583682,4,4,1.0,4,0
CHEMBL583844,4,4,1.0,4,0
CHEMBL583906,1,1,1.0,1,0
CHEMBL583979,0,1,0.0,1,1
CHEMBL584015,4,4,1.0,4,0
CHEMBL584235,4,4,1.0,4,0
CHEMBL584237,4,4,1.0,4,0
CHEMBL584240,4,4,1.0,4,0
CHEMBL58439,0,2,0.0,1,2
CHEMBL584541,1,1,1.0,1,0
CHEMBL58458,8,11,0.7272727272727273,4,3
CHEMBL584655,4,4,1.0,4,0
CHEMBL584676,4,4,1.0,4,0
CHEMBL584829,4,4,1.0,4,0
CHEMBL584841,4,4,1.0,4,0
CHEMBL584957,1,1,1.0,1,0
CHEMBL584958,1,1,1.0,1,0
CHEMBL585089,0,1,0.0,1,1
CHEMBL585243,4,4,1.0,4,0
CHEMBL585264,4,4,1.0,4,0
CHEMBL58536,0,2,0.0,1,2
CHEMBL585431,4,4,1.0,4,0
CHEMBL585533,1,1,1.0,1,0
CHEMBL58560,0,2,0.0,1,2
CHEMBL585622,4,4,1.0,4,0
CHEMBL585686,4,4,1.0,4,0
CHEMBL585759,1,1,1.0,1,0
CHEMBL585760,1,1,1.0,1,0
CHEMBL585761,1,1,1.0,1,0
CHEMBL585839,4,4,1.0,4,0
CHEMBL585951,1,1,1.0,1,0
CHEMBL585966,4,4,1.0,4,0
CHEMBL585983,4,4,1.0,4,0
CHEMBL586000,4,4,1.0,4,0
CHEMBL586026,4,4,1.0,4,0
CHEMBL586031,4,4,1.0,4,0
CHEMBL586033,4,4,1.0,4,0
CHEMBL586078,4,4,1.0,4,0
CHEMBL586178,4,4,1.0,4,0
CHEMBL58627,1,1,1.0,1,0
CHEMBL58628,1,1,1.0,1,0
CHEMBL586301,2,2,1.0,2,0
CHEMBL586310,4,4,1.0,4,0
CHEMBL586344,4,4,1.0,4,0
CHEMBL586442,4,4,1.0,4,0
CHEMBL586468,4,4,1.0,4,0
CHEMBL586486,1,1,1.0,1,0
CHEMBL586493,1,1,1.0,1,0
CHEMBL586510,1,1,1.0,1,0
CHEMBL58652,1,1,1.0,1,0
CHEMBL586680,1,1,1.0,1,0
CHEMBL586686,2,2,1.0,2,0
CHEMBL586700,1,1,1.0,1,0
CHEMBL586702,2,2,1.0,2,0
CHEMBL586704,4,4,1.0,4,0
CHEMBL58684,0,1,0.0,1,1
CHEMBL586872,1,1,1.0,1,0
CHEMBL586879,2,2,1.0,2,0
CHEMBL586888,4,4,1.0,4,0
CHEMBL586933,4,4,1.0,4,0
CHEMBL586948,2,2,1.0,2,0
CHEMBL586962,4,4,1.0,4,0
CHEMBL586996,0,1,0.0,1,1
CHEMBL587021,2,2,1.0,2,0
CHEMBL587022,4,4,1.0,4,0
CHEMBL587029,2,2,1.0,2,0
CHEMBL587051,2,2,1.0,2,0
CHEMBL587062,1,1,1.0,1,0
CHEMBL587083,4,4,1.0,4,0
CHEMBL587104,4,4,1.0,4,0
CHEMBL587109,3,3,1.0,3,0
CHEMBL587200,2,2,1.0,2,0
CHEMBL587256,1,1,1.0,1,0
CHEMBL587288,4,4,1.0,4,0
CHEMBL587371,4,4,1.0,4,0
CHEMBL587410,4,4,1.0,4,0
CHEMBL587485,4,4,1.0,4,0
CHEMBL587825,4,4,1.0,4,0
CHEMBL587892,4,4,1.0,4,0
CHEMBL587923,4,4,1.0,4,0
CHEMBL587930,1,1,1.0,1,0
CHEMBL587965,1,2,0.5,1,1
CHEMBL587989,4,4,1.0,4,0
CHEMBL588025,2,2,1.0,2,0
CHEMBL588093,1,1,1.0,1,0
CHEMBL588118,1,1,1.0,1,0
CHEMBL588155,4,4,1.0,4,0
CHEMBL588165,1,1,1.0,1,0
CHEMBL588259,2,2,1.0,2,0
CHEMBL588481,4,4,1.0,4,0
CHEMBL588488,2,2,1.0,2,0
CHEMBL588499,1,1,1.0,1,0
CHEMBL588501,4,4,1.0,4,0
CHEMBL588516,4,4,1.0,4,0
CHEMBL588540,1,1,1.0,1,0
CHEMBL588732,4,4,1.0,4,0
CHEMBL588794,1,1,1.0,1,0
CHEMBL588819,1,1,1.0,1,0
CHEMBL588828,1,1,1.0,1,0
CHEMBL588838,1,1,1.0,1,0
CHEMBL588843,1,1,1.0,1,0
CHEMBL588854,1,1,1.0,1,0
CHEMBL588855,4,4,1.0,4,0
CHEMBL588859,4,4,1.0,4,0
CHEMBL588897,1,1,1.0,1,0
CHEMBL588940,1,1,1.0,1,0
CHEMBL588947,1,1,1.0,1,0
CHEMBL588980,1,1,1.0,1,0
CHEMBL588994,1,1,1.0,1,0
CHEMBL589060,4,4,1.0,4,0
CHEMBL589205,4,4,1.0,4,0
CHEMBL589224,4,4,1.0,4,0
CHEMBL589236,4,4,1.0,4,0
CHEMBL58936,0,1,0.0,1,1
CHEMBL58937,0,1,0.0,1,1
CHEMBL589422,4,4,1.0,4,0
CHEMBL589723,4,4,1.0,4,0
CHEMBL589733,4,4,1.0,4,0
CHEMBL589916,4,4,1.0,4,0
CHEMBL589920,4,4,1.0,4,0
CHEMBL589922,4,4,1.0,4,0
CHEMBL589946,4,4,1.0,4,0
CHEMBL589951,4,4,1.0,4,0
CHEMBL59004,9,11,0.8181818181818182,4,2
CHEMBL59009,8,11,0.7272727272727273,4,3
CHEMBL590159,4,4,1.0,4,0
CHEMBL590182,4,4,1.0,4,0
CHEMBL590201,4,4,1.0,4,0
CHEMBL590212,4,4,1.0,4,0
CHEMBL590435,4,4,1.0,4,0
CHEMBL59054,8,11,0.7272727272727273,4,3
CHEMBL590674,4,4,1.0,4,0
CHEMBL590675,4,4,1.0,4,0
CHEMBL590680,4,4,1.0,4,0
CHEMBL590683,4,4,1.0,4,0
CHEMBL590686,4,4,1.0,4,0
CHEMBL590888,4,4,1.0,4,0
CHEMBL590914,4,4,1.0,4,0
CHEMBL590919,4,4,1.0,4,0
CHEMBL590933,4,4,1.0,4,0
CHEMBL590944,4,4,1.0,4,0
CHEMBL591128,4,4,1.0,4,0
CHEMBL591147,4,4,1.0,4,0
CHEMBL591183,4,4,1.0,4,0
CHEMBL591362,4,4,1.0,4,0
CHEMBL591393,4,4,1.0,4,0
CHEMBL591395,4,4,1.0,4,0
CHEMBL591623,4,4,1.0,4,0
CHEMBL591637,4,4,1.0,4,0
CHEMBL591641,4,4,1.0,4,0
CHEMBL59168,0,3,0.0,1,3
CHEMBL591887,4,4,1.0,4,0
CHEMBL591890,4,4,1.0,4,0
CHEMBL59195,0,3,0.0,1,3
CHEMBL592044,4,4,1.0,4,0
CHEMBL592105,4,4,1.0,4,0
CHEMBL592123,4,4,1.0,4,0
CHEMBL592125,4,4,1.0,4,0
CHEMBL592305,4,4,1.0,4,0
CHEMBL592332,4,4,1.0,4,0
CHEMBL592338,4,4,1.0,4,0
CHEMBL592344,4,4,1.0,4,0
CHEMBL592550,4,4,1.0,4,0
CHEMBL592786,4,4,1.0,4,0
CHEMBL592808,4,4,1.0,4,0
CHEMBL593055,1,1,1.0,1,0
CHEMBL593698,2,3,0.6666666666666666,2,1
CHEMBL593700,0,2,0.0,1,2
CHEMBL59376,1,1,1.0,1,0
CHEMBL59384,9,9,1.0,2,0
CHEMBL59385,9,9,1.0,2,0
CHEMBL593946,0,1,0.0,1,1
CHEMBL593968,2,2,1.0,1,0
CHEMBL594192,2,3,0.6666666666666666,2,1
CHEMBL59422,1,1,1.0,1,0
CHEMBL594403,2,2,1.0,1,0
CHEMBL59451,0,8,0.0,1,8
CHEMBL594857,0,3,0.0,2,3
CHEMBL595582,0,1,0.0,1,1
CHEMBL595583,0,1,0.0,1,1
CHEMBL596037,0,3,0.0,2,3
CHEMBL596643,4,4,1.0,4,0
CHEMBL596652,4,4,1.0,4,0
CHEMBL59683,0,3,0.0,1,3
CHEMBL596852,4,4,1.0,4,0
CHEMBL596856,4,4,1.0,4,0
CHEMBL597248,4,4,1.0,4,0
CHEMBL597262,4,4,1.0,4,0
CHEMBL597444,4,4,1.0,4,0
CHEMBL597855,4,4,1.0,4,0
CHEMBL597857,4,4,1.0,4,0
CHEMBL598007,1,2,0.5,1,1
CHEMBL59810,0,8,0.0,1,8
CHEMBL598279,4,4,1.0,4,0
CHEMBL598369,4,4,1.0,4,0
CHEMBL598881,4,4,1.0,4,0
CHEMBL599100,4,4,1.0,4,0
CHEMBL599885,4,4,1.0,4,0
CHEMBL599886,4,4,1.0,4,0
CHEMBL600030,4,4,1.0,4,0
CHEMBL600132,4,4,1.0,4,0
CHEMBL600174,4,4,1.0,4,0
CHEMBL600235,4,4,1.0,4,0
CHEMBL600305,4,4,1.0,4,0
CHEMBL600356,4,4,1.0,4,0
CHEMBL600374,4,4,1.0,4,0
CHEMBL600439,4,4,1.0,4,0
CHEMBL600444,4,4,1.0,4,0
CHEMBL600488,4,4,1.0,4,0
CHEMBL600549,4,4,1.0,4,0
CHEMBL600706,4,4,1.0,4,0
CHEMBL600904,4,4,1.0,4,0
CHEMBL600906,4,4,1.0,4,0
CHEMBL600947,1,1,1.0,1,0
CHEMBL601041,4,4,1.0,4,0
CHEMBL601122,4,4,1.0,4,0
CHEMBL601156,4,4,1.0,4,0
CHEMBL601158,4,4,1.0,4,0
CHEMBL601325,4,4,1.0,4,0
CHEMBL601348,4,4,1.0,4,0
CHEMBL601378,4,4,1.0,4,0
CHEMBL601492,4,4,1.0,4,0
CHEMBL601528,4,4,1.0,4,0
CHEMBL601534,4,4,1.0,4,0
CHEMBL601566,4,4,1.0,4,0
CHEMBL601567,4,4,1.0,4,0
CHEMBL601580,4,4,1.0,4,0
CHEMBL601612,4,4,1.0,4,0
CHEMBL601719,2,5,0.4,5,3
CHEMBL601743,4,4,1.0,4,0
CHEMBL601771,4,4,1.0,4,0
CHEMBL601786,4,4,1.0,4,0
CHEMBL601806,4,4,1.0,4,0
CHEMBL601814,4,4,1.0,4,0
CHEMBL601825,4,4,1.0,4,0
CHEMBL601957,4,4,1.0,4,0
CHEMBL602127,4,4,1.0,4,0
CHEMBL602179,4,4,1.0,4,0
CHEMBL602211,4,4,1.0,4,0
CHEMBL602234,4,4,1.0,4,0
CHEMBL602312,4,4,1.0,4,0
CHEMBL602366,4,4,1.0,4,0
CHEMBL602409,4,4,1.0,4,0
CHEMBL602413,4,4,1.0,4,0
CHEMBL60254,2,3,0.6666666666666666,3,1
CHEMBL602552,4,4,1.0,4,0
CHEMBL602580,4,4,1.0,4,0
CHEMBL602586,4,4,1.0,4,0
CHEMBL602764,4,4,1.0,4,0
CHEMBL602783,0,1,0.0,1,1
CHEMBL602940,4,4,1.0,4,0
CHEMBL602946,4,4,1.0,4,0
CHEMBL603469,3,3,1.0,3,0
CHEMBL603641,0,3,0.0,2,3
CHEMBL603686,4,4,1.0,4,0
CHEMBL603943,4,4,1.0,4,0
CHEMBL603945,4,4,1.0,4,0
CHEMBL604263,2,3,0.6666666666666666,2,1
CHEMBL604270,2,3,0.6666666666666666,2,1
CHEMBL604323,4,4,1.0,4,0
CHEMBL604389,4,4,1.0,4,0
CHEMBL604399,4,4,1.0,2,0
CHEMBL604470,0,3,0.0,2,3
CHEMBL604514,0,1,0.0,1,1
CHEMBL604982,4,4,1.0,4,0
CHEMBL605003,2,2,1.0,2,0
CHEMBL605255,0,3,0.0,2,3
CHEMBL605281,4,4,1.0,4,0
CHEMBL605430,0,2,0.0,1,2
CHEMBL605639,0,2,0.0,1,2
CHEMBL605688,0,1,0.0,1,1
CHEMBL605751,4,4,1.0,4,0
CHEMBL605926,0,3,0.0,2,3
CHEMBL606017,0,2,0.0,1,2
CHEMBL606159,4,4,1.0,4,0
CHEMBL60621,0,8,0.0,1,8
CHEMBL606252,4,4,1.0,4,0
CHEMBL60635,0,1,0.0,1,1
CHEMBL606531,4,4,1.0,4,0
CHEMBL60662,0,5,0.0,1,5
CHEMBL606814,0,3,0.0,2,3
CHEMBL606865,0,2,0.0,1,2
CHEMBL60690,1,1,1.0,1,0
CHEMBL606920,0,3,0.0,2,3
CHEMBL606982,2,2,1.0,1,0
CHEMBL607308,4,4,1.0,4,0
CHEMBL60735,0,2,0.0,1,2
CHEMBL607688,4,4,1.0,4,0
CHEMBL607707,0,3,0.0,3,3
CHEMBL60779,0,2,0.0,1,2
CHEMBL607917,0,1,0.0,1,1
CHEMBL607975,4,4,1.0,4,0
CHEMBL608154,0,2,0.0,2,2
CHEMBL608279,0,1,0.0,1,1
CHEMBL608533,1,3,0.3333333333333333,3,2
CHEMBL608855,4,4,1.0,4,0
CHEMBL609036,4,4,1.0,4,0
CHEMBL609156,4,4,1.0,4,0
CHEMBL609580,2,2,1.0,1,0
CHEMBL609628,4,4,1.0,4,0
CHEMBL60976,0,2,0.0,1,2
CHEMBL60977,0,2,0.0,1,2
CHEMBL60979,1,1,1.0,1,0
CHEMBL610451,2,3,0.6666666666666666,2,1
CHEMBL610874,0,1,0.0,1,1
CHEMBL610875,0,1,0.0,1,1
CHEMBL610876,0,1,0.0,1,1
CHEMBL611070,4,4,1.0,4,0
CHEMBL611118,0,1,0.0,1,1
CHEMBL611120,0,1,0.0,1,1
CHEMBL611121,0,1,0.0,1,1
CHEMBL611122,0,1,0.0,1,1
CHEMBL611123,0,1,0.0,1,1
CHEMBL611125,0,1,0.0,1,1
CHEMBL611127,0,1,0.0,1,1
CHEMBL611216,0,1,0.0,1,1
CHEMBL61257,1,1,1.0,1,0
CHEMBL61387,0,3,0.0,1,3
CHEMBL61518,0,24,0.0,1,24
CHEMBL61524,0,3,0.0,1,3
CHEMBL61741,1,3,0.3333333333333333,1,2
CHEMBL61753,0,11,0.0,4,11
CHEMBL61773,0,3,0.0,1,3
CHEMBL61915,1,3,0.3333333333333333,1,2
CHEMBL6199,8,8,1.0,1,0
CHEMBL6205,8,8,1.0,1,0
CHEMBL6235,8,8,1.0,1,0
CHEMBL6246,2,6,0.3333333333333333,5,4
CHEMBL6274,8,8,1.0,1,0
CHEMBL6279,8,8,1.0,1,0
CHEMBL6291,9,9,1.0,2,0
CHEMBL63135,1,1,1.0,1,0
CHEMBL6331,8,8,1.0,1,0
CHEMBL6332,8,8,1.0,1,0
CHEMBL63439,0,4,0.0,1,4
CHEMBL63442,1,1,1.0,1,0
CHEMBL63463,0,4,0.0,1,4
CHEMBL63647,0,1,0.0,1,1
CHEMBL63910,0,4,0.0,1,4
CHEMBL63983,1,1,1.0,1,0
CHEMBL64298,0,2,0.0,1,2
CHEMBL64473,0,4,0.0,1,4
CHEMBL6453,1,1,1.0,1,0
CHEMBL64616,0,2,0.0,1,2
CHEMBL64766,0,2,0.0,1,2
CHEMBL65197,0,4,0.0,1,4
CHEMBL65384,0,2,0.0,1,2
CHEMBL65438,0,4,0.0,1,4
CHEMBL65541,1,1,1.0,1,0
CHEMBL65852,1,1,1.0,1,0
CHEMBL66077,0,1,0.0,1,1
CHEMBL66089,3,3,1.0,1,0
CHEMBL66109,0,1,0.0,1,1
CHEMBL66277,1,1,1.0,1,0
CHEMBL66280,2,2,1.0,1,0
CHEMBL66338,2,2,1.0,1,0
CHEMBL66568,1,1,1.0,1,0
CHEMBL66600,1,1,1.0,1,0
CHEMBL66601,1,1,1.0,1,0
CHEMBL66802,1,1,1.0,1,0
CHEMBL66977,1,1,1.0,1,0
CHEMBL67043,0,1,0.0,1,1
CHEMBL67166,1,36,0.027777777777777776,3,35
CHEMBL67267,0,1,0.0,1,1
CHEMBL67911,4,4,1.0,1,0
CHEMBL68236,0,8,0.0,1,8
CHEMBL68492,2,2,1.0,1,0
CHEMBL685,1,1,1.0,1,0
CHEMBL68748,1,1,1.0,1,0
CHEMBL68749,2,2,1.0,1,0
CHEMBL69319,4,4,1.0,1,0
CHEMBL69863,0,1,0.0,1,1
CHEMBL70046,0,3,0.0,2,3
CHEMBL70053,4,4,1.0,1,0
CHEMBL70705,4,4,1.0,1,0
CHEMBL7078,1,1,1.0,1,0
CHEMBL71425,4,4,1.0,1,0
CHEMBL71572,4,4,1.0,1,0
CHEMBL71792,4,4,1.0,1,0
CHEMBL727,0,1,0.0,1,1
CHEMBL73495,0,8,0.0,1,8
CHEMBL74432,0,1,0.0,1,1
CHEMBL7463,1,2,0.5,2,1
CHEMBL74983,8,8,1.0,1,0
CHEMBL752,0,1,0.0,1,1
CHEMBL75680,2,2,1.0,1,0
CHEMBL76100,0,8,0.0,1,8
CHEMBL76929,0,1,0.0,1,1
CHEMBL76958,0,1,0.0,1,1
CHEMBL77100,0,1,0.0,1,1
CHEMBL77401,0,1,0.0,1,1
CHEMBL77678,0,1,0.0,1,1
CHEMBL77688,0,1,0.0,1,1
CHEMBL78679,0,1,0.0,1,1
CHEMBL78716,0,1,0.0,1,1
CHEMBL78799,1,1,1.0,1,0
CHEMBL788,0,1,0.0,1,1
CHEMBL79284,0,8,0.0,1,8
CHEMBL79293,0,8,0.0,1,8
CHEMBL79330,0,8,0.0,1,8
CHEMBL79376,0,1,0.0,1,1
CHEMBL79457,4,4,1.0,1,0
CHEMBL79731,0,4,0.0,1,4
CHEMBL79775,0,8,0.0,1,8
CHEMBL79776,0,24,0.0,1,24
CHEMBL79791,0,4,0.0,1,4
CHEMBL79871,4,4,1.0,1,0
CHEMBL80034,4,4,1.0,1,0
CHEMBL80035,0,4,0.0,1,4
CHEMBL80049,0,4,0.0,1,4
CHEMBL80054,0,8,0.0,1,8
CHEMBL80588,1,1,1.0,1,0
CHEMBL80658,0,1,0.0,1,1
CHEMBL81054,0,1,0.0,1,1
CHEMBL81063,0,1,0.0,1,1
CHEMBL81198,1,1,1.0,1,0
CHEMBL81533,0,8,0.0,1,8
CHEMBL81574,4,4,1.0,1,0
CHEMBL81628,0,1,0.0,1,1
CHEMBL81714,0,1,0.0,1,1
CHEMBL81720,0,4,0.0,1,4
CHEMBL81854,0,4,0.0,1,4
CHEMBL81971,0,1,0.0,1,1
CHEMBL82095,0,8,0.0,1,8
CHEMBL82096,0,4,0.0,1,4
CHEMBL82126,0,8,0.0,1,8
CHEMBL82271,0,16,0.0,1,16
CHEMBL82385,4,4,1.0,1,0
CHEMBL82435,1,1,1.0,1,0
CHEMBL82585,0,4,0.0,1,4
CHEMBL8260,0,2,0.0,1,2
CHEMBL82750,1,1,1.0,1,0
CHEMBL83,0,8,0.0,1,8
CHEMBL83069,1,1,1.0,1,0
CHEMBL83070,1,1,1.0,1,0
CHEMBL83102,0,8,0.0,1,8
CHEMBL83151,0,4,0.0,1,4
CHEMBL83273,4,4,1.0,1,0
CHEMBL83281,0,8,0.0,1,8
CHEMBL83305,1,1,1.0,1,0
CHEMBL83502,4,4,1.0,1,0
CHEMBL83595,0,8,0.0,1,8
CHEMBL83599,0,4,0.0,1,4
CHEMBL83727,4,4,1.0,1,0
CHEMBL83733,0,8,0.0,1,8
CHEMBL83771,4,4,1.0,1,0
CHEMBL83961,0,16,0.0,1,16
CHEMBL83998,0,4,0.0,1,4
CHEMBL84185,0,4,0.0,1,4
CHEMBL84211,4,4,1.0,1,0
CHEMBL84231,4,4,1.0,1,0
CHEMBL84271,4,4,1.0,1,0
CHEMBL84399,0,8,0.0,1,8
CHEMBL84406,4,4,1.0,1,0
CHEMBL8441,0,1,0.0,1,1
CHEMBL84479,0,4,0.0,1,4
CHEMBL84564,1,1,1.0,1,0
CHEMBL84652,0,8,0.0,1,8
CHEMBL84653,0,8,0.0,1,8
CHEMBL84654,0,16,0.0,1,16
CHEMBL84714,1,1,1.0,1,0
CHEMBL84809,1,1,1.0,1,0
CHEMBL84955,1,1,1.0,1,0
CHEMBL85010,1,1,1.0,1,0
CHEMBL85011,1,1,1.0,1,0
CHEMBL85343,0,1,0.0,1,1
CHEMBL85502,0,8,0.0,1,8
CHEMBL85612,1,1,1.0,1,0
CHEMBL85730,1,1,1.0,1,0
CHEMBL85860,1,1,1.0,1,0
CHEMBL86219,0,8,0.0,1,8
CHEMBL86221,0,8,0.0,1,8
CHEMBL86680,1,1,1.0,1,0
CHEMBL87277,0,1,0.0,1,1
CHEMBL87319,0,1,0.0,1,1
CHEMBL88020,0,1,0.0,1,1
CHEMBL88325,1,1,1.0,1,0
CHEMBL88454,0,1,0.0,1,1
CHEMBL88466,1,1,1.0,1,0
CHEMBL88486,1,1,1.0,1,0
CHEMBL88538,0,1,0.0,1,1
CHEMBL88546,1,1,1.0,1,0
CHEMBL88812,0,1,0.0,1,1
CHEMBL88844,1,1,1.0,1,0
CHEMBL88848,0,1,0.0,1,1
CHEMBL88904,1,1,1.0,1,0
CHEMBL88925,1,1,1.0,1,0
CHEMBL88962,0,1,0.0,1,1
CHEMBL89191,0,1,0.0,1,1
CHEMBL89210,1,1,1.0,1,0
CHEMBL89280,1,1,1.0,1,0
CHEMBL89355,0,1,0.0,1,1
CHEMBL89384,1,1,1.0,1,0
CHEMBL89428,1,1,1.0,1,0
CHEMBL89591,1,1,1.0,1,0
CHEMBL89639,1,1,1.0,1,0
CHEMBL89833,1,1,1.0,1,0
CHEMBL90169,1,1,1.0,1,0
CHEMBL90252,0,1,0.0,1,1
CHEMBL90261,0,1,0.0,1,1
CHEMBL90330,1,1,1.0,1,0
CHEMBL90341,1,1,1.0,1,0
CHEMBL90360,0,4,0.0,1,4
CHEMBL90373,1,1,1.0,1,0
CHEMBL91126,1,1,1.0,1,0
CHEMBL91165,1,1,1.0,1,0
CHEMBL91196,0,1,0.0,1,1
CHEMBL91274,1,1,1.0,1,0
CHEMBL91331,0,1,0.0,1,1
CHEMBL91376,1,1,1.0,1,0
CHEMBL91459,1,1,1.0,1,0
CHEMBL91540,1,1,1.0,1,0
CHEMBL91541,1,1,1.0,1,0
CHEMBL91568,1,1,1.0,1,0
CHEMBL91630,1,1,1.0,1,0
CHEMBL91648,1,1,1.0,1,0
CHEMBL91652,1,1,1.0,1,0
CHEMBL91721,0,1,0.0,1,1
CHEMBL91730,1,1,1.0,1,0
CHEMBL91829,9,12,0.75,5,3
CHEMBL91864,4,4,1.0,1,0
CHEMBL91867,1,2,0.5,1,1
CHEMBL91934,1,1,1.0,1,0
CHEMBL92339,0,1,0.0,1,1
CHEMBL92395,0,1,0.0,1,1
CHEMBL92440,1,1,1.0,1,0
CHEMBL92498,1,1,1.0,1,0
CHEMBL92648,4,4,1.0,1,0
CHEMBL92729,0,1,0.0,1,1
CHEMBL92788,4,4,1.0,1,0
CHEMBL92814,4,4,1.0,1,0
CHEMBL92851,4,4,1.0,1,0
CHEMBL93028,4,4,1.0,1,0
CHEMBL93045,4,4,1.0,1,0
CHEMBL93059,4,4,1.0,1,0
CHEMBL93140,4,4,1.0,1,0
CHEMBL93161,4,4,1.0,1,0
CHEMBL93262,0,1,0.0,1,1
CHEMBL93462,4,4,1.0,1,0
CHEMBL93639,4,4,1.0,1,0
CHEMBL93650,4,4,1.0,1,0
CHEMBL939,0,4,0.0,4,4
CHEMBL93910,4,4,1.0,1,0
CHEMBL94061,3,5,0.6,1,2
CHEMBL941,2,7,0.2857142857142857,5,5
CHEMBL94191,0,3,0.0,2,3
CHEMBL94417,1,1,1.0,1,0
CHEMBL945,0,2,0.0,1,2
CHEMBL94846,0,1,0.0,1,1
CHEMBL95,0,2,0.0,1,2
CHEMBL95592,3,3,1.0,1,0
CHEMBL95606,4,4,1.0,4,0
CHEMBL95613,3,3,1.0,1,0
CHEMBL96002,3,3,1.0,1,0
CHEMBL96081,0,1,0.0,1,1
CHEMBL96096,0,1,0.0,1,1
CHEMBL96305,4,4,1.0,1,0
CHEMBL964,1,1,1.0,1,0
CHEMBL96629,4,4,1.0,1,0
CHEMBL96633,0,1,0.0,1,1
CHEMBL96766,5,5,1.0,2,0
CHEMBL97218,0,1,0.0,1,1
CHEMBL97522,3,3,1.0,1,0
CHEMBL97771,1,1,1.0,1,0
CHEMBL97921,0,3,0.0,1,3
CHEMBL97997,0,3,0.0,1,3
CHEMBL97998,0,3,0.0,1,3
CHEMBL98026,0,2,0.0,1,2
CHEMBL98273,0,2,0.0,1,2
CHEMBL98337,0,3,0.0,1,3
CHEMBL98350,2,5,0.4,2,3
CHEMBL98386,0,1,0.0,1,1
CHEMBL98542,0,3,0.0,1,3
CHEMBL98968,0,3,0.0,1,3
CHEMBL99156,0,3,0.0,1,3
CHEMBL99203,3,4,0.75,1,1
CHEMBL99372,0,3,0.0,1,3
CHEMBL99594,0,1,0.0,1,1
CHEMBL99708,0,2,0.0,1,2
CHEMBL99748,0,8,0.0,1,8
CHEMBL99749,0,8,0.0,1,8
CHEMBL99825,3,3,1.0,1,0
