molregno,canonical_smiles
250,C[S+]([O-])c1ccc(-c2nc(-c3ccc(F)cc3)c(-c3ccncc3)[nH]2)cc1
160532,Cn1cc(C2=C(c3c4n(c5ccccc35)CCNC4)C(=O)NC2=O)c2ccccc21
162438,CCCCCCCCCCCCCCCC(=O)N1CCCCC1CNC(=O)[C@@H](N)CCCCN
164324,CC(C)(C)c1ccc(NC(=O)c2cc(Cl)cc(Cl)c2O)cc1
163192,CCCCCCCCCCCCC(=O)N1CCCCC1CNC(=O)[C@H](N)CCCCN
163291,COc1ccc(Nc2ncnc3cc(OC)c(OC)cc23)cc1OC
163165,O=C(Nc1ccc(Cl)c(Cl)c1)c1cccc(O)c1O
165758,Oc1[nH]c(Nc2cccc(CCl)c2)nc2ncnc1-2
168389,Cc1cn(C/C=C\COC(c2ccccc2)(c2ccccc2)c2ccccc2)c(=O)[nH]c1=O
162956,CCCCCCCCCCCCCCCCCC(=O)N1CCCCC1CNC(=O)[C@@H](N)CCCCN
165839,Oc1[nH]c(Nc2ccc(Cl)cc2)nc2ncnc1-2
165012,Clc1ccc(Nc2nnc(Cc3ccncc3)c3ccccc23)cc1
162615,CCCCCCCCCCCCC(=O)N1CCCCC1CNC(=O)[C@@H](N)CCC(=O)OCc1ccccc1
164466,CCCc1ccc(Nc2nc(O)c3[nH]cnc3n2)cc1
164468,NCc1cccc(Nc2nc(O)c3[nH]cnc3n2)c1
163697,Cc1cc(C(C#N)c2ccc(Cl)cc2)c(Cl)cc1NC(=O)c1cc(C(F)(F)F)cc(C(F)(F)F)c1O
160650,NC(=O)c1cn([C@@H]2O[C@H](CO)[C@@H](O)[C@H]2O)c2ncnc(N)c12
165135,[N-]=[N+]=NCc1cccc(Nc2nc3ncnc-3c(O)[nH]2)c1
163270,COc1cc2nccc(Oc3cccc(F)c3)c2cc1OC
169783,Cc1cn([C@H]2C[C@H](O)[C@@H](CN=[N+]=[N-])O2)c(=O)[nH]c1=O
169776,C[C@@H]1CC[C@H](n2cc(Br)c(=O)[nH]c2=O)O1
123400,O=C(O)Cc1cc(O)ccc1Nc1c(Cl)cccc1Cl
170044,Cc1cn([C@@H]2O[C@H](CO)[C@@H](O)[C@@H]2O)c(=O)[nH]c1=O
168355,O=C1Nc2ccccc2/C1=C\c1ccc(O)cc1
166439,O=C1Cc2c(c3c4ccccc4[nH]c3c3[nH]c4ccccc4c23)N1
165162,Oc1[nH]c(Nc2cccc(CBr)c2)nc2ncnc1-2
167995,Cc1ccc(-n2nc(C(C)(C)C)cc2NC(=O)Nc2ccc(OCCN3CCOCC3)c3ccccc23)cc1
165161,Oc1[nH]c(Nc2cccc(I)c2)nc2ncnc1-2
165813,CC(C)c1ccc(Nc2nc(O)c3[nH]cnc3n2)cc1
172311,O=C(Nc1ccc(OCCN2CCOCC2)c2ccccc12)Nc1ccnn1-c1ccccc1
174567,COc1ccc(Nc2ncc3cc(-c4c(Cl)cccc4Cl)c(=O)n(C)c3n2)cc1
174591,CN1CCN(CCCCNc2ncc3cc(-c4c(Cl)cccc4Cl)c(=O)n(C)c3n2)CC1
169457,O=S(=O)(NCCNC/C=C/c1ccc(Br)cc1)c1cccc2cnccc12
172277,Cn1nc(C(C)(C)C)cc1NC(=O)Nc1ccc(OCCN2CCOCC2)c2ccccc12
174568,Cn1c(=O)c(-c2c(Cl)cccc2Cl)cc2cnc(Nc3ccncc3)nc21
171802,Cc1ccc(-n2nc(C(C)(C)C)cc2NC(=O)Nc2ccc(OCCN3CCOCC3)c3ccccc23)cn1
171841,CC(C)c1cc(NC(=O)Nc2ccc(OCCN3CCOCC3)c3ccccc23)n(-c2ccccc2)n1
169301,Cc1cn([C@H]2C[C@H](F)[C@@H](CO)O2)c(=O)[nH]c1=O
171234,COc1cccc(-c2cn(-c3ccc(CCN(C)CCO)cc3)c3ncnc(N)c23)c1
169054,O=C(NOCC1CC1)c1ccc(F)c(F)c1Nc1ccc(I)cc1Cl
174619,CN1CCN(CCCCCNc2ncc3cc(-c4c(Cl)cccc4Cl)c(=O)n(C)c3n2)CC1
175722,CN1CCN(c2ccc(Nc3c4ccccc4nc4ccccc34)cc2)CC1
174489,Cn1c(=O)c(-c2c(Cl)cccc2Cl)cc2cnc(Nc3ccc(N4CCOCC4)cc3)nc21
174688,CNc1ncc2cc(-c3c(Cl)cccc3Cl)c(=O)n(C)c2n1
612738,Oc1ccc(Nc2nc(-c3ccc(Cl)cc3)cs2)cc1
617563,N#CCNC(=O)c1ccc(-c2ccnc(Nc3ccc(N4CCOCC4)cc3)n2)cc1
171978,Cc1ccc(-n2nc(C(C)(C)CO)cc2NC(=O)Nc2ccc(OCCN3CCOCC3)c3ccccc23)cc1
611647,C#Cc1cccc(Nc2ncnc3cc(OCCOC)c(OCCOC)cc23)c1.Cl
633648,CC1(C)C(=O)CC[C@]2(C)C3Cc4cc5ccccc5n4[C@]3(C)CC[C@@H]12
8679,O=C(Nc1ccc(Cl)c(Cl)c1)Nc1ccc(Cl)c(Cl)c1
633570,CC1(C)C(=O)CC[C@@]2(C)[C@H]1CC[C@]1(C)[C@H]2Cc2cc3ccccc3n21
630429,Cc1ccc(-n2nc(C(C)(C)C)cc2NC(=O)Nc2cc(COc3cccnc3)n[nH]2)cc1
633574,CC1(C)[C@H](O)CC[C@]2(C)[C@@H]3C[C@@H]4Nc5ccccc5[C@@H]4[C@]3(C)CC[C@@H]12
629550,O=C1Nc2ccc([N+](=O)[O-])cc2/C1=C1/Nc2ccc(Br)cc2/C1=N/O
178785,O=C(NNC(=O)c1ccccc1F)c1ccc2ccccc2c1
621252,FC(F)c1nc2ccccc2n1-c1nc(N2CC3CCC(C2)O3)nc(N2CC3CCC(C2)O3)n1
621327,CN1CCN(c2ccc(NC(=O)Nc3ccc(-c4nc(N5CC6CCC(C5)O6)nc(N5CC6CCC(C5)O6)n4)cc3)cc2)CC1
621328,CN1CCN(c2ccc(NC(=O)Nc3ccc(-c4nc(N5C[C@H]6C[C@@H]5CO6)nc(N5C[C@H]6C[C@@H]5CO6)n4)cc3)cc2)CC1
621329,CN1CCN(c2ccc(NC(=O)Nc3ccc(-c4nc(N5C[C@@H]6C[C@H]5CO6)nc(N5C[C@@H]6C[C@H]5CO6)n4)cc3)cc2)CC1
621330,CN1CCN(c2ccc(NC(=O)Nc3ccc(-c4nc(N5C6CCC5COC6)nc(N5C6CCC5COC6)n4)cc3)cc2)CC1
621331,CN1CCN(c2ccc(NC(=O)Nc3ccc(-c4nc(N5CC6CCC(C5)O6)nc(N5C6CCC5COC6)n4)cc3)cc2)CC1
621253,FC(F)c1nc2ccccc2n1-c1nc(N2CCOCC2)nc(N2CC3CCC(C2)O3)n1
621991,CCCCc1cn([C@H]2C[C@H](n3cc(C)c(=O)[nH]c3=O)O[C@@H]2CO)nn1
620843,Cc1cn([C@H]2C[C@H](n3cc(-c4ccc(Cl)cc4)nn3)[C@@H](CO)O2)c(=O)[nH]c1=O
621992,Cc1cn([C@H]2C[C@H](n3cc(-c4ccccc4)nn3)[C@@H](CO)O2)c(=O)[nH]c1=O
621993,Cc1cn([C@H]2C[C@H](n3cc(Cc4ccccc4)nn3)[C@@H](CO)O2)c(=O)[nH]c1=O
621994,Cc1cn([C@H]2C[C@H](n3cc(CC4CCCC4)nn3)[C@@H](CO)O2)c(=O)[nH]c1=O
620844,Cc1cn([C@H]2C[C@H](n3cc(-c4ccc(Cl)c(Cl)c4)nn3)[C@@H](CO)O2)c(=O)[nH]c1=O
620846,Cc1cn([C@H]2C[C@H](n3nncc3-c3ccccc3)[C@@H](CO)O2)c(=O)[nH]c1=O
620847,Cc1cn([C@H]2C[C@H](n3nncc3-c3ccc(Cl)cc3)[C@@H](CO)O2)c(=O)[nH]c1=O
620806,C[C@@H]1COCCN1c1nc(-c2ccc(NC(=O)Nc3cccnc3)cc2)nc(N2C[C@@H]3C[C@H]2CO3)n1
620807,C[C@@H]1COCCN1c1nc(-c2ccc(NC(=O)Nc3cccnc3)cc2)nc(N2CCOC[C@H]2C)n1
620845,Cc1cn([C@H]2C[C@H](n3cc(-c4ccccn4)nn3)[C@@H](CO)O2)c(=O)[nH]c1=O
621915,Cc1cn([C@H]2C[C@H](NC(=S)Nc3ccc(Cl)c(C(F)(F)F)c3)[C@@H](CO)O2)c(=O)[nH]c1=O
620924,O=c1[nH]c(=O)n([C@H]2C[C@H](n3cc(-c4ccccc4)nn3)[C@@H](CO)O2)cc1/C=C/Br
620925,O=c1[nH]c(=O)n([C@H]2C[C@H](n3cc(-c4ccc(Cl)cc4)nn3)[C@@H](CO)O2)cc1/C=C/Br
620869,C[C@@H]1COCCN1c1nc(-c2ccc(NC(=O)Nc3ccc(N4CCN(C)CC4)nc3)cc2)nc(N2CCOC[C@H]2C)n1
620870,C[C@@H]1COCCN1c1nc(-c2ccc(NC(=O)Nc3ccc(N4CCN(C)CC4)cc3)cc2)nc(N2CCOC[C@H]2C)n1
620871,C[C@@H]1COCCN1c1nc(-c2ccc(NC(=O)Nc3ccc(N4CCC(N(C)C)CC4)cc3)cc2)nc(N2CCOC[C@H]2C)n1
620873,C[C@@H]1COCCN1c1nc(-c2ccc(NC(=O)Nc3ccc(OCCN(C)C)cc3)cc2)nc(N2CCOC[C@H]2C)n1
620874,C[C@@H]1COCCN1c1nc(-c2ccc(NC(=O)Nc3ccc(C(=O)N4CCN(C)CC4)cc3)cc2)nc(N2CCOC[C@H]2C)n1
620875,C[C@@H]1COCCN1c1nc(-c2ccc(NC(=O)Nc3ccc(C(=O)N4CCC(N(C)C)CC4)cc3)cc2)nc(N2CCOC[C@H]2C)n1
620876,C[C@@H]1COCCN1c1nc(-c2ccc(NC(=O)Nc3ccc(C(=O)N(C)C)cc3)cc2)nc(N2CCOC[C@H]2C)n1
620877,C[C@@H]1COCCN1c1nc(-c2ccc(NC(=O)Nc3ccc(N4CCN(C)CC4)nc3)cc2)nc(C2CCOCC2)n1
620878,C[C@@H]1COCCN1c1nc(-c2ccc(NC(=O)Nc3ccc(N4CCN(C)CC4)cc3)cc2)nc(C2CCOCC2)n1
620879,C[C@@H]1COCCN1c1nc(-c2ccc(NC(=O)Nc3ccc(N4CCNCC4)cc3)cc2)nc(C2CCOCC2)n1
620880,C[C@@H]1COCCN1c1nc(-c2ccc(NC(=O)Nc3ccc(N4CCC(N(C)C)CC4)cc3)cc2)nc(C2CCOCC2)n1
620881,C[C@@H]1COCCN1c1nc(-c2ccc(NC(=O)Nc3ccc(C(=O)N4CCN(C)CC4)cc3)cc2)nc(C2CCOCC2)n1
620882,CC(C)N1CCN(C(=O)c2ccc(NC(=O)Nc3ccc(-c4nc(C5CCOCC5)nc(N5CCOC[C@H]5C)n4)cc3)cc2)CC1
614674,O=C1Nc2c(Br)cccc2/C1=C1/Nc2ccccc2/C1=N\O
621323,CNC(=O)Nc1ccc(-c2nc(N3CC4CCC(C3)O4)nc(N3CC4CCC(C3)O4)n2)cc1
621326,O=C(Nc1ccncc1)Nc1ccc(-c2nc(N3CC4CCC(C3)O4)nc(N3CC4CCC(C3)O4)n2)cc1
621990,Cc1cn([C@H]2C[C@H](n3ccnn3)[C@@H](CO)O2)c(=O)[nH]c1=O
621324,CCNC(=O)Nc1ccc(-c2nc(N3CC4CCC(C3)O4)nc(N3CC4CCC(C3)O4)n2)cc1
621325,O=C(Nc1ccc(-c2nc(N3CC4CCC(C3)O4)nc(N3CC4CCC(C3)O4)n2)cc1)NC1CC1
620867,C[C@@H]1COCCN1c1nc(-c2ccc(NC(=O)Nc3cccnc3)cc2)nc(C2CCOCC2)n1
184124,CCNc1ncc2cc(-c3c(Cl)cccc3Cl)c(=O)n(C)c2n1
620868,C[C@@H]1COCCN1c1nc(-c2ccc(NC(=O)Nc3ccncc3)cc2)nc(N2CCOC[C@H]2C)n1
620872,C[C@@H]1COCCN1c1nc(-c2ccc(NC(=O)Nc3ccc(CN(C)C)cc3)cc2)nc(N2CCOC[C@H]2C)n1
628663,Cc1ccccc1CSc1ncnc2c1ncn2[C@@H]1C[C@H](CO)[C@@H](O)[C@H]1O
628664,O=[N+]([O-])c1cccc(CSc2ncnc3c2ncn3[C@@H]2C[C@H](CO)[C@@H](O)[C@H]2O)c1
628665,OC[C@H]1C[C@@H](n2cnc3c(SCc4cccc(C(F)(F)F)c4)ncnc32)[C@H](O)[C@@H]1O
628662,OC[C@H]1C[C@@H](n2cnc3c(SCc4ccccc4Cl)ncnc32)[C@H](O)[C@@H]1O
628666,Cc1cccc(CSc2ncnc3c2ncn3[C@@H]2C[C@H](CO)[C@@H](O)[C@H]2O)c1
627846,OC[C@H]1C[C@@H](n2cnc3c(SCc4ccc(F)cc4)ncnc32)[C@H](O)[C@@H]1O
627847,OC[C@H]1C[C@@H](n2cnc3c(SCc4ccc(Cl)cc4)ncnc32)[C@H](O)[C@@H]1O
627848,OC[C@H]1C[C@@H](n2cnc3c(SCc4ccc(Br)cc4)ncnc32)[C@H](O)[C@@H]1O
627849,O=[N+]([O-])c1ccc(CSc2ncnc3c2ncn3[C@@H]2C[C@H](CO)[C@@H](O)[C@H]2O)cc1
183072,CCOC(=O)c1ccc(Nc2ncc3cc(-c4c(Cl)cccc4Cl)c(=O)n(C)c3n2)cc1
183073,CCOC(=O)c1cccc(Nc2ncc3cc(-c4c(Cl)cccc4Cl)c(=O)n(C)c3n2)c1
150549,CC(C)c1ccc2oc3nc(N)c(C(=O)O)cc3c(=O)c2c1
627151,Cc1nnc(-c2ccc(F)c(-c3c(=O)ccn4c(-c5ccc(F)cc5F)cccc34)c2)o1
183377,Cn1c(=O)c(-c2c(Cl)cccc2Cl)cc2cnc(Nc3cccc(C(=O)O)c3)nc21
625898,CC(C)(C)c1[nH]cnc1/C=c1\[nH]c(=O)/c(=C/c2ccccc2)[nH]c1=O
627902,COc1ccc(CSc2ncnc3c2ncn3[C@@H]2C[C@H](CO)[C@@H](O)[C@H]2O)cc1
627898,COC(=O)c1ccc(CSc2ncnc3c2ncn3[C@@H]2C[C@H](CO)[C@@H](O)[C@H]2O)cc1
627899,Cc1ccc(CSc2ncnc3c2ncn3[C@@H]2C[C@H](CO)[C@@H](O)[C@H]2O)cc1
627900,CS(=O)(=O)c1ccc(CSc2ncnc3c2ncn3[C@@H]2C[C@H](CO)[C@@H](O)[C@H]2O)cc1
627010,COC(=O)c1cc(F)c(-c2c(=O)ccn3c(-c4ccc(F)cc4F)cccc23)c(F)c1
183174,Cn1c(=O)c(-c2c(Cl)cccc2Cl)cc2cnc(O)nc21
628621,OC[C@H]1C[C@@H](n2cnc3c(SCc4ccccc4F)ncnc32)[C@H](O)[C@@H]1O
184123,CC(C)Nc1ncc2cc(-c3c(Cl)cccc3Cl)c(=O)n(C)c2n1
627946,OC[C@H]1C[C@@H](n2cnc3c(SCc4ccc(Cl)cc4Cl)ncnc32)[C@H](O)[C@@H]1O
627947,OC[C@H]1C[C@@H](n2cnc3c(SCc4ccc(Cl)c(Cl)c4)ncnc32)[C@H](O)[C@@H]1O
627948,OC[C@H]1C[C@@H](n2cnc3c(SCc4c(F)cccc4Cl)ncnc32)[C@H](O)[C@@H]1O
627949,Cc1cc(C)c(CSc2ncnc3c2ncn3[C@@H]2C[C@H](CO)[C@@H](O)[C@H]2O)c(C)c1
627901,OC[C@H]1C[C@@H](n2cnc3c(SCc4ccc(OC(F)(F)F)cc4)ncnc32)[C@H](O)[C@@H]1O
627007,O=c1ccn2c(-c3ccc(F)cc3F)cccc2c1-c1c(F)cccc1F
627008,N#Cc1cc(F)c(-c2c(=O)ccn3c(-c4ccc(F)cc4F)cccc23)c(F)c1
627071,Cc1nnc(-c2cc(F)c(-c3c(=O)ccn4c(-c5ccc(F)cc5F)cccc34)c(F)c2)o1
627551,Cc1cn([C@H]2C[C@H](n3cc(-c4ccc(F)cc4)nn3)[C@@H](CO)O2)c(=O)[nH]c1=O
627073,Nc1nnc(-c2cc(F)c(-c3c(=O)ccn4c(-c5ccc(F)cc5F)cccc34)c(F)c2)o1
627074,Cc1noc(-c2cc(F)c(-c3c(=O)ccn4c(-c5ccc(F)cc5F)cccc34)c(F)c2)n1
627150,O=c1ccn2c(-c3ccc(F)cc3F)cccc2c1-c1cc(-c2nnco2)ccc1F
627009,NC(=O)c1cc(F)c(-c2c(=O)ccn3c(-c4ccc(F)cc4F)cccc23)c(F)c1
627072,O=c1ccn2c(-c3ccc(F)cc3F)cccc2c1-c1c(F)cc(-c2nnco2)cc1F
183026,Cn1c(=O)c(-c2c(Cl)cccc2Cl)cc2cnc(NCc3cccnc3)nc21
175670,CSc1cc(-c2cccs2)oc(=O)c1C#N
183028,CN(C)CCCOc1ccc(Nc2ncc3cc(-c4c(Cl)cccc4Cl)c(=O)n(C)c3n2)cc1
183223,COc1cccc(Nc2ncc3cc(-c4c(Cl)cccc4Cl)c(=O)n(C)c3n2)c1
183294,Cn1c(=O)c(-c2c(Cl)cccc2Cl)cc2cnc(Nc3ccc(Cl)cc3)nc21
183181,Cc1ccc(Nc2ncc3cc(-c4c(Cl)cccc4Cl)c(=O)n(C)c3n2)cc1
182916,COc1ccc(Nc2ncc3cc(-c4c(Cl)cccc4Cl)c(=O)n(C)c3n2)cn1
183293,Cn1c(=O)c(-c2c(Cl)cccc2Cl)cc2cnc(Nc3cccc(Br)c3)nc21
182914,Cn1c(=O)c(-c2c(Cl)cccc2Cl)cc2cnc(NCCO)nc21
183214,CC(=O)Nc1ncc2cc(-c3c(Cl)cccc3Cl)c(=O)n(C)c2n1
183778,CN(C)CCOc1ccc(Nc2ncc3cc(-c4c(Cl)cccc4Cl)c(=O)n(C)c3n2)cc1
183346,CN1CCN(Cc2ccc(Nc3ncc4cc(-c5c(Cl)cccc5Cl)c(=O)n(C)c4n3)cc2)CC1
169321,O=c1[nH]c(=O)n([C@H]2C[C@H](O)[C@@H](CO)O2)cc1C(F)(F)F
183220,CCN(CC)CCOc1ccc(Nc2ncc3cc(-c4c(Cl)cccc4Cl)c(=O)n(CC)c3n2)cc1
183152,COc1ccc(Nc2ncc3cc(-c4c(Cl)cccc4Cl)c(=O)n(C)c3n2)cc1C
183341,Cn1c(=O)c(-c2c(Cl)cccc2Cl)cc2cnc(Nc3ccc(CCCC(=O)O)cc3)nc21
182653,Cn1c(=O)c(-c2c(Cl)cccc2Cl)cc2cnc(NC3CCCCC3)nc21
182782,Cn1c(=O)c(-c2c(Cl)cccc2Cl)cc2cnc(NCc3ccccc3)nc21
183779,CCNCCOc1ccc(Nc2ncc3cc(-c4c(Cl)cccc4Cl)c(=O)n(C)c3n2)cc1
183509,Cn1c(=O)c(-c2c(Cl)cccc2Cl)cc2cnc(NCCCCCC(=O)O)nc21
193791,COc1nccc(-c2c(-c3ccccc3)nc3nc(N)ccn23)n1
186191,COc1cc(N)[nH]c2nc(-c3ccc(F)cc3)c(-c3ccncc3)c1-2
642131,Cc1cn([C@@H]2O[C@H](COP(=O)(O)O)[C@@H](O)[C@H]2N)c(=O)[nH]c1=O
642135,Cc1cn([C@@H]2O[C@H](COP(=O)(O)O)[C@@H](N)[C@H]2O)c(=O)[nH]c1=O
642142,Cc1cn([C@@H]2O[C@H](COP(=O)(O)O)[C@@H](O)[C@H]2F)c(=O)[nH]c1=O
642143,Cc1cn([C@@H]2O[C@H](COP(=O)(O)O)[C@@H](O)[C@H]2Cl)c(=O)[nH]c1=O
642353,O=c1[nH]c(=O)n([C@H]2C[C@H](O)[C@@H](COP(=O)(O)O)O2)cc1Cc1ccccc1
642532,Cc1cn([C@H]2C[C@H](CF)[C@@H](COP(=O)(O)O)O2)c(=O)[nH]c1=O
642533,Cc1cn([C@H]2C[C@H](CN=[N+]=[N-])[C@@H](COP(=O)(O)O)O2)c(=O)[nH]c1=O
642542,Cc1cn([C@H]2C[C@H](CO)[C@@H](COP(=O)(O)O)O2)c(=O)[nH]c1=O
642543,Cc1cn([C@H]2C[C@H](CN)[C@@H](COP(=O)(O)O)O2)c(=O)[nH]c1=O
642744,O=C(CCCP(=O)(O)O)CP(=O)(O)O
642745,O=C(CP(=O)(O)O)NCC(F)(F)P(=O)(O)O
642746,O=P(O)(O)CCCCC(F)(F)P(=O)(O)O
642748,O=C(CCP(=O)(O)O)CP(=O)(O)O
642749,O=C(CCC(F)(F)P(=O)(O)O)C(F)(F)P(=O)(O)O
642750,O=C(CCP(=O)(O)O)C(F)(F)P(=O)(O)O
642751,O=C(CCCP(=O)(O)O)C(F)(F)P(=O)(O)O
190271,CC(=O)O[C@@H]1[C@@H](C)[C@@]2(O)[C@@H](C=C(CO)C[C@]3(O)C(=O)C(C)=C[C@@H]23)[C@@H]2C(C)(C)[C@]12OC(C)=O
648562,Cc1ccccc1NC(=O)NC(=O)c1ccccc1Cl
648563,N#CC(NCC(O)c1ccccc1)c1ccc(Cl)c(Cl)c1
17853,O=c1cc(-c2ccccc2)oc2cc(O)cc(O)c12
648635,O=S(=O)(Nc1ccc(C(F)(F)F)cc1)c1ccc(C(F)(F)F)cc1
648636,Cc1ccc(S(=O)(=O)Nc2cccc(C(F)(F)F)c2)cc1
648603,Cc1ccc(NS(=O)(=O)c2ccc(Br)cc2)cc1Cl
648639,NS(=O)(=O)c1cc([N+](=O)[O-])c(Cl)s1
648669,O=S(=O)(Nc1ccc(C(F)(F)F)cc1)C1=C(Cl)SC(Cl)C1
648738,Cc1cccc(C)c1N(C(=O)CCl)S(=O)(=O)c1cc(Cl)sc1Cl
194238,O=c1ccc(-c2c(-c3ccc(F)cc3)nc3ccccn23)nn1-c1c(Cl)cccc1Cl
648739,Cc1ccc(N(C(=O)CCl)S(=O)(=O)c2c(Cl)sc(Cl)c2Cl)cc1
648740,O=C(CBr)N(c1ccccc1)S(=O)(=O)c1cc(Cl)sc1Cl
648741,O=C(CBr)N(c1ccc(Cl)cc1)S(=O)(=O)c1cc(Cl)sc1Cl
648606,Cc1ccc(Cl)cc1NS(=O)(=O)c1cc(Cl)ccc1Cl
648607,O=S(=O)(Nc1cccc(C(F)(F)F)c1)c1ccc(Cl)cc1
648673,O=S(=O)(c1cc(Cl)sc1Cl)N(SC(Cl)(Cl)Cl)c1ccccc1
648674,O=S(=O)(Nc1ccc(Cl)cc1SC(Cl)(Cl)Cl)c1cc(Cl)sc1Cl
649637,Cc1ccc(C(=O)Nc2ccc(CN3CCN(C)CC3)c(C(F)(F)F)c2)cc1C#Cc1cnc2cccnn12
648637,O=S(=O)(Nc1cccc(C(F)(F)F)c1)c1cc(Cl)c(Cl)cc1Cl
648638,COc1ccc(S(=O)(=O)Nc2cccc(C(F)(F)F)c2)cc1
648640,O=S(=O)(Nc1ccccc1)c1cc(Cl)sc1Cl
648641,Cc1ccc(NS(=O)(=O)c2cc(Cl)sc2Cl)cc1
648602,Cc1cc(C)c(NS(=O)(=O)c2ccc(Br)cc2)c(C)c1NS(=O)(=O)c1ccc(Br)cc1
648604,Cc1ccc(Cl)cc1S(=O)(=O)Nc1ccc(Cl)c(Cl)c1
648605,Cc1cc(Cl)ccc1NS(=O)(=O)c1cc(Cl)ccc1Cl
194001,O=C1CCC(c2c(-c3cccc(Cl)c3Cl)nc3ccccn23)=NN1c1c(Cl)cccc1Cl
648671,O=S(=O)(Nc1ccc(Cl)cc1)c1c(Cl)sc(Cl)c1Cl
648672,Cc1ccc(N(SC(Cl)(Cl)Cl)S(=O)(=O)c2cc(Cl)sc2Cl)cc1
650126,CN(C)C/C=C/C(=O)Nc1cc2c(Nc3ccc(F)c(Cl)c3)ncnc2cc1O[C@H]1CCOC1
653771,CN1C(=O)/C(=C/c2ccc3c(c2)OCO3)N=C1NCCN
194776,Cc1ccccc1-n1nc(-c2c(-c3ccc(F)cc3F)nc3ccccn23)ccc1=O
196913,CN1CCC(O)(c2cn(-c3ccnc(NC4CCCC4)n3)c(-c3cccc(C(F)(F)F)c3)n2)CC1
196995,C[C@H](Nc1nccc(-n2cc(C3(O)CCN(C)CC3)nc2-c2ccc(F)cc2)n1)c1ccccc1
194892,O=C1Nc2ccc([N+](=O)[O-])cc2C1=O
196542,C[C@H](Nc1cc(-c2sc(C3(O)CCN(C)CC3)nc2-c2ccc(F)cc2)ccn1)c1ccccc1
194630,Cc1ccccc1N1N=C(c2c(-c3ccc(F)cc3Cl)nc3ccccn23)CCC1=O
194663,Cc1ccccc1-n1nc(-c2c(-c3ccc(F)cc3Cl)nc3ccccn23)ccc1=O
194823,O=c1ccc(-c2c(-c3ccc(F)cc3Cl)nc3ccccn23)nn1-c1c(Cl)cccc1Cl
194773,O=C1CCC(c2c(-c3ccc(F)cc3Cl)nc3ccccn23)=NN1c1ccccc1Cl
665561,COc1ccc(Nc2ncnc3cc(OC)c(OC)cc23)cc1
193962,O=c1ncn2nc(Sc3ccc(F)cc3F)ccc2c1-c1c(Cl)cccc1Cl
194173,O=c1ccc(-c2c(-c3cccc(C(F)(F)F)c3)nc3ccccn23)nn1-c1ccccc1Cl
193857,COC[C@H](C)Nc1cc(-c2c(-c3ccccc3)nc3nc(N)ccn23)ccn1
193368,Nc1ccn2c(-c3ccncc3)c(-c3ccc(F)cc3)nc2n1
199467,CN(Cc1ccc(Br)cc1)c1c(N)ncnc1C#Cc1ccc(N2CCOCC2)nc1
194136,O=C1CCC(c2c(-c3cccc(C(F)(F)F)c3)nc3ccccn23)=NN1c1ccccc1Cl
193289,Nc1ccn2c(-c3ccnc(NCc4ccccc4)c3)c(-c3ccc(F)cc3)nc2n1
197467,OC1(c2nc(-c3ccc(F)cc3)c(-c3ccnc(NC4CCCCC4)c3)s2)CCNCC1
192105,Nc1cc(C#Cc2ccc(N3CCOCC3)nc2)ncn1
193829,CSc1nccc(-c2c(-c3ccccc3)nc3nc(N)ccn23)n1
196911,C[C@H](Nc1nccc(-n2c(-c3ccc(F)cc3)nc3nc(N4CCN(C)CC4)ccc32)n1)c1ccccc1
197772,O=C1NCc2cc(NS(=O)(=O)c3ccccc3Cl)ccc2N1c1c(Cl)cccc1Cl
198444,O=C(c1ccc(Nc2ccc(F)cc2F)cc1)c1ccccc1Cl
198445,COc1cc2[nH]c(C)nc2cc1C(=O)c1ccc(Nc2ccc(F)cc2F)cc1
197368,C[C@H](Nc1nccc(-c2oc(C3(O)CCN(C)CC3)nc2-c2ccc(F)cc2)n1)c1ccccc1
197962,COc1ccccc1C(=O)c1ccc(Nc2ccc(F)cc2F)cc1
197935,COc1ccc(/C=C/C2(O)CCN(C)CC2)cc1C(=O)c1ccc(Nc2ccc(F)cc2F)cc1
196867,CN1CCN(c2ccc3c(n2)nc(-c2ccc(F)cc2)n3-c2ccnc(NC3CCCC3)n2)CC1
198317,O=C1NCc2cc(Nc3ccc(F)cc3F)ccc2N1c1c(Cl)cccc1Cl
676469,COc1ccc(O)c(C(=O)c2ccc(C(=O)N[C@@H]3CCCNCC3NC(=O)c3ccncc3)cc2)c1F.Cl.Cl
676470,COc1ccc(O)c(C(=O)c2ccc(CN[C@@H]3CCCNC[C@H]3NC(=O)c3ccncc3)cc2)c1F.Cl
676476,COc1ccc(O)c(C(=O)c2ccc(CO[C@@H]3CCCNCC3NC(=O)c3ccncc3)cc2)c1F.Cl.Cl
676877,CNCC1CCn2c(c(C3=C(c4cn(C)c5ccccc45)C(=O)NC3=O)c3ccccc32)C1.Cl
676878,CN(C)CC1CCn2c(c(C3=C(c4cn(C)c5ccccc45)C(=O)NC3=O)c3ccccc32)C1.Cl
676879,Cl.Cn1cc(C2=C(c3c4n(c5ccccc35)CC(CCN)CC4)C(=O)NC2=O)c2ccccc21
198493,O=C1NCc2cc(NS(=O)(=O)c3ccc(F)c(Cl)c3)ccc2N1c1c(Cl)cccc1Cl
197674,C[C@H](Nc1nccc(-c2[nH]c(C3(O)CCN(C)CC3)nc2-c2ccc(F)cc2)n1)c1ccccc1
197783,COc1ccc(C#CC(C)(C)O)cc1C(=O)c1ccc(Nc2ccc(F)cc2F)nc1
678046,COc1ccc(O)c(C(=O)c2ccc(/C=C/[C@@H]3CCCNC[C@H]3NC(=O)c3ccncc3)cc2)c1F.Cl
678048,COc1ccc(O)c(C(=O)c2ccc(NC[C@@H]3CCCNCC3NC(=O)c3ccncc3)cc2)c1F.Cl
198449,Cc1ccc(S(=O)(=O)Nc2ccc3c(c2)CNC(=O)N3c2c(Cl)cccc2Cl)cc1
196634,CC(C)[C@H]1C(=O)N[C@H](CO)CC2CNc3cccc(c32)N1C
198974,Nc1ncnc(C#Cc2ccc(N3CCOCC3)nc2)c1Cc1cccc(Br)c1
198494,CN(c1ccc2c(c1)CNC(=O)N2c1c(Cl)cccc1Cl)S(=O)(=O)c1cc(Cl)ccc1Cl
198316,O=C1NCc2cc(Sc3ccc(F)cc3F)ccc2N1c1c(Cl)cccc1Cl
197706,C[C@H](Nc1cc(-c2[nH]c(C3(O)CCN(C)CC3)nc2-c2ccc(F)cc2)ccn1)c1ccccc1
199463,COc1ccc(CCCc2c(N)ncnc2C#Cc2ccc(N3CCOCC3)nc2)cc1
199526,CN(Cc1ccccc1)c1c(N)ncnc1C#Cc1ccc(N2CCOCC2)nc1
199466,Nc1ncnc(C#Cc2ccc(N3CCOCC3)nc2)c1CCCc1ccccc1Cl
200372,CN(Cc1ccccc1Cl)Cc1c(N)ncnc1C#Cc1ccc(N2CCOCC2)nc1
199637,Nc1ncnc(C#Cc2ccc(N3CCOCC3)nc2)c1CCCCc1ccccc1
200375,Nc1ncnc(C#Cc2ccc(N3CCOCC3)nc2)c1CCCc1ccncc1
198188,O=C(Nc1ccc2c(c1)CNC(=O)N2c1c(Cl)cccc1Cl)c1ccccc1
10221,Cc1cc(C(C#N)c2ccc(Cl)cc2)c(Cl)cc1NC(=O)c1cc(I)cc(I)c1O
197805,O=C1NCc2cc(NS(=O)(=O)c3ccccc3)ccc2N1c1c(Cl)cccc1Cl
685354,N[C@H]1CC[C@H](Nc2nc(Nc3ccc(C(=O)N4CCCCC4)cc3)c3ncn(-c4cccc(F)c4)c3n2)CC1
200172,CN(Cc1ccccc1Cl)c1c(N)ncnc1C#Cc1ccc(N2CCOCC2)nc1
685651,O=C1Nc2ccccc2/C1=C/C(=O)c1ccc(Br)cc1
200173,CN(Cc1cccc(Br)c1)c1c(N)ncnc1C#Cc1ccc(N2CCOCC2)nc1
685770,CNC(=O)c1cc(Oc2ccc(NC(=O)c3ccc(CN4CCN(C)CC4)cc3)cc2)ccn1
685771,CN1CCN(Cc2ccc(C(=O)Nc3ccc(OCCN4CCOCC4)c4ccccc34)cc2)CC1
685772,Cc1ccc(NC(=O)Nc2ccc(Cl)c(C(F)(F)F)c2)cc1Nc1nccc(-c2cccnc2)n1
685773,O=C(Nc1ccc(Cl)c(C(F)(F)F)c1)Nc1ccc(OCCN2CCOCC2)c2ccccc12
685822,Cc1ccc(-n2nc(C(C)(C)C)cc2NC(=O)Nc2ccc(C)c(Nc3nccc(-c4cccnc4)n3)c2)cc1
685823,CNC(=O)c1cc(Oc2ccc(NC(=O)Nc3cc(C(C)(C)C)nn3-c3ccc(C)cc3)cc2)ccn1
685824,CNC(=O)c1cc(Oc2ccc(NC(=O)Nc3ccc(CN4CCN(C)CC4)cc3)cc2)ccn1
685825,O=C(Nc1ccc(OCCN2CCOCC2)cc1)Nc1ccc(Cl)c(C(F)(F)F)c1
200177,CN(Cc1ccc(Cl)cc1)c1c(N)ncnc1C#Cc1ccc(N2CCOCC2)nc1
197647,OC1(c2nc(-c3ccc(F)cc3)c(-c3ccnc(NC4CCCCC4)c3)o2)CCNCC1
199599,Cc1ccccc1CN(C)c1c(N)ncnc1C#Cc1ccc(N2CCOCC2)nc1
199600,CN(Cc1ccc2ccccc2c1)c1c(N)ncnc1C#Cc1ccc(N2CCOCC2)nc1
198401,COc1ccc(C#CC(C)(C)N)cc1C(=O)c1ccc(Nc2ccc(F)cc2F)nc1
200199,CN(Cc1ccc(Cl)c(Cl)c1)c1c(N)ncnc1C#Cc1ccc(N2CCOCC2)nc1
200374,CN(Cc1ccccc1)Cc1c(N)ncnc1C#Cc1ccc(N2CCOCC2)nc1
199527,Nc1ncnc(C#Cc2ccc(N3CCOCC3)nc2)c1CCc1ccccc1
193244,Nc1ccn2c(-c3ccnc(N[C@H]4CCCc5ccccc54)c3)c(-c3ccccc3)nc2n1
198029,Nc1ncnc2c1c(-c1ccccc1)nn2-c1ccccc1
200233,CN(Cc1ccccc1C(F)(F)F)c1c(N)ncnc1C#Cc1ccc(N2CCOCC2)nc1
200212,Nc1ncnc(C#Cc2ccc(N3CCOCC3)nc2)c1CCCc1ccc(Br)cc1
691867,CCCS(=O)(=O)Nc1ccc(F)c(C(=O)c2c[nH]c3ncc(-c4ccc(Cl)cc4)cc23)c1F
691942,C=CC(=O)Nc1cccc(Oc2nc(Nc3ccc(N4CCN(C)CC4)cc3OC)ncc2Cl)c1
692370,CCCS(=O)(=O)Nc1ccc(F)c(C(=O)c2c[nH]c3ncc(Cl)cc23)c1F
692766,N=C(N)c1ccc(CNC(=O)[C@H](COCc2ccccc2)NC(=O)[C@@H](CO)NS(=O)(=O)Cc2ccccc2)cc1
692891,Cc1c(NC(=O)c2ccc(C(C)(C)C)cc2)cccc1-c1cn(C)c(=O)c(Nc2ccc(C(=O)N3CCOCC3)cc2)n1
692959,COc1cc2c(Oc3ccc(NC(=O)C4(C(=O)Nc5ccc(F)cc5)CC4)cc3F)ccnc2cc1OCCCN1CCOCC1
693720,CC(C)n1nc(Cc2cccc3ccccc23)c2c(N)ncnc21
693721,CC(C)(C)n1nc(-c2ccc3ccccc3c2)c2c(N)ncnc21
693722,Nc1ncnc2c1c(Cc1cccc3ccccc13)nn2CC1CCNCC1
693836,O=c1[nH]c(=O)n([C@H]2C[C@H](O)[C@@H](CO)O2)cc1-c1ccc(Br)s1
696004,C[C@H]1CNCCN1S(=O)(=O)c1cccc2cnccc12
696009,O=C1Nc2c(Br)cccc2/C1=C1/Nc2ccc(C(=O)O)cc2/C1=N\O
696097,COc1cc(NC(=O)c2cccc(-n3cc(NC(=O)Nc4ccccc4)cn3)c2)cc(OC)c1OC
696703,CNc1nc(C)c2cc(-c3cccc(CO)c3)c(=O)n(C3CCCC3)c2n1
696704,COc1ccc(-c2cc3c(C)nc(N)nc3n([C@H]3CC[C@H](OCCO)CC3)c2=O)cn1
198392,O=C1NCc2cc(NS(=O)(=O)c3cc(Cl)ccc3O)ccc2N1c1c(Cl)cccc1Cl
697506,Oc1c(Br)cc(Br)cc1-c1[nH]c(Br)c(Br)c1Br
697563,CCOc1ccc(Nc2c(C)c(N[C@H]3CCCNC3)nc3ccnn23)cc1
698457,Cn1cc(-c2ccc3nnc(Sc4ccc5ncccc5c4)n3n2)cn1
698507,Cc1cn([C@H]2C[C@H](O)[C@@H](COP(=O)(O)OP(=O)(O)OP(=O)(O)OP(=O)(O)OP(=O)(O)OC[C@H]3O[C@@H](n4cnc5c(N)ncnc54)[C@H](O)[C@@H]3O)O2)c(=O)[nH]c1=O
699606,COc1ccc(Nc2nc(N/N=C/c3ccc(O)cc3)nc(Nc3ccc([N+](=O)[O-])cc3)n2)cc1
205648,CN(C)CCCNc1c2ccccc2nc2ccccc12
700097,Nc1ncnc2[nH]nc(Nc3ccc(F)cc3)c12
700709,CC(C)n1nc(-c2ccc3ccccc3c2)c2c(N)ncnc21
700809,CC(C)n1nc(-c2ccc3c(c2)OCCO3)c2c(N)ncnc21
700895,CC(C)n1nc(-c2cc3cc(O)ccc3[nH]2)c2c(N)ncnc21
701170,CC(=O)c1cccc(-c2nn(C(C)C)c3ncnc(N)c23)c1
701518,COc1ccc(-c2nn(C(C)C)c3ncnc(N)c23)cc1OC
207040,Cc1cn([C@H]2C[C@H](CO)[C@@H](CO)O2)c(=O)[nH]c1=O
701891,COc1cc(-c2nn(C(C)C)c3ncnc(N)c23)cc(OC)c1OC
701986,CC(C)n1nc(-c2cnc3ccccc3c2)c2c(N)ncnc21
702080,COc1ccc(-c2nn(C(C)C)c3ncnc(N)c23)cc1
702208,COC(=O)[C@@]1(Cc2ccc(O)c(CC=C(C)C)c2)OC(=O)C(O)=C1c1ccc(O)cc1
205165,COc1cc2c(N3CCN(C(=O)Nc4ccc(OC(C)C)cc4)CC3)ncnc2cc1OCCCN1CCCCC1
207458,COc1ccc(-c2cc3c(nn2)-c2ccccc2C3=O)cc1
703067,Cc1cn([C@@H]2C[C@H](N=[N+]=[N-])[C@@H](CO)O2)c(=O)[nH]c1=O
705434,COCCC(=O)N1CCN(c2ccc(Nc3ccnc4ccc(-c5cnc6ccccc6c5)cc34)cc2C(F)(F)F)CC1
705435,CN(C)CCC(=O)N1CCN(c2ccc(Nc3ccnc4ccc(-c5cnc6ccccc6c5)cc34)cc2C(F)(F)F)CC1
705436,O=c1ccc2cnc3ccc(-c4cnc5ccccc5c4)cc3c2n1-c1ccc(N2CCNCC2)c(C(F)(F)F)c1
705437,O=c1ccc2cnc3ccc(-c4cccc5c4Sc4ccccc4S5)cc3c2n1-c1ccc(N2CCNCC2)c(C(F)(F)F)c1
705438,O=c1ccc2cnc3ccc(-c4cncc5ccccc45)cc3c2n1-c1ccc(N2CCNCC2)c(C(F)(F)F)c1
705439,O=c1ccc2cnc3ccc(-c4ccc5ccccc5c4)cc3c2n1-c1ccc(N2CCNCC2)c(C(F)(F)F)c1
705440,O=c1ccc2cnc3ccc(-c4ccc5c(c4)OCCO5)cc3c2n1-c1ccc(N2CCNCC2)c(C(F)(F)F)c1
705441,CS(=O)(=O)Nc1ccc(-c2ccc3ncc4ccc(=O)n(-c5ccc(N6CCNCC6)c(C(F)(F)F)c5)c4c3c2)cc1
705442,O=c1ccc2cnc3ccc(-c4cnc5ccccc5c4)cc3c2n1-c1ccc(N2CCOCC2)c(C(F)(F)F)c1
705443,O=C(C1CC1)N1CCN(c2ccc(-n3c(=O)ccc4cnc5ccc(-c6cnc7ccccc7c6)cc5c43)cc2C(F)(F)F)CC1
705444,CN(C)CCC(=O)N1CCN(c2ccc(-n3c(=O)ccc4cnc5ccc(-c6cnc7ccccc7c6)cc5c43)cc2C(F)(F)F)CC1
705445,CN1CCN(CC(=O)N2CCN(c3ccc(-n4c(=O)ccc5cnc6ccc(-c7cnc8ccccc8c7)cc6c54)cc3C(F)(F)F)CC2)CC1
705446,CCC(=O)N1CCN(c2ccc(-n3c(=O)ccc4cnc5ccc(-c6cnc7ccccc7c6)cc5c43)cc2C(F)(F)F)CC1
705447,CN1CCN(C(=O)c2ccc(-c3ccc(-n4c(=O)ccc5cnc6ccc(-c7cnc8ccccc8c7)cc6c54)cc3C(F)(F)F)cc2)CC1
705448,CCC(=O)N1CC=C(c2ccc(-n3c(=O)ccc4cnc5ccc(-c6cnc7ccccc7c6)cc5c43)cc2C(F)(F)F)CC1
705449,O=C(CN1CCOCC1)N1CCC(c2ccc(-n3c(=O)ccc4cnc5ccc(-c6cnc7ccccc7c6)cc5c43)cc2C(F)(F)F)CC1
705450,CCC(=O)N1CCN(c2ccc(-n3c(=O)c(C)cc4cnc5ccc(-c6cnc7ccccc7c6)cc5c43)cc2C(F)(F)F)CC1
705451,CCC(=O)N1CCN(c2ccc(-n3c(=O)cc(C)c4cnc5ccc(-c6cnc7ccccc7c6)cc5c43)cc2C(F)(F)F)CC1
705452,CCC(=O)N1CCN(c2ccc(-n3c(=O)n(C)c(=O)c4cnc5ccc(-c6cnc7ccccc7c6)cc5c43)cc2C(F)(F)F)CC1
705453,CCC(=O)N1CCN(c2ccc(N3C(=O)NCc4cnc5ccc(-c6cnc7ccccc7c6)cc5c43)cc2C(F)(F)F)CC1
705454,CCC(=O)N1CCN(c2ccc(N3C(=O)N(C)Cc4cnc5ccc(-c6cnc7ccccc7c6)cc5c43)cc2C(F)(F)F)CC1
705455,CCC(=O)N1CCN(c2ccc(N3C(=O)OCc4cnc5ccc(-c6cnc7ccccc7c6)cc5c43)cc2C(F)(F)F)CC1
705456,CC(=O)N1CCN(c2ccc(-n3c(=O)ccc4cnc5ccc(-c6cnc7ccccc7c6)cc5c43)cc2C(F)(F)F)CC1
706059,Cc1ccc2nc(NC(=O)CSc3nc4c(c(=O)n3-c3ccccc3)SCC4)sc2c1
706084,Cc1ccc2nc(NC(=O)CSc3nc4c(c(=O)n3-c3ccc(F)cc3)SCC4)sc2c1
706085,COc1ccccc1-n1c(SCC(=O)Nc2nc3ccc(C)cc3s2)nc2c(c1=O)SCC2
706110,Cc1ccc2nc(NC(=O)CSc3nc4c(c(=O)n3Cc3ccccc3)SCC4)sc2c1
708011,O=C(O)N1CCN(c2ccc(Nc3ccnc4ccc(-c5cnc6ccccc6c5)cc34)cc2C(F)(F)F)CC1
708029,COc1ccc(-c2ccc3ncc4ccc(=O)n(-c5ccc(N6CCNCC6)c(C(F)(F)F)c5)c4c3c2)cc1
708047,O=c1ccc2cnc3ccc(-c4csc5ccccc45)cc3c2n1-c1ccc(N2CCNCC2)c(C(F)(F)F)c1
708066,COc1ncc(-c2ccc3ncc4ccc(=O)n(-c5ccc(N6CCNCC6)c(C(F)(F)F)c5)c4c3c2)c(OC)n1
708086,O=c1ccc2cnc3ccc(-c4ccc5c(c4)OCO5)cc3c2n1-c1ccc(N2CCNCC2)c(C(F)(F)F)c1
708103,O=c1ccc2cnc3ccc(-c4ccsc4)cc3c2n1-c1ccc(N2CCNCC2)c(C(F)(F)F)c1
708122,O=c1ccc2cnc3ccc(-c4cnc5ccccc5c4)cc3c2n1-c1ccc(S(=O)(=O)N2CCNCC2)cc1
708137,COc1cc(N2CCC(N)CC2)ccc1-n1c(=O)ccc2cnc3ccc(-c4cnc5ccccc5c4)cc3c21
708153,CN1CCN(Cc2ccc(-n3c(=O)ccc4cnc5ccc(-c6cnc7ccccc7c6)cc5c43)cc2)CC1
708154,CN(C)CCn1c(=O)ccc2cnc3ccc(-c4cnc5ccccc5c4)cc3c21
209968,O=Nc1c(-c2c(O)[nH]c3ccccc23)[nH]c2ccccc12
209436,Cc1ccc(C(=O)/C=C2/C(=O)Nc3ccc(Br)cc32)cc1
209532,O=C1Nc2ccccc2/C1=C\C(=O)c1ccccc1
209535,N#C/C(C(N)=O)=C1\C(=O)Nc2ccccc21
209353,O=C1Nc2ccccc2/C1=C\c1ccc(Cl)cc1
709048,Cc1ncnc2c1ccn2[C@@H]1O[C@H](CO)[C@@H](O)[C@H]1O
209711,CC(=O)/C=C1/C(=O)Nc2ccccc21
209710,CC(C)(C)C(=O)/C=C1/C(=O)Nc2ccccc21
207075,Cc1cn([C@H]2C[C@H](CF)[C@@H](CO)O2)c(=O)[nH]c1=O
712090,O=C1Nc2ccccc2/C1=C1/Nc2ccccc2C1=O
713410,COc1cc2ncnc(Nc3ccc(C(F)(F)F)cc3)c2cc1OC
209434,O=C1Nc2ccc(Br)cc2/C1=C\C(=O)c1ccc(F)cc1
209750,C/N=C/c1c(O)[nH]c2ccccc12
213981,Cc1cc(NC(=O)c2sc(NC(=O)OC(C)(C)C)nc2C)c(C)[nH]1
214223,Cc1ccccc1NC(=O)c1sc(NC(=O)OC(C)(C)C)nc1C
213825,COC(=O)Nc1nc(C)c(C(=O)Nc2c(C)cc(C)cc2C)s1
714243,Cc1cnc(Nc2ccc(OCCN3CCCC3)cc2)nc1Nc1cccc(S(=O)(=O)NC(C)(C)C)c1
214036,Cc1nc(NC(=O)OC(C)(C)C)sc1C(=O)NCC(C)(C)C
716337,CNC(=O)c1ccccc1Sc1ccc2c(/C=C/c3ccccn3)n[nH]c2c1
27307,Cc1cn([C@H]2C[C@H](N=[N+]=[N-])[C@@H](CO)O2)c(=O)[nH]c1=O
213855,Cc1cccc(C)c1NC(=O)c1sc(NC(=O)OC(C)(C)C)nc1C
213958,Cc1nc(NC(=O)OC(C)(C)C)sc1C(=O)N1CCN(C=O)CC1
209935,COc1ccc2c(c1)/C(=C1/SC(=S)NC1=O)C(=O)N2
729184,Cc1nc(N)sc1-c1csc(Nc2ccc(S(N)(=O)=O)cc2)n1
213859,Cc1cc(C)c(NC(=O)c2sc(NC(=O)c3ccccc3)nc2C)c(C)c1
214683,COc1cc(NC(=O)c2sc(NC(=O)OC(C)(C)C)nc2C)cc(C(F)(F)F)c1
734202,Cc1ccccc1-n1sc2cc(F)ccc2c1=O
214481,Cc1nc(NC(=O)OC(C)(C)C)sc1C(=O)NC(C)C(C)C
213784,CCCCNC(=O)Nc1nc(C)c(C(=O)Nc2c(C)cc(C)cc2C)s1
741430,CC(=O)c1ccc(N2CCOCC2)cc1O
214007,COc1cccc(C)c1NC(=O)c1sc(NC(=O)OC(C)(C)C)nc1C
221542,CC(C)[C@H]1C(=O)N[C@H](CO)C1c1ccc(OC(=O)CCCCCCCCCCCCCCCCCCCCC(=O)Oc2ccc([C@H]3[C@@H](C(C)C)C(=O)N[C@@H]3CO)c3ccccc23)c2ccccc12
221526,CC(C)[C@H]1C(=O)N[C@H](CO)Cc2cc(NC(=O)CCCCCCCCC(=O)Nc3ccc4c(c3)N(C)[C@@H](C(C)C)C(=O)N[C@H](CO)C4)ccc2N1C
221649,CC(C)[C@H]1C(=O)N[C@H](CO)Cc2cc(NC(=O)COCCOCCOCCOCCOCCOCC(=O)Nc3ccc4c(c3)N(C)[C@@H](C(C)C)C(=O)N[C@H](CO)C4)ccc2N1C
221626,CC(C)[C@H]1C(=O)N[C@H](CO)Cc2cc(NC(=O)CCCCCCCCCCCCCCCCCCCCC(=O)Nc3ccc4c(c3)N(C)[C@@H](C(C)C)C(=O)N[C@H](CO)C4)ccc2N1C
751949,Oc1ccccc1-c1nc(NCc2cccnc2)c2ccccc2n1
11740,CCCCCCCCCCCCC/C=C1/C(=O)O[C@@H](CO)[C@@H]1OC(C)=O
219226,CN1CC[C@H](c2c(O)cc(O)c3c(=O)cc(Oc4ccccc4Cl)oc23)[C@H](O)C1
276734,CNC(=O)c1cc(Oc2ccc(NC(=O)Nc3ccc(Cl)c(C(F)(F)F)c3)cc2)ccn1
760843,Cc1ccc(-n2sc3ccccc3c2=O)cc1
222131,CCCCCCCCC(=O)Oc1ccc(C2[C@@H](C(C)C)C(=O)N[C@@H]2CO)c2ccccc12
222288,CC(C)[C@H]1C(=O)N[C@H](CO)Cc2cc(NC(=O)CCCCCCCCCCC(=O)Nc3ccc4c(c3)N(C)[C@@H](C(C)C)C(=O)N[C@H](CO)C4)ccc2N1C
763033,CN(C)S(=O)(=O)c1cccc(-n2sc3ccccc3c2=O)c1
286065,O=C(O)CCCO
765901,Cc1ccc(/C=C2\C(=O)ON=C2c2ccccc2)o1
222612,CC(C)[C@H]1C(=O)N[C@H](CO)C1c1ccc(OC(=O)CCCCCCCCCCCCCCC(=O)Oc2ccc([C@H]3[C@@H](C(C)C)C(=O)N[C@@H]3CO)c3ccccc23)c2ccccc12
222579,CC(C)[C@H]1C(=O)N[C@H](CO)C1c1ccc(OC(=O)CCCCCCCCCCC(=O)Oc2ccc([C@H]3[C@@H](C(C)C)C(=O)N[C@@H]3CO)c3ccccc23)c2ccccc12
222090,CC(C)[C@H]1C(=O)N[C@H](CO)Cc2cc(NC(=O)CCCCCCC(=O)Nc3ccc4c(c3)N(C)[C@@H](C(C)C)C(=O)N[C@H](CO)C4)ccc2N1C
227974,CCn1c(=O)c(-c2ccccc2)cc2cnc(Nc3ccncc3)nc21
222101,CC(C)[C@H]1C(=O)N[C@H](CO)Cc2cc(NC(=O)CCCCCCCCC(=O)Nc3ccc(O)c4ccccc34)ccc2N1C
227376,CCN(CC)CCOc1ccc(Nc2ncc3cc(-c4ccccc4)c(=O)n(CC)c3n2)cc1
226506,CCN(CC)CCOc1ccc(Nc2ncc3cc(-c4ccccc4)c(=O)n(C)c3n2)cc1
226974,Nc1ncc2cc(-c3c(Cl)cccc3Cl)c(=O)n(CCCO)c2n1
226474,CCN(CC)CCOc1ccc(Nc2ncc3cc(-c4ccsc4)c(=O)n(C)c3n2)cc1
227019,COC(=O)Cn1c(=O)c(-c2c(Cl)cccc2Cl)cc2cnc(N)nc21
228532,C=CS(=O)(=O)Nc1ccc2ncnc(Nc3cccc(Br)c3)c2c1
226967,Cn1c(=O)c(-c2ccccc2)cc2cnc(Nc3ccncc3)nc21
226965,Cn1c(=O)c(-c2ccsc2)cc2cnc(Nc3ccncc3)nc21
227398,CCCn1c(=O)c(-c2c(Cl)cccc2Cl)cc2cnc(N)nc21
226893,Nc1ncc2cc(-c3c(Cl)cccc3Cl)c(=O)n(CC(=O)O)c2n1
226504,Cn1c(=O)c(-c2ccsc2)cc2cnc(N)nc21
227397,Cn1c(=O)c(-c2ccccc2)cc2cnc(Nc3ccccc3)nc21
805003,COc1ccc(C(=O)Nc2ccccc2C(=O)O)cc1Cl
227091,CCCCn1c(=O)c(-c2c(Cl)cccc2Cl)cc2cnc(N)nc21
809114,COc1ccc(C(=O)Nc2cc(Cl)ccc2C(=O)O)cc1
227045,CC(C)(C)OC(=O)Cn1c(=O)c(-c2c(Cl)cccc2Cl)cc2cnc(N)nc21
29890,O=C(O)Cc1ccccc1Nc1c(Cl)cccc1Cl
226962,Nc1ncc2cc(-c3c(Cl)cccc3Cl)c(=O)n(CCCOCc3ccccc3)c2n1
227460,CCn1c(=O)c(-c2c(Cl)cccc2Cl)cc2cnc(N)nc21
818286,Cc1cc(NS(=O)(=O)c2ccc(NC(=O)Cc3ccc(Cl)c(Cl)c3)cc2)no1
227711,Cn1c(=O)c(-c2cccs2)cc2cnc(Nc3ccccc3)nc21
230798,COc1ccc(C(=O)/C=C/c2cccc3ccccc23)c(OC)c1
236227,Cc1ccc(-n2nc(C(C)(C)C)cc2NC(=O)Nc2ccc(OCCN3C[C@@H](C)O[C@@H](C)C3)c3ccccc23)cc1
31312,COc1cc(/C=C/C(=O)CC(=O)/C=C/c2ccc(O)c(OC)c2)ccc1O
825156,Cc1ccc(NC(=O)Nc2ccnc(-c3cccnc3)n2)cc1
226926,CN(C)CCCn1c(=O)c(-c2c(Cl)cccc2Cl)cc2cnc(N)nc21
830014,O=c1c2cc(F)ccc2sn1-c1ccccc1
236824,CC(C)(C)c1cc(NC(=O)Nc2ccc(OCCN3CCOCC3)c3ccccc23)n(Cc2ccccc2)n1
237437,Cc1ccc(-n2nc(C(C)(C)C)cc2NC(=O)Nc2ccc(OCCN3CC[S+]([O-])CC3)c3ccccc23)cc1
14264,Nc1ncnc2c1ncn2[C@@H]1O[C@H](COP(=O)(O)OP(=O)(O)OP(=O)(O)O)[C@@H](O)[C@H]1O
236926,Cc1ccc(-n2nc(C(C)(C)C)cc2NC(=O)Nc2ccc(OCCc3ccncc3)c3ccccc23)cc1
236246,COc1ccc(CCOc2ccc(NC(=O)Nc3cc(C(C)(C)C)nn3-c3ccc(C)cc3)c3ccccc23)cc1OC
236995,Cc1ccc(-n2nc(C(C)(C)C)cc2NC(=O)Nc2ccc(OCCN3CCSCC3)c3ccccc23)cc1
237831,Fc1ccc(-c2c(-c3ccncc3)[nH]c3nccnc23)cc1
236258,COc1ccc(-n2nc(C(C)(C)C)cc2NC(=O)Nc2ccc(OCCN3CCOCC3)c3ccccc23)cn1
861772,COc1ccc(C2c3ccc4ccccc4c3Oc3ncn(CCCN(C)C)c(=N)c32)cc1
236247,Cc1ccc(-n2nc(C(C)(C)C)cc2NC(=O)Nc2ccc(OCCN3C[C@H](C)O[C@@H](C)C3)c3ccccc23)cc1
872640,O=C(NCC1COc2ccccc2O1)c1ccc(NC(=O)c2ccco2)cc1
882180,CC(=O)c1cccc(Nc2nc(-c3sc(N)nc3C)cs2)c1
883033,CCN1CCCC1CNc1[nH]cnc2c3cc(Cl)ccc3nc1-2
883931,COc1ccc(-c2c(C)nn3c(N)c(C#N)cnc23)cc1OC
249292,CC(C)c1c(-c2ccc(N3CCOCC3)nc2)nc2ncnc(N)c2c1-c1cccc(Br)c1
249291,CN(C)c1ccc(-c2nc3ncnc(N)c3c(-c3cccc(Br)c3)c2C2CCCCC2)cn1
14221,CC[C@H](CO)Nc1nc(NCc2ccccc2)c2ncn(C(C)C)c2n1
901310,CSc1cc(-c2ccccc2)nc(O)c1C#N
902626,COc1ccc(OC)c(Nc2nc(-c3sc(N)nc3C)cs2)c1
14275,Nc1ncnc2c1ncn2[C@@H]1O[C@H](COP(=O)(O)OP(=O)(O)O)[C@@H](O)[C@H]1O
243485,CNCCNS(=O)(=O)c1cccc2cnccc12
46884,O=c1c(O)c(-c2ccc(O)cc2)oc2cc(O)cc(O)c12
249216,Cc1ccc(-c2c(-c3cccs3)nc3ncnc(N)c3c2-c2ccc(C)c(F)c2)cc1F
248647,COc1ccc(-c2c(-c3cccs3)nc3ncnc(N)c3c2-c2cc(Br)cs2)cc1OC
250604,CC(C)OCc1ccc2c(c1)c1c3c(c4c(c1n2CCCO)Cc1ccccc1-4)C(=O)NC3
933591,CC(=O)Nc1nc(C)c(-c2csc(Nc3cccc([N+](=O)[O-])c3)n2)s1
249162,CN(C)c1ccc(-c2nc3ncnc(N)c3cc2-c2ccccc2)cc1
47209,O=c1cc(-c2ccc(O)c(O)c2)oc2cc(O)cc(O)c12
249225,CC(C)c1ccc(-c2c(-c3ccc(N(C)C)cc3)nc3ncnc(N)c3c2-c2ccc(C(C)C)cc2)cc1
249352,Nc1ncnc2nc(-c3ccc(N4CCOCC4)nc3)c(-c3ccc(F)cc3)c(-c3cccc(Br)c3)c12
249466,CN(C)c1ccc(-c2nc3ncnc(N)c3c(-c3ccccc3)c2-c2ccccc2)cn1
248655,Clc1ccc(-c2cnc3c(N4CCOCC4)ncnc3n2)cc1
249386,Nc1ncnc2nc(-c3ccc(N4CCOCC4)nc3)c(-c3ccccc3)c(-c3cccc(Br)c3)c12
256027,Oc1[nH]c(Nc2cccc(CC(F)(F)F)c2)nc2ncnc1-2
256028,Oc1[nH]c(Nc2cccc(C(F)F)c2)nc2ncnc1-2
255068,C=CCn1cnc2c(O)nc(Nc3ccccc3)nc21
255067,OCCSCC(O)Cn1cnc2c(O)nc(Nc3ccccc3)nc21
255016,O=C(O)Cn1cnc2c(O)nc(Nc3ccccc3)nc21
255522,Oc1[nH]c(Nc2cccc(OC(F)(F)F)c2)nc2ncnc1-2
252286,CCCCCCCCCCCCCC(=O)O[C@@H]1CCCC(=O)O[C@H]1CO
254724,N=c1cc2c(nn1CCCCCCCCCCC(=O)N1CCN(c3ncccn3)CC1)-c1ccccc1CC2
255983,Oc1[nH]c(Nc2cccc(C(Cl)C(F)(F)Cl)c2)nc2ncnc1-2
430597,Nc1nc(O)c2ncn(CCC(CO)CO)c2n1
255936,COCCn1cnc2c(O)nc(Nc3ccccc3)nc21
259202,CN(C)CCCn1c2ccccc2c2c3c(c4c5ccccc5[nH]c4c21)C(=O)NC3
969799,COc1ccc2c(c1)C1(Nc3ccccc3-c3nc4ccccc4n31)C(=O)N2
975546,COc1ccc(-c2c[nH]nc2-c2ccc(O)cc2O)cc1
254274,COc1ccc(S(=O)(=O)N(CCO)c2ccccc2CN(C)C/C=C/c2ccc(Cl)cc2)cc1
259228,Cn1c2ccccc2c2c3c(c4c5ccccc5n(CCCN)c4c21)CNC3=O
259102,CN(C)CC(O)Cn1c2ccccc2c2c3c(c4c5ccccc5n(C)c4c21)C(=O)NC3=O
259005,COc1ccc2c(c1)c1c3c(c4c5ccccc5n(C)c4c1n2CCCC#N)C(=O)NC3=O
263363,CCNCC1OC(n2cc(C)c(=O)[nH]c2=O)CC1O
991280,CC(=O)c1ccc2c(c1)C1C=CCC1C(C(=O)O)N2
255956,Oc1[nH]c(Nc2cccc(C(Cl)=C(Cl)Cl)c2)nc2ncnc1-2
263360,CCCCCCNCC1OC(n2cc(C)c(=O)[nH]c2=O)CC1O
259100,CN(C)CCCn1c2ccc(O)cc2c2c3c(c4c5cc(O)ccc5[nH]c4c21)C(=O)NC3
1000043,COc1ccc(CC(=O)Nc2cc(Cl)ccc2C(=O)O)cc1
259101,COc1ccc2c(c1)c1c3c(c4c5ccccc5n(C)c4c1n2CC(O)CN(C)C)C(=O)NC3=O
259148,CN(C)CCCn1c2ccccc2c2c3c(c4c5ccccc5n(C)c4c21)C(=O)NC3
259059,COc1ccc2[nH]c3c(c4c(c5c6cc(OC)ccc6n(CCCN(C)C)c35)CNC4=O)c2c1
264005,N=C(N)c1ccc(CNC(=O)CNC(=O)[C@@H](CO)NS(=O)(=O)Cc2ccccc2)cc1
1018524,COc1cccc(Cn2c(Oc3ccccc3)nc3c2c(=O)n(C)c(=O)n3C)c1
17037,Oc1[nH]c(Nc2ccc3c(c2)CCC3)nc2ncnc1-2
267651,COCCCNc1nccc(-c2[nH]c([C@H]3OC[C@](C)(C(=O)N4CCOCC4)CO3)nc2-c2ccc(F)cc2)n1
72873,C/C=C/C[C@@H](C)[C@@H](O)[C@H]1C(=O)N[C@@H](CC)C(=O)N(C)CC(=O)N(C)[C@@H](CC(C)C)C(=O)N[C@@H](C(C)C)C(=O)N(C)[C@@H](CC(C)C)C(=O)N[C@@H](C)C(=O)N[C@H](C)C(=O)N(C)[C@@H](CC(C)C)C(=O)N(C)[C@@H](CC(C)C)C(=O)N(C)[C@@H](C(C)C)C(=O)N1C
17128,CCc1cc(Nc2nc(O)c3[nH]cnc3n2)ccc1C
267930,C[C@]1(C(=O)N2CCOCC2)CO[C@H](c2nc(-c3ccc(F)cc3)c(-c3ccnc(NC4CC4)n3)[nH]2)OC1
1037471,Cc1nc(N)sc1-c1csc(Nc2cccc(O)c2)n1
1037712,Cn1cnc2c(F)c(Nc3ccc(Br)cc3Cl)c(C(=O)NOCCO)cc21
1038648,CSC1=NC(=Nc2c(C)cccc2C)C2(CCC(C(C)(C)C)CC2)N1c1ccc(Cl)cc1
1039738,N=c1n(CCN2CCCCC2)c2ccccc2n1CC(=O)c1ccc(Cl)c(Cl)c1
1041977,CCOc1cc(CNC(C)C(O)c2ccccc2)cc(Cl)c1OCC
1042012,CC(=O)Nc1nc(C)c(-c2csc(Nc3cccc(C(C)=O)c3)n2)s1
16578,CCCCc1ccc(Nc2nc(O)c3[nH]cnc3n2)cc1
1044016,CC(=O)Nc1nc(C)c(-c2csc(Nc3ccc(O)cc3)n2)s1
1045079,C[n+]1c2ccccc2nc2ccc(NCCO)cc21
1045716,CCC(=O)Nc1nc(C)c(-c2csc(Nc3cccc(O)c3)n2)s1
1045979,Nc1nc(Nc2cccc(F)c2)nc2ccccc12
1046848,CCOc1c(Cl)cc(CNCC(O)c2ccccc2)cc1OC
1054002,Cc1cn(C/C=C/Cn2c(=O)n3c4c(cccc42)CC(N)C3)c(=O)[nH]c1=O
1054003,CC(=O)Nc1cc2c3c(c1)n(C/C=C/Cn1cc(C)c(=O)[nH]c1=O)c(=O)n3CCC2
1054004,CC(=O)NC1Cc2cccc3c2n(c(=O)n3C/C=C/Cn2cc(C)c(=O)[nH]c2=O)C1
1054005,Cc1cn(C/C=C/Cn2c(=O)n3c4c(cc(N)cc42)CCC3)c(=O)[nH]c1=O
1054006,Cc1cn(C/C=C/CN2c3cccc4c3N(CCC4)S2(=O)=O)c(=O)[nH]c1=O
1054007,O=c1[nH]c(=O)n(C/C=C/CN2c3cccc4c3N(CCC4)S2(=O)=O)cc1Br
1055811,Cc1cn(C/C=C/CN2C(=O)c3cccc4cccc2c34)c(=O)[nH]c1=O
1055812,Cc1cn(C/C=C/CN2c3cccc4cccc(c34)S2(=O)=O)c(=O)[nH]c1=O
1055813,Cc1cn(C/C=C/Cn2c(=O)n3c4c(cccc42)CCC3)c(=O)[nH]c1=O
102920,O=c1c(O)c(-c2cc(O)c(O)c(O)c2)oc2cc(O)cc(O)c12
1057095,OC[C@H]1O[C@@H](n2ccc3c(-c4cccc5c4oc4ccccc45)ncnc32)[C@H](O)[C@@H]1O
1063069,CC(C)(O)C(=O)N1CCN(c2ccc(C(F)(F)F)c(C3=C(c4c[nH]c5ccccc45)C(=O)NC3=O)c2)CC1
281720,Nc1ncnc2c1c(-c1ccc(O)cc1)cn2C1CCC1
281721,Nc1ncnc2c1c(-c1ccccc1)cn2C1CCC1
1075400,CCCCCCCCCCCCc1ccc(S(=O)(=O)Nc2nnc(CC(=O)O)s2)cc1
282601,CN(C)c1ccc(-c2cc(-c3cccc(C(F)(F)F)c3)c3c(N)ncnc3n2)cc1
1072613,c1cnc2nc(-c3ccc4[nH]ncc4c3)c(NC3CCCCC3)n2c1
281926,Nc1ncnc2c1c(-c1ccccc1)cn2C1CC(O)C1
281927,Nc1ncnc2c1c(-c1ccccc1)cn2C1CCC(O)C1
282436,O=C(OCCc1ccccc1)c1cc(NCc2cc(O)ccc2O)ccc1O
281827,COc1cccc(-c2cn(C3CCCC3)c3ncnc(N)c23)c1
282215,Nc1ncnc2c1c(-c1ccc(O)cc1)cn2[C@H]1CN[C@@H](CO)C1
1075382,CCCCCCCCCC(=O)Nc1ccc(S(=O)(=O)Nc2nnc(C)s2)cc1
1075383,CCCCCCCCCC(=O)Nc1ccc(S(=O)(=O)Nc2nnc(CC)s2)cc1
1075384,CCCCCCCCCC(=O)Nc1ccc(S(=O)(=O)Nc2nnc(C(C)(C)C)s2)cc1
1075385,CCCCCCCCCC(=O)Nc1ccc(S(=O)(=O)Nc2nnc(CC(=O)O)s2)cc1
1075386,CCCCCCCCCC(=O)Nc1ccc(S(=O)(=O)Nc2nnc(CC(=O)OCC)s2)cc1
1075387,CCCCCCCCCC(=O)Nc1ccc(S(=O)(=O)Nc2nnc(C(=O)OCC)s2)cc1
1075388,CCCCCCCCCC(=O)Nc1ccc(S(=O)(=O)Nc2nnc(CO)s2)cc1
1075389,CCCCCCCCCC(=O)Nc1ccc(S(=O)(=O)Nc2nnc(S(N)(=O)=O)s2)cc1
1075390,CCCCc1ccc(S(=O)(=O)Nc2nncs2)cc1
1075391,CCCCCCc1ccc(S(=O)(=O)Nc2nncs2)cc1
1075392,CCCCCCCCc1ccc(S(=O)(=O)Nc2nncs2)cc1
1075394,CCCCCCCCCCCCCCc1ccc(S(=O)(=O)Nc2nncs2)cc1
1075395,CCCCCCCCCCCCCCCCc1ccc(S(=O)(=O)Nc2nncs2)cc1
1075396,CCCCCCCCCCCCCCCCCCc1ccc(S(=O)(=O)Nc2nncs2)cc1
1075397,CCCCCCCCCCCCc1ccc(S(=O)(=O)Nc2nnc(C)s2)cc1
1075398,CCCCCCCCCCCCc1ccc(S(=O)(=O)Nc2nnc(CC)s2)cc1
1075399,CCCCCCCCCCCCc1ccc(S(=O)(=O)Nc2nnc(C(C)(C)C)s2)cc1
1075401,CCCCCCCCCCCCc1ccc(S(=O)(=O)Nc2nnc(CC(=O)OCC)s2)cc1
1075402,CCCCCCCCCCCCc1ccc(S(=O)(=O)Nc2nnc(C(=O)OCC)s2)cc1
1075403,CCCCCCCCCCCCc1ccc(S(=O)(=O)Nc2nnc(CO)s2)cc1
1075404,CCCCCCCCCCCCc1ccc(S(=O)(=O)Nc2nnc(S(N)(=O)=O)s2)cc1
1075405,O=S(=O)(Nc1nncs1)c1ccc(-c2ccccc2)cc1
1075406,CCc1nnc(NS(=O)(=O)c2ccc(-c3ccccc3)cc2)s1
1075407,O=S(=O)(Nc1nnc(CO)s1)c1ccc(-c2ccccc2)cc1
1075409,CCCCCCCCCCCCc1ccc(S(=O)(=O)Nc2ccccc2)cc1
1075410,CCCCCCCCCCCCc1ccccc1S(=O)(=O)Nc1nncs1
1075411,CCCCCCCCCCCCc1cccc(S(=O)(=O)Nc2nncs2)c1
1075412,CCCCCCCCCCCCCCCC(=O)OC[C@H](COP(=O)(O)O[C@H]1[C@H](O)[C@@H](OP(=O)(O)O)[C@H](OP(=O)(O)O)[C@@H](OP(=O)(O)O)[C@H]1O)OC(=O)CCCCCCCCCCCCCCC
1075413,CCCCCCCCCCCCCCCCCCOC[C@H](COP(=O)(O)O[C@H]1[C@H](O)[C@@H](O)[C@H](O)C[C@H]1O)OC
282435,O=C(OCCCc1ccccc1)c1cc(NCc2cc(O)ccc2O)ccc1O
282315,COc1cccc(-c2cn(C3CC(CNCCO)C3)c3ncnc(N)c23)c1
281542,COc1ccc(CC(CO)n2cc(-c3cccc(OC)c3)c3c(N)ncnc32)cc1
283209,CC(c1ccccc1Br)c1cc(-c2ccc(N3CCOCC3)nc2)nc2ncnc(N)c12
282752,COc1cccc(-c2cn(C3CCN(C(=O)OC(C)(C)C)C3)c3ncnc(N)c23)c1
282244,COc1cccc(-c2cn(C3CCN(CCN(C)CCO)CC3)c3ncnc(N)c23)c1
282728,CCC(CC)c1cc(-c2ccc(N3CCOCC3)nc2)nc2ncnc(N)c12
282897,CC(C)(C)OC(=O)N1CCC(n2cc(-c3cccc(O)c3)c3c(N)ncnc32)C1
283175,CC(C)(C)OC(=O)N1C[C@@H](n2cc(-c3ccc(O)cc3)c3c(N)ncnc32)C[C@@H]1CO
282626,COc1cccc(-c2cn(C3CCN(CC(N)=O)CC3)c3ncnc(N)c23)c1
282627,COC(=O)CN1CCC(n2cc(-c3cccc(OC)c3)c3c(N)ncnc32)CC1
282184,COc1ccc(-c2cn(C3CCC3)c3ncnc(N)c23)cc1
282678,Nc1ncnc2nc(-c3ccc(N4CCOCC4)nc3)cc(C3CCOCC3)c12
282662,COc1cccc(-c2cn(C3CCN(CCO)CC3)c3ncnc(N)c23)c1
282391,Cc1cc(-c2ccc(N(C)C)cc2)nc2ncnc(N)c12
283245,C=CC(C)(C)c1cc(-c2ccc(N3CCOCC3)nc2)nc2ncnc(N)c12
283278,CC1CCCC(c2cc(-c3ccc(N4CCOCC4)nc3)nc3ncnc(N)c23)C1C
281860,Nc1ncnc2c1c(-c1cccc(O)c1)cn2C1CCCC1
283241,Nc1ncnc2nc(-c3ccc(N4CCOCC4)nc3)cc(Cc3ccccc3Br)c12
281899,COc1ccc(CC(CO)n2cc(-c3cccc(O)c3)c3c(N)ncnc32)cc1
18575,O=C(/C=C/c1ccccn1)c1ccccc1
282567,COc1cccc(-c2cc(-c3ccc(N(C)C)cc3)nc3ncnc(N)c23)c1
282751,COc1cccc(-c2cn(C3CCNC3)c3ncnc(N)c23)c1
281861,Nc1ncnc2c1c(-c1ccc(O)cc1)cn2C1CCCC1
18397,O=C1NCc2c1c1c3ccccc3[nH]c1c1[nH]c3ccccc3c21
283153,Nc1ncnc2nc(-c3ccc(N4CCOCC4)nc3)cc(-c3ccc(Br)cc3)c12
282345,Nc1ncnc2c1c(-c1ccccc1)cn2-c1ccccc1
282629,Nc1ncnc2c1c(-c1cccc(O)c1)cn2C1CCN(CCO)CC1
1078761,CC1(c2ccc(C(=O)Nc3cc(Cl)ccc3C(=O)O)cc2)CC1
1078854,O=c1c2ccccc2sn1-c1cccc(Cl)c1
1079040,O=C(Nc1cc(Cl)ccc1C(=O)O)c1ccc(C(F)(F)F)cc1
1079192,COc1ccc(C(=O)Nc2cc(Cl)ccc2S(N)(=O)=O)cc1
1079770,O=c1c2cc(F)ccc2sn1-c1ccccc1Cl
282389,CCCCc1cc(-c2ccc(N(C)C)cc2)nc2ncnc(N)c12
282390,CN(C)c1ccc(-c2cc(C3CC3)c3c(N)ncnc3n2)cc1
282595,CN(C)C(=O)CN1CCC(n2cc(-c3cccc(O)c3)c3c(N)ncnc32)CC1
1080086,O=c1c2ccccc2sn1-c1ccc(Cl)cc1Cl
282674,CCOC(=O)C[C@H]1C[C@@H](n2cc(-c3ccc(O)cc3)c3c(N)ncnc32)CN1
1080299,CC(C)(C)c1ccc(C(=O)Nc2cc(Cl)ccc2O)cc1
1080443,O=C(Nc1cc(Cl)ccc1C(=O)O)c1ccccc1
1081086,c1cc2[nH]c3c(c2c2nonc12)CCCC3
1081094,CN(Cc1ccccc1)C(=O)Cn1sc2ccccc2c1=O
1081546,COc1ccc(C(=O)Nc2ccc(Cl)cc2C(=O)O)cc1
1081747,Cc1cccc(C(=O)Nc2cc(Cl)ccc2C(=O)O)c1
1081752,O=c1c2ccc([N+](=O)[O-])cc2sn1-c1ccccc1
1081968,Cc1ccc(C(=O)Nc2cc(Cl)ccc2C(=O)O)cc1
1082577,O=c1c2cc(F)ccc2sn1-c1ccc(Cl)cc1
1082642,COc1ccc(C(=O)Nc2ccccc2C(=O)O)cc1
1082937,O=C(Cn1sc2ccccc2c1=O)Nc1ccc(C(F)(F)F)cc1
1083103,CC(C)(C)c1ccc(C(=O)Nc2cc(Cl)c(Br)cc2C(=O)O)cc1
286981,O=C(NCCO)Nc1nc2cc(C(=O)c3ccccc3)ccc2[nH]1
1083442,N#Cc1ccc2sn(-c3ccccc3)c(=O)c2c1
1083524,Cc1ccc(C(=O)Nc2cc(Cl)ccc2C(=O)O)cc1C
1083712,O=c1c2ccccc2sn1-c1ccccc1F
1083920,O=c1c2cc([N+](=O)[O-])ccc2sn1-c1ccccc1
1083931,O=c1c2ccc(F)cc2sn1-c1ccccc1
1084228,O=C(Nc1ccccc1)n1sc2ccccc2c1=O
1084234,N#Cc1ccc2c(=O)n(-c3ccccc3)sc2c1
1084424,O=C(Cn1sc2ccccc2c1=O)NCc1ccccc1
1084517,O=C(Cn1sc2ccccc2c1=O)N1CCCCC1
1084546,COc1ccc(C(=O)Nc2cc(-c3ccccc3)ccc2C(=O)O)cc1
1084562,O=C(Cn1sc2cc(F)ccc2c1=O)Nc1ccccc1
1084655,COc1ccc(C(=O)Nc2cc(I)ccc2C(=O)O)cc1
1084708,CCOC(=O)c1ccncc1NC(=O)c1ccc(OC)cc1
1084774,COc1ccc(C(=O)Nc2cc(Cl)ccc2C#N)cc1
1084920,COc1ccc(C(=O)Nc2ccccc2-c2nn[nH]n2)cc1
1085013,CC(C(=O)Nc1ccccc1)n1sc2ccccc2c1=O
281510,Nc1ncnc2c1c(-c1ccccc1)cn2C(CO)Cc1ccc(O)cc1
1085216,COC(=O)c1ccc(Cl)cc1NS(=O)(=O)c1ccc(OC)cc1
1085731,O=C(Cn1sc2ccccc2c1=O)Nc1ccccc1Br
288751,CC(=O)O[C@@]12C[C@@H](C)[C@@]3(O)[C@@H](C=C(CO)C[C@]4(O)C(=O)C(C)=C[C@@H]34)[C@@H]1C2(C)C
1085938,O=C(Cn1sc2ccccc2c1=O)Nc1ccc(Cl)cc1
1086345,O=C(Nc1cc(Cl)ccc1C(=O)O)c1ccc2c(c1)CCC2
1086861,COc1ccc(C(=O)NC(CC(=O)O)c2ccc(Cl)cc2)cc1
1086990,O=C(Nc1ccccc1)c1cc(F)ccc1S
1087069,O=C(Cn1sc2ccccc2c1=O)Nc1cccc(Br)c1
1087074,COc1ccc(S(=O)(=O)Nc2cc(Cl)ccc2C(=O)O)cc1
1087279,CC(=O)Nc1ccc2c(=O)n(-c3ccccc3)sc2c1
1087802,O=C(O)c1ccc(Cl)cc1NC(=O)C1CCOCC1
281829,COc1ccc(-c2cn(C3CCCC3)c3ncnc(N)c23)cc1
1088289,COc1ccc(C(=O)N(C)c2cc(Cl)ccc2C(=O)O)cc1
1088297,COC(=O)c1cc(Cl)ccc1NC(=O)c1ccc(OC)cc1
1088407,CCOc1ccc(C(=O)Nc2cc(Cl)ccc2C(=O)O)cc1
1088606,C=C(C)c1ccc(C(=O)Nc2cc(Cl)ccc2C(=O)O)cc1
549367,Cl.Fc1ccc([C@@H]2CCNC[C@H]2COc2ccc3c(c2)OCO3)cc1
1088782,Cn1c2ccccc2c(=O)n1-c1ccccc1
1088799,O=C(Cn1sc2ccccc2c1=O)Nc1ccccc1I
1088801,CN(C)c1ccc(NC(=O)Cn2sc3ccccc3c2=O)cc1
1089069,O=c1c2ccccc2[s+]([O-])n1-c1cccc(F)c1
1089309,O=C(Cn1sc2ccccc2c1=O)Nc1ccccc1F
1089480,O=c1c2ccc(F)cc2sn1Cc1ccccc1
1089534,COc1ccc(C(=O)Nc2cc(Cl)ccc2-c2nnn[nH]2)cc1
1089615,CC(C)(C)c1ccc(C(=O)Nc2c(C(=O)O)ccc(Cl)c2Cl)cc1
1089620,COc1ccc(C(=O)Nc2c(C(=O)O)ccc(Cl)c2Cl)cc1
282891,Nc1ncnc2nc(-c3ccc(N4CCOCC4)nc3)cc(-c3cccnc3)c12
1090150,O=C(Cn1sc2ccccc2c1=O)Nc1ccc(F)cc1
1090216,O=C(Nc1cc(Cl)ccc1C(=O)O)c1ccc2ccccc2c1
283129,CN(C)c1ccc(-c2cc(-c3cccc(Cl)c3)c3c(N)ncnc3n2)cc1
1090439,COc1ccc(C(=O)Nc2cc(Cl)ccc2[N+](=O)[O-])cc1
1090637,O=C(Cn1sc2ccccc2c1=O)Nc1ccccc1
282604,CC(C)CCCC(C)CCOC(=O)c1cc(NCc2cc(O)ccc2O)ccc1O
1090778,Cn1sc2ccccc2c1=O
282398,CN(C)c1ccc(-c2cc(-c3cccc(C(N)=O)c3)c3c(N)ncnc3n2)cc1
1090857,COc1ccc(C(=O)Nc2cc(Cl)c(Br)cc2C(=O)O)cc1
1091068,O=C(Cn1sc2ccccc2c1=O)Nc1ccccc1Cl
1091208,N#Cc1ccc(NC(=O)Cn2sc3ccccc3c2=O)cc1
1091393,CC(C)(C)c1ccc(C(=O)Nc2cc(Br)ccc2C(=O)O)cc1
1091403,COc1ccc(C(=O)Nc2cc(OC)ccc2C(=O)O)cc1
1091427,O=C(Cn1sc2ccccc2c1=O)Nc1cccc(C(F)(F)F)c1
1091456,CC(C)Cc1ccc(C(=O)Nc2cc(Cl)ccc2C(=O)O)cc1
1091529,CC(=O)Nc1ccc2sn(-c3ccccc3)c(=O)c2c1
1091962,O=C(Nc1cc(Cl)ccc1C(=O)O)c1ccc2c(c1)OCO2
1092134,O=c1c2ccc(Br)cc2sn1-c1ccccc1
1092349,COc1ccc(C(=O)Nc2cc(Br)ccc2C(=O)O)cc1
289632,CC(C)[C@H](NC(=O)[C@H](CC(N)=O)NC(=O)[C@@H](N)CO)C(=O)N[C@@H](Cc1ccccc1)C(=O)N[C@@H](C)C(=O)OCCCCc1ccccc1
1092650,COc1cccc(-n2sc3ccccc3c2=O)c1
1093083,COc1ccc(C(=O)Nc2cc(Cl)ccc2C(=O)O)cn1
1093145,COc1ccc(C(=O)Nc2cc(Cl)ccc2O)cc1
1093162,O=c1c2cc(N3CCOCC3)ccc2sn1-c1ccccc1
1093171,O=c1c2cc(F)c(F)cc2sn1-c1ccccc1
1093249,CN(C)c1ccc(C(=O)Nc2cc(Cl)ccc2C(=O)O)cc1
282481,COc1ccc(CC(CO)n2cc(-c3ccccc3)c3c(N)ncnc32)cc1
1093716,O=C(Cn1sc2ccccc2c1=O)Nc1cccc(F)c1
282482,Nc1ncnc2c1c(-c1ccccc1)cn2C(CO)Cc1ccccc1
1093903,O=C(Nc1cc(Cl)ccc1C(=O)O)c1ccc(-c2ccccc2)cc1
1094520,CC(=O)Nc1cc(Cl)ccc1C(=O)O
1094835,CC(C)(C)c1ccc(C(=O)Nc2cc(Cl)c(Cl)cc2C(=O)O)cc1
1095382,Cc1ccc(C(=O)Nc2cc(Cl)ccc2C(=O)O)c(C)c1
1095384,COc1ccc(C(=O)Nc2cc(C)ccc2C(=O)O)cc1
1095823,O=C(O)c1ccccc1NC(=O)c1ccccc1C(=O)O
1096075,COc1ccc(C(=O)Nc2cc(F)ccc2C(=O)O)cc1
282862,Nc1ncnc2c1c(-c1cccc(O)c1)cn2C1CCNC1
1096245,COc1ccc(C(=O)O)c(NC(=O)c2ccc(Cl)cc2)c1
1096271,O=c1c(Br)csn1-c1ccc(Br)cc1
282614,Nc1ncnc2nc(-c3ccc(N4CCOCC4)nc3)ccc12
1096647,CC(C)(C)c1ccc(C(=O)N2CCC(=O)c3ccc(Cl)cc32)cc1
1096663,CN(C)c1cccc(NC(=O)Cn2sc3ccccc3c2=O)c1
1097102,O=c1c2cc(Br)ccc2sn1-c1ccccc1
1097390,COc1ccc(C(=O)NC(CC(=O)O)c2cccc(Cl)c2)cc1
1098004,COc1ccccc1C(=O)Nc1cc(Cl)ccc1C(=O)O
1098151,Cc1ccc(-n2sc3cc(F)ccc3c2=O)c(C)c1
1098521,O=C(Nc1cc(Cl)ccc1C(=O)O)c1ccc(-c2cccs2)cc1
1098699,O=C(Nc1cc(Cl)ccc1C(=O)O)c1ccc(C2CC2)cc1
1098916,O=C(Nc1cc(Cl)ccc1C(=O)O)c1ccc(Cc2ccccc2)cc1
1098977,O=c1s[nH]c2ccccc12
1099056,O=c1c2ccccc2[s+]([O-])n1-c1ccc(Cl)cc1
1099269,O=C1c2cccc(Br)c2SCN1c1ccccc1
1099658,CC(C)(C)c1ccc(C(=O)Nc2cc(Cl)ccc2C(=O)O)cc1
1099693,CCCc1ccc(C(=O)Nc2cc(Cl)ccc2C(=O)O)cc1
1099718,CCc1ccc(C(=O)Nc2cc(Br)ccc2C(=O)O)cc1
1099934,CCc1ccc(C(=O)Nc2cc(Cl)ccc2C(=O)O)cc1
1100061,COc1cc2ncnc(Nc3ccc(OC(F)(F)F)cc3)c2cc1OC
290020,CC(C)[C@H](NC(=O)[C@H](CC(N)=O)NC(=O)[C@@H](N)CO)C(=O)N[C@H](C(=O)N[C@@H](C)C(=O)OCc1ccccc1)C(c1ccccc1)c1ccccc1
1100601,COc1ccc2c(c1)CN(c1cc(Cl)ccc1C(=O)O)C2=O
1100859,Cc1ccc(NC(=O)Cn2sc3ccccc3c2=O)cc1
290120,CC(C)[C@H](NC(=O)[C@H](CC(N)=O)NC(=O)[C@@H](N)CO)C(=O)N[C@@H](Cc1c[nH]c2ccccc12)C(=O)N[C@@H](C)C(=O)OCc1ccccc1
1101382,O=C(Nc1cc(Cl)ccc1C(=O)O)c1ccoc1
1101622,CC(C)(C)c1ccc(C(=O)Nc2cc(Cl)c(F)cc2C(=O)O)cc1
1101712,O=C(Nc1cc(Cl)ccc1C(=O)O)c1ccncc1
1101775,O=C(Nc1cc(Cl)ccc1C(=O)O)c1ccc(OC(F)(F)F)cc1
1101866,O=C(NCc1ccccc1)n1sc2ccccc2c1=O
1102319,COc1ccc2c(=O)n(-c3ccccc3)sc2c1
1102542,O=c1c2ccccc2on1-c1ccccc1
1102616,Cc1[nH]c(/C=C2\C(=O)Nc3ccc(F)cc32)c(C)c1C(=O)NC[C@H](O)CN1CCOCC1
1102679,COc1ccc(NC(=O)c2ccc(Cl)cc2C(=O)O)cc1
1102978,CC(C)(C)c1ccc(C(=O)Nc2cc(Cl)ccc2-c2nnn[nH]2)cc1
1102996,COc1ccc(NC(=O)Nc2ccccc2C(=O)O)cc1
1103048,O=C(Cn1sc2ccccc2c1=O)Nc1cccc(I)c1
1103423,COc1ccccc1-n1sc2ccccc2c1=O
1103427,COc1ccc(C(=O)NC(CC(=O)[O-])c2ccccc2)cc1.[Na+]
1103604,CCCCCCC(=O)Nc1cc(Cl)ccc1C(=O)O
1103654,O=C(O)c1ccc(Cl)cc1NC(=O)N1CCOCC1
1103795,O=C(CCn1sc2ccccc2c1=O)Nc1ccccc1
292241,CC(C)[C@H](NC(=O)[C@H](CC(N)=O)NC(=O)[C@@H](N)CO)C(=O)N[C@@H](Cc1ccccc1)C(=O)N[C@H](C)C(=O)OCc1ccccc1
292242,CC(C)[C@H](NC(=O)[C@H](CC(N)=O)NC(=O)[C@@H](N)CO)C(=O)N[C@H](Cc1ccccc1)C(=O)N[C@@H](C)C(=O)OCc1ccccc1
1104080,COc1ccc(C(=O)Nc2cccc(Cl)c2)cc1
1104118,COc1cccc(C(=O)Nc2cc(Cl)ccc2C(=O)O)c1
282585,CN(C)c1ccc(-c2cc(-c3cccc(C#N)c3)c3c(N)ncnc3n2)cc1
1104314,O=C(Nc1cc(Cl)ccc1C(=O)O)c1cocn1
1104327,CCOC(=O)Cn1sc2ccccc2c1=O
1104338,O=C(Cn1sc2ccccc2c1=O)Nc1ccc(Br)cc1
1104386,COc1cccc(NC(=O)Cn2sc3ccccc3c2=O)c1
1104603,COc1ccc(NC(=O)c2ccccc2SCc2ccccc2)cc1
1104661,CC(C)c1cccc(C(=O)Nc2cc(Cl)ccc2C(=O)O)c1
1104965,CC(C)c1ccc(C(=O)Nc2cc(Cl)ccc2C(=O)O)cc1
1105655,O=C(Nc1cc(Cl)ccc1C(=O)O)c1ccsc1
1105758,O=C(Cn1sc2ccccc2c1=O)Nc1ccc(I)cc1
1105773,COc1cccc(CC(=O)Nc2cc(Cl)ccc2C(=O)O)c1
282582,COCCNCCN1CCC(n2cc(-c3cccc(OC)c3)c3c(N)ncnc32)CC1
1105898,COc1ccc(C(=O)Nc2cc(Cl)c(C)cc2C(=O)O)cc1
1105959,COc1ccccc1NC(=O)Cn1sc2ccccc2c1=O
1105972,COc1cc(C(=O)Nc2cc(Cl)ccc2C(=O)O)cc(OC)c1OC
1106010,Oc1c2ccccc2c2c3c(cccc13)N=N2
292170,CC(C)C[C@H](NC(=O)[C@H](CC(N)=O)NC(=O)[C@@H](N)CO)C(=O)N[C@@H](Cc1ccccc1)C(=O)N[C@@H](C)C(=O)OCc1ccccc1
282859,Nc1ncnc2c1c(-c1ccc(O)cc1)cn2[C@@H]1CN[C@@H](CO)C1
1106637,COc1ccc(NC(=O)Cn2sc3ccccc3c2=O)cc1
1107323,O=c1c2cc(C(F)(F)F)ccc2sn1-c1ccccc1
1107515,O=C(Cn1sc2ccccc2c1=O)NC1CCCCC1
290018,CC(C)[C@H](NC(=O)[C@H](CC(N)=O)NC(=O)[C@@H](N)CO)C(=O)N[C@@H](Cc1cc(I)c(O)c(I)c1)C(=O)N[C@@H](C)C(=O)OCc1ccccc1
1108282,Cc1ccccc1N1Cc2ccccc2C1=O
1108601,O=C(Nc1cc(Cl)ccc1C(=O)O)c1ccc(Cl)cc1
291038,CC(C)[C@H](NC(=O)[C@H](CC(N)=O)NC(=O)[C@@H](N)CO)C(=O)N[C@@H](Cc1cccc2ccccc12)C(=O)N[C@@H](C)C(=O)OCc1ccccc1
1109330,COc1ccc(C(=O)NC(C(=O)O)c2ccccc2)cc1
1109482,O=C(c1ccccc1)n1sc2ccccc2c1=O
1109586,COc1ccc(N2C(=O)c3ccc(Cl)cc3C2=O)cc1
1109694,O=C1CCN(C(=O)Nc2cc(Cl)ccc2C(=O)O)CC1
290729,COc1cccc(-c2cn(-c3ccccc3)c3ncnc(N)c23)c1
1110569,COc1ccc(Nc2cc(Cl)ccc2C(=O)O)cc1
1110592,CCCCCCCC(=O)Nc1cc(Cl)ccc1C(=O)O
1110696,O=c1c2ccccc2sn1-c1ccccc1Cl
1110739,COc1ccc(C(=O)Nc2cc(C(=O)O)ccc2Cl)cc1
1110847,O=c1c2c(Br)cccc2sn1-c1ccccc1
1111050,Cc1ccccc1NC(=O)Cn1sc2ccccc2c1=O
1111162,O=C(Cn1sc2ccccc2c1=O)Nc1ccccc1C(F)(F)F
1111703,CCc1ccc(C(=O)Nc2cc(Cl)ccc2C(=O)OC)cc1
289633,CC(C)[C@H](NC(=O)[C@H](CC(N)=O)NC(=O)[C@@H](N)CO)C(=O)N[C@@H](Cc1ccccc1)C(=O)N[C@@H](C)C(=O)OCCc1ccccc1
1112245,N#Cc1ccccc1NC(=O)Cn1sc2ccccc2c1=O
289971,CC(C)[C@H](NC(=O)[C@H](CC(N)=O)NC(=O)[C@@H](N)CO)C(=O)N[C@@H](CC1CCCCC1)C(=O)N[C@@H](C)C(=O)OCc1ccccc1
1112803,COc1ccc(C(=O)N2CCC(=O)c3ccc(Cl)cc32)cc1
1112868,Cn1sc(=O)c2ccccc21
1113788,O=C(Cn1sc2ccccc2c1=O)N1CCOCC1
1114174,O=c1c2cc(Br)ccc2[s+]([O-])n1-c1ccccc1
1114791,COc1ccc(C(=O)Nc2cc(C(F)(F)F)ccc2C(=O)O)cc1
288320,N=C(N)NCCn1cnc2c(N)ncnc21
290463,Nc1ncnc2c1c(-c1ccccc1)cn2-c1ccc(CNCCO)cc1
1115394,CCCCCC(=O)Nc1cc(Cl)ccc1C(=O)O
290471,O=c1[nH]cnc2c1c(-c1ccccc1)cn2-c1ccccc1
1115472,COc1ccc(C(=O)Nc2cnccc2C(=O)O)cc1
289405,Nc1ncnc2c1c(-c1ccccc1)cn2-c1cccc(CO)c1
1115679,O=C(O)c1ccc(Cl)cc1NC(=O)c1coc2ccccc12
1116203,COc1ccc(C(=O)Nc2cc(Cl)ccc2C(=O)O)cc1OC
1116605,COc1ccc2sn(-c3ccccc3)c(=O)c2c1
1117020,O=c1c2ccccc2sn1-c1cccc(F)c1
290017,CC(C)[C@H](NC(=O)[C@H](CC(N)=O)NC(=O)[C@@H](N)CO)C(=O)N[C@@H](Cc1ccccc1)C(=O)N[C@@H](CO)C(=O)OCc1ccccc1
1117232,COc1ccc(C(=O)Nc2cc(F)cc(F)c2O)cc1
293059,CC(C)[C@H](NC(=O)[C@H](CC(N)=O)NC(=O)[C@H](CO)NC(=O)[C@@H](N)[C@@H](C)O)C(=O)N[C@@H](Cc1ccccc1)C(=O)N[C@@H](C)C(=O)OCc1ccccc1
293503,CC(C)[C@H](NC(=O)[C@H](CC(N)=O)NC(=O)[C@@H](N)CO)C(=O)N[C@H](/C=C/C=C/c1ccccc1)Cc1ccccc1
1117924,Cn1c(CNc2cccc(C(=O)NCc3ccccc3C(F)(F)F)c2)nnc1-c1ccncc1
1117925,CCCn1c(CNc2cccc(C(=O)NCc3c(F)cccc3F)c2)nnc1-c1ccncn1
1118037,OC(CNCC1CCCO1)Cn1c2ccc(Cl)cc2c2cc(Cl)ccc21
288195,N=C(N)NCCOCCn1cnc2c(N)ncnc21
289913,O=C1C(c2c(O)[nH]c3ccc([N+](=O)[O-])cc23)=Nc2ccccc21
1119752,COc1ccc2nc(C)cc(Nc3ccccc3O)c2c1
292818,CC(C)[C@H](NC(=O)[C@H](CC(N)=O)NC(=O)[C@@H](N)CO)C(=O)N[C@H](/C=C\[C@@H](C)COCc1ccccc1)Cc1ccccc1
1123091,COc1ccc(/C=C2/SC(=Nc3ccccc3)NC2=O)cc1
292347,Cc1ccccc1-c1cn(-c2ccccc2)c2ncnc(N)c12
293061,CC(C)[C@H](NC(=O)[C@H](CC(N)=O)NC(=O)[C@@H](N)CO)C(=O)N[C@@H](Cc1ccccc1)C(=O)N[C@@H](C)C(=O)OCc1ccccc1
295075,CC(C)[C@H](NC(=O)[C@H](CC(N)=O)NC(=O)[C@H](N)CO)C(=O)N[C@@H](Cc1ccccc1)C(=O)N[C@@H](C)C(=O)OCc1ccccc1
292777,COc1cccc(-c2cn(-c3ccc(CC(=O)NCCO)cc3)c3ncnc(N)c23)c1
295183,CC(C)[C@H](NC(=O)[C@@H](NC(=O)[C@@H](N)CO)C(C)C)C(=O)N[C@@H](Cc1ccccc1)C(=O)N[C@@H](C)C(=O)OCc1ccccc1
1138838,Cn1cc(-c2ccc3cnc(Nc4ccc(-n5cnc(N6CCOCC6)n5)cc4)nc3c2)cn1
1139215,COc1cc2ncnc(Nc3ccc(NC(C)=O)cc3)c2cc1OC
290728,Nc1ncnc2c1c(-c1cccc(Cl)c1)cn2-c1ccccc1
290634,Nc1ncnc2c1c(-c1ccccc1)cn2-c1ccccc1CNCCO
291250,Nc1ncnc2c1c(-c1ccccc1)cn2-c1cccc(CNCCO)c1
292354,COc1ccc(-c2cn(-c3ccccc3)c3ncnc(N)c23)cc1
294574,CCc1cn([C@H]2C[C@H](O)[C@@H](CNC(=O)C3c4ccccc4-c4ccccc43)O2)c(=O)[nH]c1=O
290801,COc1cccc(-c2cn(-c3cccc(CO)c3)c3ncnc(N)c23)c1
292028,CC(C)[C@H](NC(=O)[C@H](CC(N)=O)NC(=O)[C@@H](N)CO)C(=O)N[C@H](CCCCc1ccccc1)Cc1ccccc1
1145602,CCCCCCCCCCCCCCNC(=O)C1(C(=N)N)CC1.Cl
1145603,CCCCCCCCCCCCCCCCNC(=O)C1(C(=N)N)CC1.Cl
1145604,CCCCCCCCCCCCCCCCCCNC(=O)C1(C(=N)N)CC1.Cl
1145605,Cl.N=C(N)C1(C(=O)Nc2ccc(CCCCCCCOCc3ccccc3)cc2)CC1
1145606,Cl.N=C(N)C1(C(=O)Nc2ccc(CCCCCCCCCc3ccccc3)cc2)CC1
1145607,Cl.N=C(N)C1(C(=O)Nc2ccc(CCCCCCCCc3ccccc3)cc2)CC1
1145608,Cl.N=C(N)C1(C(=O)Nc2ccc(CCCCCCOCC3CCCCC3)cc2)CC1
1145609,Cl.N=C(N)C1(C(=O)Nc2ccc(CCCCCCCOCC3CCCCC3)cc2)CC1
1145610,Cl.N=C(N)C1(C(=O)Nc2ccc(CCCCCCCCOCC3CCCCC3)cc2)CC1
1145611,Cl.N=C(N)C1(C(=O)Nc2ccc(CCCCCCCOCC34CC5CC(CC(C5)C3)C4)cc2)CC1
1145612,Cl.N=C(N)C1(C(=O)NCCCCCCCCCCOCC2CCCCC2)CC1
1145613,Cl.N=C(N)C1(C(=O)NCCCCCCCCCCOCC2CCCC2)CC1
1145614,Cl.N=C(N)C1(NC(=O)c2ccc(CCCCCCCOCC3CCCCC3)cc2)CC1
1145615,Cl.N=C(N)C1(NC(=O)c2ccc(CCCCCCCOCC3CCCC3)cc2)CC1
1145616,CCCCOCCCCCCCc1ccc(C(=O)NC2(C(=N)N)CC2)cc1.Cl
1145617,CCCCCCCCCCCOc1ccc(C(=O)NC2(C(=N)N)CC2)cc1.Cl
1145618,Cl.N=C(N)C1(NC(=O)CCCCCCCCCCOCC2CCCCC2)CC1
1145619,CCCCCCCCCCCCc1ccc(C(=O)NC2(C(=N)N)CCC2)cc1.Cl
1145620,CCCCCCCCCCCCc1ccc(C(=O)N2CCC[C@H]2C(=N)N)cc1.Cl
1145621,CCCCCCCCCCCCc1ccc(C(=O)N2CCC[C@@H]2C(=N)N)cc1.Cl
1145622,Cl.N=C(N)[C@@H]1CCCN1C(=O)c1ccc(CCCCCCCOCC2CCCCC2)cc1
1145623,Cl.N=C(N)[C@@H]1CCCN1C(=O)c1ccc(CCCCCCCCCC2CCCCC2)cc1
1145634,Cl.N=C(N)[C@@H]1CCCN1C(=O)CCCCCCCCCCOCC1CCCCC1
1145635,Cl.N=C(N)[C@@H]1CCCN1C(=O)c1ccc(-c2nc(-c3cccc(CCC4CCCCC4)c3)c[nH]2)cc1
1145636,Cl.N=C(N)[C@@H]1CCCN1C(=O)c1ccc(-c2nc(-c3cccc(CCC4CCCCC4)c3)co2)cc1
1145637,Cl.N=C(N)[C@@H]1CCCN1C(=O)c1ccc(-c2nc(-c3cccc(CCC4CCCCC4)c3)cs2)cc1
298290,Brc1c(Br)c(Br)c2[nH]nnc2c1Br
292881,Nc1nc2[nH]c(S)nc2c(=O)[nH]1
295272,O=C1NCc2nc(Sc3ccc(F)cc3F)c(N3CC4CCC3C4)cc2N1c1c(Cl)cccc1Cl
1151700,Cc1cc(-c2nn(C(C)C)c3ncnc(N)c23)ccc1F
1148822,O=C1Cc2c([nH]c3ccncc23)-c2ccccc2N1
1148823,O=C1Cc2c([nH]c3cc[n+](Cc4ccccc4)cc23)-c2ccccc2N1.[Br-]
1148824,O=C1Cc2c([nH]c3cc[n+]([O-])cc23)-c2ccccc2N1
299423,COc1cc2nccc(Oc3ccc(NC(=O)Nc4ccc(F)cc4F)c(F)c3)c2cc1OC
1151641,Cn1nc(Cc2cccc3ccccc23)c2c(N)ncnc21
1151642,C#CCn1nc(Cc2cccc3ccccc23)c2c(N)ncnc21
1151643,NC(=O)Cn1nc(Cc2cccc3ccccc23)c2c(N)ncnc21
1151644,Nc1ncnc2c1c(Cc1cccc3ccccc13)nn2Cc1ccccc1
1151645,Nc1ncnc2c1c(Cc1cccc3ccccc13)nn2C1CCCCC1
1151646,Nc1ncnc2c1c(Cc1cccc3ccccc13)nn2C1CCNCC1
1151647,Nc1ncnc2c1c(Cc1cccc3ccccc13)nn2CCC1CCNCC1
1151648,CC(=O)N1CCC(n2nc(Cc3cccc4ccccc34)c3c(N)ncnc32)CC1
1151649,CC(=O)N1CCC(Cn2nc(Cc3cccc4ccccc34)c3c(N)ncnc32)CC1
1151650,CC(=O)N1CCC(CCn2nc(Cc3cccc4ccccc34)c3c(N)ncnc32)CC1
1151651,CCN1CCC(n2nc(Cc3cccc4ccccc34)c3c(N)ncnc32)CC1
1151652,CCN1CCC(Cn2nc(Cc3cccc4ccccc34)c3c(N)ncnc32)CC1
1151653,CCN1CCC(CCn2nc(Cc3cccc4ccccc34)c3c(N)ncnc32)CC1
1151654,CS(=O)(=O)N1CCC(n2nc(Cc3cccc4ccccc34)c3c(N)ncnc32)CC1
1151655,CS(=O)(=O)N1CCC(Cn2nc(Cc3cccc4ccccc34)c3c(N)ncnc32)CC1
1151656,CS(=O)(=O)N1CCC(CCn2nc(Cc3cccc4ccccc34)c3c(N)ncnc32)CC1
1151657,CC(C)n1nc(-c2ccc(Cl)cc2)c2c(N)ncnc21
1151693,CC(C)n1nc(-c2cccc(Cl)c2)c2c(N)ncnc21
1151694,CC(C)n1nc(-c2ccc(Cl)c(Cl)c2)c2c(N)ncnc21
1151695,CC(C)c1ccc(-c2nn(C(C)C)c3ncnc(N)c23)cc1
1151696,CC(C)c1cccc(-c2nn(C(C)C)c3ncnc(N)c23)c1
1151697,Cc1ccc(-c2nn(C(C)C)c3ncnc(N)c23)cc1
1151698,Cc1cccc(-c2nn(C(C)C)c3ncnc(N)c23)c1
1151699,Cc1ccc(-c2nn(C(C)C)c3ncnc(N)c23)cc1C
1151701,COc1ccc(-c2nn(C(C)C)c3ncnc(N)c23)cc1C
1151702,CC(C)n1nc(-c2cccc3ccccc23)c2c(N)ncnc21
1151703,COc1ccc2cc(-c3nn(C(C)C)c4ncnc(N)c34)ccc2c1
1151704,CCOc1ccc2cc(-c3nn(C(C)C)c4ncnc(N)c34)ccc2c1
1151705,COc1cc2ccccc2cc1-c1nn(C(C)C)c2ncnc(N)c12
1151706,CC(C)n1nc(-c2ccc3c(c2)OCO3)c2c(N)ncnc21
1151707,CC(C)n1nc(-c2ccc3c(c2)CCCO3)c2c(N)ncnc21
1151708,CC(C)n1nc(-c2ccc3c(c2)sc2ccccc23)c2c(N)ncnc21
1151709,CC(C)n1nc(-c2cccc(Cc3ccccc3)c2)c2c(N)ncnc21
1151735,CC(C)n1nc(-c2cccc(-c3ccccc3)c2)c2c(N)ncnc21
1151736,CC(C)n1nc(-c2cccc(OCc3ccccc3)c2)c2c(N)ncnc21
1151737,CSc1cccc(-c2nn(C(C)C)c3ncnc(N)c23)c1
1151780,N#C/C(=C1/Nc2ccccc2S1)c1ccnc(NCCc2cccnc2)n1.O=C(O)C(F)(F)F.O=C(O)C(F)(F)F
296913,CN(C)CCCn1nc(C2=C(c3cn(-c4cccs4)c4ccccc34)C(=O)NC2=O)c2ccccc21
1153572,N#CC[C@H](C1CCCC1)n1cc(-c2ncnc3[nH]ccc23)cn1
1154373,Cc1cn([C@H]2C[C@H](N=[N+]=[N-])[C@@H](CO)O2)c(=O)[nH]c1=S
1154779,O=c1[nH]c(=O)n([C@H]2C[C@H](O)[C@@H](CO)O2)cc1-c1ccoc1
1154780,O=c1[nH]c(=O)n([C@H]2C[C@H](O)[C@@H](CO)O2)cc1-c1cccs1
1154783,Cc1ccc(-c2cn([C@H]3C[C@H](O)[C@@H](CO)O3)c(=O)[nH]c2=O)s1
1154785,O=c1[nH]c(=O)n([C@H]2C[C@H](O)[C@@H](CO)O2)cc1-c1ccno1
1154788,O=c1[nH]c(=O)n([C@H]2C[C@H](O)[C@@H](CO)O2)cc1-c1ccsc1
1154897,C[C@H](O)[C@H](NC(=O)[C@H](CCCCN)NC(=O)[C@H](Cc1ccc(O)cc1)NC(=O)[C@H](CCCCN)NC(=O)[C@H](CCCCN)NC(=O)[C@@H](N)CCCN=C(N)N)C(=O)N[C@@H](CCCN=C(N)N)C(=O)N[C@@H](CCCN=C(N)N)C(=O)N[C@@H](CCCCN)C(N)=O
299120,CCOc1cc2ncc(C#N)c(Nc3ccc(OCc4ccccn4)c(Cl)c3)c2cc1NC(=O)/C=C/CN(C)C
1163439,COc1ccc(NC2=N/C(=C\c3ccc4c(c3)OCO4)C(=O)N2)cc1
1163440,O=C1NC(Nc2ccc3c(c2)OCO3)=N/C1=C\c1ccc2c(c1)OCO2
1163441,O=C1NC(Nc2ccc3c(c2)OCCO3)=N/C1=C\c1ccc2c(c1)OCO2
1163442,O=C1NC(Nc2ccccc2)=N/C1=C\c1ccc2c(c1)OCO2
1163473,CC(=O)Nc1ccc(-c2cnc(N)nc2-c2c[nH]c3ccc(Br)cc23)cc1
1163474,CC(=O)Nc1ccc(-c2cnc(N)nc2-c2c[nH]c3cc(Br)ccc23)cc1
1163475,CC(=O)Nc1ccc(-c2cnc(N)nc2-c2c[nH]c3c(Br)cccc23)cc1
1163476,Nc1ncc(-c2ccc(C(F)(F)F)cc2)c(-c2c[nH]c3cccc(Br)c23)n1
1163477,Nc1ncc(-c2ccc(C(F)(F)F)cc2)c(-c2c[nH]c3ccc(Br)cc23)n1
1163478,Nc1ncc(-c2ccc(C(F)(F)F)cc2)c(-c2c[nH]c3cc(Br)ccc23)n1
1163479,Nc1ncc(-c2ccc(C(F)(F)F)cc2)c(-c2c[nH]c3c(Br)cccc23)n1
1163480,COc1cccc(-c2cnc(N)nc2-c2c[nH]c3cccc(Br)c23)c1
1163481,COc1cccc(-c2cnc(N)nc2-c2c[nH]c3ccc(Br)cc23)c1
1163482,COc1cccc(-c2cnc(N)nc2-c2c[nH]c3cc(Br)ccc23)c1
1163483,COc1cccc(-c2cnc(N)nc2-c2c[nH]c3c(Br)cccc23)c1
1163484,Nc1nccc(-c2c[nH]c3cc([N+](=O)[O-])ccc23)n1
1163485,Nc1nccc(-c2c[nH]c3c([N+](=O)[O-])cccc23)n1
1163486,Nc1ncc(I)c(-c2c[nH]c3cccc([N+](=O)[O-])c23)n1
1163487,Nc1ncc(I)c(-c2c[nH]c3ccc([N+](=O)[O-])cc23)n1
1163488,Nc1ncc(I)c(-c2c[nH]c3cc([N+](=O)[O-])ccc23)n1
1163489,Nc1ncc(I)c(-c2c[nH]c3c([N+](=O)[O-])cccc23)n1
1163490,Nc1ncc(I)c(-c2c[nH]c3ccccc23)n1
1163491,Nc1ncc(I)c(-c2c[nH]c3cccc(N)c23)n1
1163492,Nc1ccc2[nH]cc(-c3nc(N)ncc3I)c2c1
1163493,Nc1ccc2c(-c3nc(N)ncc3I)c[nH]c2c1
1163494,Nc1ncc(I)c(-c2c[nH]c3c(N)cccc23)n1
1163930,CNC1=N/C(=C\c2ccc3c(c2)OCO3)C(=O)N1C
1163931,CCNC1=N/C(=C\c2ccc3c(c2)OCO3)C(=O)N1C
1163932,CCCNC1=N/C(=C\c2ccc3c(c2)OCO3)C(=O)N1C
1163933,CC(C)NC1=N/C(=C\c2ccc3c(c2)OCO3)C(=O)N1C
1163934,CCCCNC1=N/C(=C\c2ccc3c(c2)OCO3)C(=O)N1C
1163935,CC(C)CNC1=N/C(=C\c2ccc3c(c2)OCO3)C(=O)N1C
1163936,CC(C)CCNC1=N/C(=C\c2ccc3c(c2)OCO3)C(=O)N1C
1163937,C=CCNC1=N/C(=C\c2ccc3c(c2)OCO3)C(=O)N1C
1163938,CN1C(=O)/C(=C/c2ccc3c(c2)OCO3)N=C1NCC1CC1
1163939,CN1C(=O)/C(=C/c2ccc3c(c2)OCO3)N=C1NC1CCCC1
1163940,CN1C(=O)/C(=C/c2ccc3c(c2)OCO3)N=C1NCCO
1163941,COCCNC1=N/C(=C\c2ccc3c(c2)OCO3)C(=O)N1C
1163942,CN1C(=O)/C(=C/c2ccc3c(c2)OCO3)N=C1NCCCO
1163943,CN1C(=O)/C(=C/c2ccc3c(c2)OCO3)N=C1NCCCCCO
1163944,CN1C(=O)/C(=C/c2ccc3c(c2)OCO3)N=C1NCCN1CCOCC1
1163945,CC(=O)NC1=N/C(=C\c2ccc3c(c2)OCO3)C(=O)N1C
1163946,CCOC(=O)C(=O)NC1=N/C(=C\c2ccc3c(c2)OCO3)C(=O)N1C
1164052,Nc1nccc(-c2c[nH]c3cccc(Br)c23)n1
1164053,Nc1nccc(-c2c[nH]c3c(Br)cccc23)n1
1164054,Nc1ncc(I)c(-c2c[nH]c3cccc(Br)c23)n1
1164055,Nc1ncc(I)c(-c2c[nH]c3ccc(Br)cc23)n1
1164056,Nc1ncc(I)c(-c2c[nH]c3cc(Br)ccc23)n1
1164057,Nc1ncc(I)c(-c2c[nH]c3c(Br)cccc23)n1
1164058,CC(=O)c1ccc(-c2cnc(N)nc2-c2c[nH]c3cccc(Br)c23)cc1
1164059,CC(=O)c1ccc(-c2cnc(N)nc2-c2c[nH]c3ccc(Br)cc23)cc1
1164060,CC(=O)c1ccc(-c2cnc(N)nc2-c2c[nH]c3cc(Br)ccc23)cc1
1164061,CC(=O)c1ccc(-c2cnc(N)nc2-c2c[nH]c3c(Br)cccc23)cc1
1164062,CC(=O)Nc1ccc(-c2cnc(N)nc2-c2c[nH]c3cccc(Br)c23)cc1
1164158,CN1C(=O)/C(=C/c2ccc3c(c2)OCO3)N=C1NCc1ccccc1
1164159,CN1C(=O)/C(=C/c2ccc3c(c2)OCO3)N=C1NCc1ccc2c(c1)OCO2
1164160,CN1C(=O)/C(=C/c2ccc3c(c2)OCO3)N=C1Nc1ccccc1
1164161,CN1C(=O)/C(=C/c2ccc3c(c2)OCO3)N=C1Nc1ccc(O)cc1
1164162,COc1ccc(NC2=N/C(=C\c3ccc4c(c3)OCO4)C(=O)N2C)cc1
1164163,CN1C(=O)/C(=C/c2ccc3c(c2)OCO3)N=C1Nc1ccc2c(c1)OCO2
1164164,CN1C(=O)/C(=C/c2ccc3c(c2)OCO3)N=C1Nc1ccc2c(c1)OCCO2
1164166,CCCNC1=N/C(=C\c2cc(OC)c(OC)c(OC)c2)C(=O)N1C
1164167,CCCNC1=N/C(=C\c2ccccc2O)C(=O)N1C
1164169,CCCNC1=N/C(=C\c2ccc(Br)cc2)C(=O)N1C
1164170,CCCNC1=N/C(=C\c2ccc3c(c2)OCO3)C(=O)N1
1164171,CCCNC1=N/C(=C\c2ccc3c(c2)OCO3)C(=O)N1CCC
1164172,CCCNC1=N/C(=C\c2ccc3c(c2)OCO3)C(=O)N1c1ccccc1
1164173,CCNC1=N/C(=C\c2ccc3c(c2)OCO3)C(=O)N1
1164174,O=C1NC(NCC2CC2)=N/C1=C\c1ccc2c(c1)OCO2
1164175,Cc1ccc(NC2=N/C(=C\c3ccc4c(c3)OCO4)C(=O)N2)cc1
1164176,O=C1NC(Nc2ccc(O)cc2)=N/C1=C\c1ccc2c(c1)OCO2
1164835,O=c1[nH]c(=O)n([C@@H]2O[C@H](CO)[C@@H](O)C2(F)F)cc1I
1164836,O=c1[nH]c(=O)n([C@@H]2O[C@H](CO)[C@@H](O)C2(F)F)cc1Br
1164837,O=c1[nH]c(=O)n([C@@H]2O[C@H](CO)[C@@H](O)C2(F)F)cc1Cl
1164838,Cc1cn([C@@H]2O[C@H](CO)[C@@H](O)C2(F)F)c(=O)[nH]c1=O
305751,CC[C@H](C)[C@@H]1NC(=O)[C@@H](Cc2ccccc2)NC(=O)[C@H](C)NC(=O)[C@@H](NC(C)=O)CSC(=O)[C@@H](CCSC)NC1=O
1173597,Cc1cn([C@H]2C[C@@H](O)CO2)c(=O)[nH]c1=O
1174042,CC(=O)N1CCc2ccc(S(=O)(=O)NC(CC(C)C)C(=O)NCc3ccc(Cl)cc3)cc21
1174043,COc1ccc(CNC(=O)C(NS(=O)(=O)c2ccc3nc(C)sc3c2)C(C)C)cc1
1174044,O=C(c1ccc(Cl)cc1)c1ccc(S(=O)(=O)c2ccc(Cl)cc2)cc1
1174045,CC(C)(c1ccccc1)c1ccc(OCC(=O)NC2CCCC2)cc1
1174046,CC(C)OC(=O)CSc1nc2ccccc2[nH]1
305769,CC[C@H](C)[C@@H]1NC(=O)[C@H](Cc2ccccc2)NC(=O)[C@H](C)NC(=O)[C@@H](NC(=O)[C@@H](NC(=O)[C@H](CO)NC(=O)[C@@H](N)Cc2ccc(O)cc2)[C@@H](C)O)CSC(=O)[C@@H](CCSC)NC1=O
305771,CC(C)C[C@H](NC(=O)[C@H](CO)NC(=O)[C@H](CO)NC(=O)[C@H](CS)NC(=O)[C@H](C)NC(=O)[C@H](CC(N)=O)NC(=O)[C@@H](NC(=O)CN)C(C)C)C(=O)N[C@@H](Cc1ccccc1)C(=O)O
1179115,Cc1cccc(Nc2nc(N[C@H]3CCCC[C@H]3N)ncc2C(N)=O)c1
1179637,CC1NC(=O)C(C#N)=C(SCc2ccccc2)S1
1179651,CC1=NOC(=O)/C1=C\c1ccc(-c2ccc(Cl)cc2)o1
1179664,CC1=NOC(=O)/C1=C\c1ccc(-c2ccccc2)o1
1180422,Nc1ncnc2c1sc1ccccc12
306655,Cc1cccc(-c2n[nH]cc2-c2ccc3ncccc3n2)n1
314228,CCOC(=O)c1cc([N+](=O)[O-])ccc1Cl
314206,CC1(C)COC(c2ccc3nc(N)ccc3c2)OC1
310130,Cc1ccc(NC(=O)c2cccc(N(C)C)c2)cc1NC(=O)c1ccc(O)cc1
318093,COc1cc(OC)cc(-c2cc3cnc(NCCCCN4CCOCC4)cc3nc2NC(=O)NC(C)(C)C)c1
1214561,COc1ccc(CC(=O)Nc2ccc(S(=O)(=O)Nc3cc(C)on3)cc2)cc1OC
314349,O=C(/C=C/c1ccccn1)c1ccc([N+](=O)[O-])cc1
314032,O=C1Nc2ccc([N+](=O)[O-])cc2/C1=C/c1ccccc1O
314263,O=C1c2cc(F)ccc2-n2c1nc1ncccc1c2=O
314400,Cc1cc(Cl)ccc1NC(=O)c1cccc([N+](=O)[O-])c1
314016,O=C(/C=C/c1ccccc1)c1cccc([N+](=O)[O-])c1
314153,Cc1ccc2c(c1)/C(=C/C(=O)c1ccccc1)C(=O)N2
314231,CC(=O)Nc1ccc(C(=O)/C=C/c2ccccc2)cc1
1220034,Cn1c(=O)n(-c2ccc(C(C)(C)C#N)cc2)c2c3cc(-c4cnc5ccccc5c4)ccc3ncc21
317897,CCNC(=O)Nc1nc2cc(NCCCN3CCN(C)CC3)ncc2cc1-c1cc(OC)cc(OC)c1
314154,O=C(Cl)c1c2c(nc3c(Cl)cc(Cl)cc13)-c1ccc(Cl)cc1CC2
314194,CN1C(=O)/C(=C\C(=O)c2ccccc2)c2ccccc21
315813,c1nc2c(NC3CCCCC3)nc(Nc3ccc(N4CCOCC4)cc3)nc2[nH]1
314467,CN(c1ccc(NC(=O)Nc2ccc(OC(F)(F)F)cc2)cc1)c1ccnc(Nc2cccc(S(N)(=O)=O)c2)n1
318103,COc1cc(OC)cc(C2Cc3cnc(N(CCCOCc4ccccc4)C(C)=O)cc3N=C2NC(=O)NC(C)(C)C)c1
314975,CCn1c(-c2nonc2N)nc2cncc(CNC3CCNCC3)c21
317876,N#C/C(=C1/Nc2ccccc2S1)c1ccnc(N2CCOCC2)n1
314408,O=C1NC(=O)/C(=C2/C(=O)Nc3ccc(F)cc32)S1
318094,CCN(CC)CCCCNc1cc2nc(N)c(-c3c(Cl)cccc3Cl)cc2cn1
314006,CC(C)n1cnc2c(Nc3cccc(Cl)c3)nc(NC(C)(C)CO)nc21
313881,CCC(=O)Nc1ccc2ncnc(Nc3cccc(Br)c3)c2c1
318097,CCN(CC)CCCCNc1cc2nc(N)c(-c3cc(OC)cc(OC)c3)cc2cn1
314176,COc1ccc(-c2nnc(N(CCO)CCO)o2)cc1
320158,Cc1cn(Cc2ccc(Br)cc2)c(=O)[nH]c1=O
317923,COc1cc(OC)cc(-c2cc3cnc(NCCCN4CCN(C)CC4)nc3nc2NC(=O)NC(C)(C)C)c1
317816,N#C/C(=C1/Nc2ccccc2S1)c1ccnc(NCCn2cncn2)n1
317840,COc1cc(OC)cc(-c2cc3cnc(NCCCCOc4ccccc4)cc3nc2NC(=O)NC(C)(C)C)c1
317952,COc1cc(OC)cc(-c2cc3cnc(N(CCCCOCc4ccccc4)C(C)=O)cc3nc2NC(=O)NC(C)(C)C)c1
312456,Cc1cccc(Cl)c1Nc1nc2ccc(N3CCN[C@@H](C)C3)nc2n2cncc12
318190,N#C/C(=C1/Nc2ccccc2S1)c1ccnc(NCCc2cccc(F)c2)n1
320125,Cc1cn(Cc2cccc(F)c2)c(=O)[nH]c1=O
319937,CC(=O)CN1CCC(c2cc(-c3ccncc3)c(-c3ccc(F)cc3)[nH]2)CC1
318157,N#C/C(=C1/Nc2ccccc2S1)c1ccnc(NCc2nn[nH]n2)n1
317640,CCN(CC)CCCCNc1cc2nc(NC(=O)NC(C)(C)C)c(-c3ccccc3)cc2cn1
317955,CCN(CC)CCCCNc1ncc2cc(-c3cc(OC)cc(OC)c3)c(NC(=O)NC(C)(C)C)nc2n1
317958,COc1cc(OC)cc(-c2cc3cnc(N(CCCCO)C(C)=O)cc3nc2NC(=O)NC(C)(C)C)c1
319802,Cc1cn(Cc2ccc(CCC(=O)O)cc2)c(=O)[nH]c1=O
318044,COc1cc(OC)cc(-c2cc3cnc(NCCCCCN4CCN(C)CC4)cc3nc2NC(=O)NC(C)(C)C)c1
319667,CN1CCC1CN1CCC(c2cc(-c3ccncc3)c(-c3ccc(F)cc3)[nH]2)CC1
318105,N#C/C(=C1/Nc2ccccc2S1)c1ccnc(NCCCn2ccnc2)n1
317832,CCNC(=O)Nc1nc2nc(NCCCN3CCN(C)CC3)ncc2cc1-c1cc(OC)cc(OC)c1
317833,N#C/C(=C1/Nc2ccccc2S1)c1ccnc(NCc2ccncc2)n1
314465,CC(=O)c1ccc(NC(=O)Nc2ccc(N(C)c3ccnc(Nc4cccc(CS(C)(=O)=O)c4)n3)cc2)cc1
314063,CCOC(=O)/C(=C\c1ccccn1)C(=O)c1ccc([N+](=O)[O-])cc1
319943,O=C(O)CCCc1ccc(Cn2cc(Br)c(=O)[nH]c2=O)cc1
317836,CN1/C(=C(/C#N)c2ccnc(Cl)n2)Sc2ccccc21
319365,CN1CCC(c2cc(-c3ccncc3)c(-c3ccc(F)cc3)s2)CC1
318130,N#C/C(=C1/Nc2ccccc2S1)c1ccncn1
318241,COc1cc(OC)cc(-c2cc3cnc(NCCCN4CCN(C)CC4)cc3nc2NC(=O)NC(C)(C)C)c1
318779,O=C(O)Cc1cccc(O)c1
318244,N#CC(=C1Nc2ccccc2N1)c1nc(Cl)ncc1Br
319762,Cc1cn(Cc2ccc(CCCCCC(=O)O)cc2)c(=O)[nH]c1=O
317839,CN1CCN(CCCNc2cc3nc(N)c(-c4ccccc4)cc3cn2)CC1
319897,Cc1cn(Cc2cccc(Cl)c2)c(=O)[nH]c1=O
317927,COc1cc(OC)cc(-c2cc3cnc(NCCCCN4CCN(C)CC4)cc3nc2NC(=O)NC(C)(C)C)c1
317928,CCNC(=O)Nc1nc2cc(NCCCCN(CC)CC)ncc2cc1-c1c(Cl)cccc1Cl
319698,CN1CCC(c2nc(-c3ccc(F)cc3)c(-c3ccncc3)s2)CC1
317951,CCNC(=O)Nc1nc2cc(NCCCN3CCN(C)CC3)ncc2cc1-c1c(Cl)cccc1Cl
317905,COc1cc(OC)cc(C2Cc3cnc(N(CCCCOCc4ccccc4)C(C)=O)cc3N=C2NC(=O)NC(C)(C)C)c1
319395,CN1CCC(c2cc(-c3ccncc3)c(-c3ccc(F)cc3)[nH]2)CC1
317834,N#C/C(=C1/Nc2ccccc2S1)c1ccnc(NCCc2ccc([N+](=O)[O-])cc2)n1
319757,CN1CCC(c2cc(-c3ccncc3)c(-c3ccoc3)[nH]2)CC1
319966,CN1CCC(c2cc(-c3ccncc3)c(-c3ccc(Cl)cc3)[nH]2)CC1
320136,OCCC#Cc1nc(-c2ccc(F)cc2)c(-c2ccncc2)n1CCCc1ccccc1
318165,CCN(CC)CCCCNc1cc2nc(N)c(-c3ccccc3)cc2cn1
317830,Cc1ccc(CCNc2nccc(/C(C#N)=C3\Nc4ccccc4S3)n2)cc1
318222,CN(C)c1nccc(/C(C#N)=C2\Nc3ccccc3S2)n1
318247,CCNC(=O)Nc1nc2cc(NCCCCN(CC)CC)ncc2cc1-c1cc(OC)cc(OC)c1
317841,COc1cc(OC)cc(-c2cc3cnc(NCCCCCOc4ccccc4)cc3nc2NC(=O)NC(C)(C)C)c1
319967,CN1CCC(c2cc(-c3ccncc3)c(-c3ccco3)[nH]2)CC1
318167,COc1cc(OC)cc(C2Cc3cnc(N(CCCCCOCc4ccccc4)C(C)=O)cc3N=C2NC(=O)NC(C)(C)C)c1
318160,N#C/C(=C1/Nc2ccccc2S1)c1ccnc(N)n1
319668,CN1CCC(c2cc(-c3ccncc3)c(-c3ccc(S(C)(=O)=O)cc3)[nH]2)CC1
317247,CCCN(CCC)c1nccc(/C(C#N)=C2\Nc3ccccc3S2)n1
317804,N#C/C(=C1/Nc2ccccc2S1)c1ccnc(NCCO)n1
319896,Cc1cn(Cc2ccc(Cl)cc2)c(=O)[nH]c1=O
318037,N#C/C(=C1/Nc2ccccc2S1)c1ccnc(NCc2cccnc2)n1
1248221,CCCC1CCN(C(=O)[C@](C)(O)C(F)(F)F)CC1
1248222,C[C@](O)(C(=O)NC1C2CC3CC(C2)CC1C3)C(F)(F)F
318125,CCNC(=O)Nc1nc2nc(NCCCCN(CC)CC)ncc2cc1-c1cc(OC)cc(OC)c1
1248413,C[C@@](O)(C(=O)NC1C2CC3CC(C2)CC1C3)C(F)(F)F
1248414,CCCC1CCN(C(=O)[C@@](C)(O)C(F)(F)F)CC1
1248752,Cc1ccc(NC(=O)c2ccc(CN3CCN(C)CC3)cc2)cc1Nc1nc(-c2cccnc2)cs1
1248755,C[C@@H](Oc1cc(-n2cnc3ccc(CN4CCN(C)CC4)cc32)sc1C(N)=O)c1ccccc1C(F)(F)F
1248756,CN(C)CC(=O)N1CCC(c2ccc(NC(=O)c3nc(C#N)c[nH]3)c(C3=CCCCC3)c2)CC1.Cl
1248757,COc1cc(Oc2ccnc3cc(OC)c(OC)cc23)ccc1NC(=O)NC(C)c1nccs1
1248758,O=C(c1ccc(/C=C/c2n[nH]c3ccccc23)cc1)N1CCNCC1
317989,CN(C)CCCNc1nccc(/C(C#N)=C2\Nc3ccccc3S2)n1
318151,COc1cc(OC)cc(-c2cc3cnc(N(CCCOCc4ccccc4)C(C)=O)cc3nc2NC(=O)NC(C)(C)C)c1
314347,O=C1Nc2ccccc2/C1=C/C(=O)c1ccccc1
320070,O=c1[nH]c(=O)n(Cc2ccccc2)cc1Br
319884,OCCCN1CCC(c2cc(-c3ccncc3)c(-c3ccc(F)cc3)[nH]2)CC1
319512,OC1(CN2CCC(c3cc(-c4ccncc4)c(-c4ccc(F)cc4)[nH]3)CC2)CC1
1250600,CCCOc1cccc2c1nc(C(F)F)n2-c1nc(N2CCOCC2)nc(N2CCOCC2)n1
319885,CN1CCC(c2cc(-c3ccncc3)c(-c3ccc(C(F)(F)F)cc3)[nH]2)CC1
318072,COc1cc(OC)cc(-c2cc3cnc(NCCCOc4ccccc4)cc3nc2NC(=O)NC(C)(C)C)c1
317507,Nc1nc(Nc2ccc(S(N)(=O)=O)cc2)nn1C(=O)c1c(F)cccc1F
1249781,N#Cc1ccc(-c2cncc(-c3cc4cc(O)ccc4[nH]3)c2)cc1
1249782,CS(=O)(=O)c1ccc(-c2cncc(-c3cc4cc(O)ccc4[nH]3)c2)cc1
1249783,Oc1ccc(-c2cncc(-c3cc4cc(O)ccc4[nH]3)n2)cc1
1249784,N#Cc1ccc(-c2cncc(-c3cc4cc(O)ccc4[nH]3)n2)cc1
1249785,CS(=O)(=O)c1ccc(-c2cncc(-c3cc4cc(O)ccc4[nH]3)n2)cc1
1249786,Oc1ccc(-c2cncc(-c3cc4ccc(O)cc4[nH]3)c2)cc1
1249787,N#Cc1ccc(-c2cncc(-c3cc4ccc(O)cc4[nH]3)c2)cc1
1249788,CS(=O)(=O)c1ccc(-c2cncc(-c3cc4ccc(O)cc4[nH]3)c2)cc1
1249789,Oc1ccc(-c2cncc(-c3cc4ccc(O)cc4[nH]3)n2)cc1
1249790,N#Cc1ccc(-c2cncc(-c3cc4ccc(O)cc4[nH]3)n2)cc1
1249791,CS(=O)(=O)c1ccc(-c2cncc(-c3cc4ccc(O)cc4[nH]3)n2)cc1
1249792,Oc1ccc(-c2ccnc(-c3cc4cc(O)ccc4[nH]3)c2)cc1
318249,N#C/C(=C1/Nc2ccccc2S1)c1ccnc(NCCCN)n1
318043,CCN(CC)CCCCNc1cc2nc(NC(=O)NC(C)(C)C)c(-c3cc(OC)cc(OC)c3)cc2cn1
1249970,Oc1ccc(-c2ccnc(-c3cc4ccc(O)cc4[nH]3)c2)cc1
320079,CN1CCC(c2cc(-c3ccc(F)cc3)c(-c3ccc(F)cc3)[nH]2)CC1
318248,COc1cc(OC)cc(-c2cc3cnc(NCCCCCN4CCOCC4)cc3nc2NC(=O)NC(C)(C)C)c1
315964,Cc1[nH]nc(-c2cc(Cl)c(O)cc2O)c1-c1ccc2c(c1)OCCO2
1250587,c1ccc2c(c1)ncn2-c1nc(N2CCOCC2)nc(N2CCOCC2)n1
1250588,Cc1nc2ccccc2n1-c1nc(N2CCOCC2)nc(N2CCOCC2)n1
1250589,FCc1nc2ccccc2n1-c1nc(N2CCOCC2)nc(N2CCOCC2)n1
1250590,FC(F)(F)c1nc2ccccc2n1-c1nc(N2CCOCC2)nc(N2CCOCC2)n1
1250591,OCc1nc2ccccc2n1-c1nc(N2CCOCC2)nc(N2CCOCC2)n1
1250592,CSCc1nc2ccccc2n1-c1nc(N2CCOCC2)nc(N2CCOCC2)n1
1250593,C[S+]([O-])Cc1nc2ccccc2n1-c1nc(N2CCOCC2)nc(N2CCOCC2)n1
1250594,CS(=O)(=O)Cc1nc2ccccc2n1-c1nc(N2CCOCC2)nc(N2CCOCC2)n1
1250595,CSc1nc2ccccc2n1-c1nc(N2CCOCC2)nc(N2CCOCC2)n1
1250596,CS(=O)(=O)c1nc2ccccc2n1-c1nc(N2CCOCC2)nc(N2CCOCC2)n1
1250597,Oc1cccc2c1nc(C(F)F)n2-c1nc(N2CCOCC2)nc(N2CCOCC2)n1
1250598,COc1cccc2c1nc(C(F)F)n2-c1nc(N2CCOCC2)nc(N2CCOCC2)n1
1250599,CCOc1cccc2c1nc(C(F)F)n2-c1nc(N2CCOCC2)nc(N2CCOCC2)n1
1250601,CCCCOc1cccc2c1nc(C(F)F)n2-c1nc(N2CCOCC2)nc(N2CCOCC2)n1
1250602,FC(F)Oc1cccc2c1nc(C(F)F)n2-c1nc(N2CCOCC2)nc(N2CCOCC2)n1
1250603,CC(C)Oc1cccc2c1nc(C(F)F)n2-c1nc(N2CCOCC2)nc(N2CCOCC2)n1
1250604,CS(=O)(=O)Oc1cccc2c1nc(C(F)F)n2-c1nc(N2CCOCC2)nc(N2CCOCC2)n1
1250605,Nc1cccc2c1nc(C(F)F)n2-c1nc(N2CCOCC2)nc(N2CCOCC2)n1
1250606,CNc1cccc2c1nc(C(F)F)n2-c1nc(N2CCOCC2)nc(N2CCOCC2)n1
1250607,CN(C)c1cccc2c1nc(C(F)F)n2-c1nc(N2CCOCC2)nc(N2CCOCC2)n1
1250608,OCc1cccc2c1nc(C(F)F)n2-c1nc(N2CCOCC2)nc(N2CCOCC2)n1
1250609,COC(=O)c1cccc2c1nc(C(F)F)n2-c1nc(N2CCOCC2)nc(N2CCOCC2)n1
1250610,NC(=O)c1cccc2c1nc(C(F)F)n2-c1nc(N2CCOCC2)nc(N2CCOCC2)n1
1250611,CNC(=O)c1cccc2c1nc(C(F)F)n2-c1nc(N2CCOCC2)nc(N2CCOCC2)n1
1250612,CN(C)C(=O)c1cccc2c1nc(C(F)F)n2-c1nc(N2CCOCC2)nc(N2CCOCC2)n1
1250613,N#Cc1cccc2c1nc(C(F)F)n2-c1nc(N2CCOCC2)nc(N2CCOCC2)n1
1250614,FC(F)c1nc2c3c(ccc2n1-c1nc(N2CCOCC2)nc(N2CCOCC2)n1)OCO3
1250615,COc1ccc2c(nc(C(F)F)n2-c2nc(N3CCOCC3)nc(N3CCOCC3)n2)c1OC
1250715,COc1ccc2c(nc(C(F)F)n2-c2nc(N3CCOCC3)nc(N3CCOCC3)n2)c1O
1250716,COc1c(O)ccc2c1nc(C(F)F)n2-c1nc(N2CCOCC2)nc(N2CCOCC2)n1
1250717,COc1cc(OC)c2nc(C(F)F)n(-c3nc(N4CCOCC4)nc(N4CCOCC4)n3)c2c1
1250718,COc1cc(N)cc2c1nc(C(F)F)n2-c1nc(N2CCOCC2)nc(N2CCOCC2)n1
1250719,CNc1cc(OC)c2nc(C(F)F)n(-c3nc(N4CCOCC4)nc(N4CCOCC4)n3)c2c1
1250720,COc1cc(N(C)C)cc2c1nc(C(F)F)n2-c1nc(N2CCOCC2)nc(N2CCOCC2)n1
1250721,COc1cncc2c1nc(C(F)F)n2-c1nc(N2CCOCC2)nc(N2CCOCC2)n1
1250722,FC(F)c1nc2ccccc2n1-c1nc(N2CCOCC2)cc(N2CCOCC2)n1
1250723,Oc1cccc2c1nc(C(F)F)n2-c1nc(N2CCOCC2)cc(N2CCOCC2)n1
1250724,COc1cccc2c1nc(C(F)F)n2-c1nc(N2CCOCC2)cc(N2CCOCC2)n1
1250725,FC(F)c1nc2ccccc2n1-c1cc(N2CCOCC2)nc(N2CCOCC2)n1
1250726,COc1cccc2c1nc(C(F)F)n2-c1cc(N2CCOCC2)nc(N2CCOCC2)n1
318015,N#C/C(=C1/Nc2ccccc2S1)c1ccnc(NCCc2ccc(F)cc2)n1
318150,CN1CCN(CCCNc2cc3nc(N)c(-c4c(Cl)cccc4Cl)cc3cn2)CC1
319515,Cc1cnccc1-c1cc(C2CCN(C)CC2)[nH]c1-c1ccc(F)cc1
317960,N#C/C(=C1/Nc2ccccc2S1)c1ccnc(NN)n1
316007,Oc1cc(O)c(-c2[nH]ncc2-c2ccc3c(c2)OCCO3)cc1Cl
319848,NCCN1CCC(c2cc(-c3ccncc3)c(-c3ccc(F)cc3)[nH]2)CC1
318092,COc1cc(OC)cc(-c2cc3cnc(NCCCN4CCN(C)CC4)cc3nc2N)c1
318010,COCCNc1nccc(/C(C#N)=C2\Nc3ccccc3S2)n1
320078,OCCN1CCC(c2cc(-c3ccncc3)c(-c3ccc(F)cc3)[nH]2)CC1
318181,COc1cc(OC)cc(C2Cc3cnc(N(CCCCO)C(C)=O)cc3N=C2NC(=O)NC(C)(C)C)c1
318252,N#C/C(=C1/Nc2ccccc2S1)c1ccnc(NCCCN2CCOCC2)n1
317802,CN1CCN(CCCNc2cc3nc(NC(=O)NC(C)(C)C)c(-c4c(Cl)cccc4Cl)cc3cn2)CC1
317991,N#C/C(=C1/Nc2ccccc2S1)c1ccnc(NCCCO)n1
318126,Cc1cc(/C(C#N)=C2\Nc3ccccc3S2)nc(Cl)n1
318061,COC1CCN(c2nccc(/C(C#N)=C3\Nc4ccccc4S3)n2)CC1
317877,CCCN(CCCNc1nccc(/C(C#N)=C2\Nc3ccccc3S2)n1)C(=O)CC
318013,N#C/C(=C1/Nc2ccccc2S1)c1ccnc(NCCc2c[nH]cn2)n1
1264660,CCCCCCCCCCCC(=O)Oc1cccc2c1C(=O)C=CC2=O
1264662,CCCCCCCC/C=C\CCCCCCCC(=O)Oc1cccc2c1C(=O)C=CC2=O
319756,CN1CCC(c2cc(-c3ccncc3)c(-c3ccsc3)[nH]2)CC1
323220,COCCCCn1cnc2c(O)nc(Nc3ccccc3)nc21
322883,OCCCn1cnc2c(O)nc(Nc3ccccc3)nc21
319213,CN1CCC(c2[nH]c(-c3ccc(F)cc3)c(-c3ccncc3)c2Br)CC1
1266470,CCCCCCCCCC(=O)C(O)c1ccccc1
1266472,CCCCCCCCCC(=O)C(O)c1cccc(C)c1
1266478,CCCCCCCCCC(=O)C(O)c1cccc(O)c1
1266479,CCCCCCCCCC(=O)C(O)c1ccc(O)cc1
1266484,CCCCCCCCCC(=O)C(O)c1ccccc1F
1266487,CCCCCCCCCC(=O)C(O)c1cc(F)ccc1F
319991,CN1CCC(c2cc(-c3ccncc3)c(-c3ccc(F)cc3)nn2)CC1
319541,CN1CCC(c2cc(-c3ccncc3)c(-c3ccc(O)cc3)[nH]2)CC1
319992,CN1CCC(c2cc(-c3ccccn3)c(-c3ccc(F)cc3)[nH]2)CC1
317980,COc1cc(OC)cc(C2Cc3cnc(N(CCCCCO)C(C)=O)cc3N=C2NC(=O)NC(C)(C)C)c1
1268520,CCCCCCCCc1ccc([C@H]2CC[C@@H](NC)CC2)cc1
1268537,CCCCCCCCc1ccc([C@H]2CC[C@H](NCCO)CC2)cc1
1268539,CCCCCCCCc1ccc([C@H]2CC[C@H](N)CC2)cc1
1268541,CCCCCCCCc1ccc([C@H]2CC[C@H](N(C)C)CC2)cc1
1268546,CCCCCCCCc1ccc([C@H]2CC[C@H]([N+](C)(C)C)CC2)cc1.[I-]
1268548,CCCCCCCCc1ccc([C@H]2CC[C@H]([N+](C)(C)CCC)CC2)cc1.[I-]
1268550,CCCCCCCCc1ccc([C@H]2CC[C@H]([N+](C)(C)C(C)C)CC2)cc1.[I-]
1268554,CCCCCCCCc1ccc([C@H]2CC[C@H]([N+](C)(C)CCO)CC2)cc1.[I-]
1269249,Nc1nc2ncc(CNCCN3CCC(SC[C@H]4O[C@@H](n5cnc6c(N)ncnc65)[C@H](O)[C@@H]4O)CC3)nc2c(=O)[nH]1
1269250,CC1(C)Nc2nc(N)[nH]c(=O)c2N=C1C(=O)NCCN1CCC(SC[C@H]2O[C@@H](n3cnc4c(N)ncnc43)[C@H](O)[C@@H]2O)CC1
1269251,Nc1nc2ncc(COP(=O)(O)OP(=O)(O)OP(=O)(O)OP(=O)(O)OC[C@H]3O[C@@H](n4cnc5c(N)ncnc54)[C@H](O)[C@@H]3O)nc2c(=O)[nH]1
1269394,Cc1cn([C@H]2C[C@H](NC(=O)Nc3ccc(Cl)c(C(F)(F)F)c3)[C@@H](CO)O2)c(=O)[nH]c1=O
1269395,Cc1cn([C@H]2C[C@H](n3cc(-c4ccc(Cl)cc4)nn3)[C@@H](CO)O2)c(=O)[nH]c1=S
1269396,Cc1cn([C@H]2C[C@H](Nc3nnnn3-c3ccc(Cl)c(C(F)(F)F)c3)[C@@H](CO)O2)c(=O)[nH]c1=O
1269397,Cc1cn([C@H]2C[C@H](n3nnnc3NCc3ccccc3)[C@@H](CO)O2)c(=O)[nH]c1=O
1269398,Cc1cn([C@H]2C[C@H](O)[C@@H](CNC(=S)Nc3ccc(Cl)c(C(F)(F)F)c3)O2)c(=O)[nH]c1=O
1269399,Cc1cn([C@H]2C[C@H](O)[C@@H](CNc3nnnn3-c3ccc(Cl)c(C(F)(F)F)c3)O2)c(=O)[nH]c1=O
1269402,Cc1cn([C@@H]2C[C@H](O)[C@@H](CNC(=S)Nc3ccc(Cl)c(C(F)(F)F)c3)O2)c(=O)[nH]c1=S
1269403,Cc1cn([C@@H]2C[C@H](O)[C@@H](Cn3cc(-c4ccc(Cl)cc4)nn3)O2)c(=O)[nH]c1=O
1269404,Cc1cn([C@@H]2C[C@H](n3cc(-c4ccc(Cl)cc4)nn3)[C@@H](CO)O2)c(=O)[nH]c1=O
320141,CC(C)S(=O)(=O)n1c(N)nc2ccc(-c3[nH]cnc3-c3ccccc3)cc21
317813,CCN(CC)CCCCCNc1cc2nc(NC(=O)NC(C)(C)C)c(-c3cc(OC)cc(OC)c3)cc2cn1
319603,CC(C)S(=O)(=O)n1c(N)nc2ccc(-c3[nH]c(-c4c(Cl)cccc4Cl)nc3-c3ccccc3)cc21.CS(=O)(=O)O
317090,COc1ccc(-c2c(-c3ccc(O)cc3O)n[nH]c2C)cc1
321942,CN(c1ccc(Cl)cc1)c1cc[n+](Cc2ccc(-c3ccc(C[n+]4ccc(N(C)c5ccc(Cl)cc5)c5ccccc54)cc3)cc2)c2ccccc12.[Br-].[Br-]
320109,CCCN1CCC(c2cc(-c3ccncc3)c(-c3ccc(F)cc3)[nH]2)CC1
323091,CN(c1ccccc1)c1nc(O)c2ncn(CCCCO)c2n1
319393,CN1CCC(c2cc(-c3ccncc3)c(-c3ccc(F)c(Cl)c3)[nH]2)CC1
319319,CN1CCC(c2cc(-c3ccncc3)c(-c3ccc(OC(F)(F)F)cc3)[nH]2)CC1
319879,CN1CCC(c2cc(-c3ccncc3)c(-c3ccccc3)[nH]2)CC1
319289,Cc1c(C2CCN(C)CC2)[nH]c(-c2ccc(F)cc2)c1-c1ccncc1
319919,Cc1cn(Cc2ccc(CCCC(=O)O)cc2)c(=O)[nH]c1=O
1275100,CC(C)n1cc(C(=O)c2cncc(N[C@@H]3COC[C@@H]3c3ccc(F)cc3)n2)c2c(N)ncnc21
319866,Cc1cn(Cc2ccc(F)cc2)c(=O)[nH]c1=O
1275096,CC(C)n1cc(C(=O)c2cncc(NCCc3cccnc3)n2)c2c(N)ncnc21
1275097,CC(C)n1cc(C(=O)c2cncc(N[C@@H]3CCC[C@@H]3c3ccccc3)n2)c2c(N)ncnc21
1275098,CC(C)n1cc(C(=O)c2cncc(N[C@@H]3CCC[C@@H]3c3ccc(F)cc3)n2)c2c(N)ncnc21
1275099,CC(C)n1cc(C(=O)c2cncc(N(C)[C@@H]3CCC[C@@H]3c3ccc(F)cc3)n2)c2c(N)ncnc21
1275101,CC(C)n1cc(C(=O)c2cncc(N[C@@H]3CCO[C@@H]3c3ccc(F)cc3)n2)c2c(N)ncnc21
1275102,CC(C)n1cc(C(=O)c2cncc(N[C@@H]3CNC[C@@H]3c3ccc(F)cc3)n2)c2c(N)ncnc21
1275103,CC(C)n1cc(C(=O)c2cncc(N[C@@H]3CCN[C@@H]3c3ccc(F)cc3)n2)c2c(N)ncnc21
1275104,CC(C)n1cc(C(=O)c2cncc(N[C@@H]3CCN(C=O)[C@@H]3c3ccc(F)cc3)n2)c2c(N)ncnc21
1275105,CC(=O)N1CC[C@@H](Nc2cncc(C(=O)c3cn(C(C)C)c4ncnc(N)c34)n2)[C@H]1c1ccc(F)cc1
1275106,CC(=O)N1CC[C@@H](Nc2cncc(C(=O)c3cn(C(C)C)c4ncnc(N)c34)n2)[C@H]1c1ccccc1
1275282,CCc1ccc(C2C(C(=O)c3ccc(OC)cc3)=C(O)C(=O)N2CCc2c[nH]c3ccccc23)cc1
1278500,CCCOc1cccc2[nH]c3c(=O)oc4ccc(O)cc4c3c12
330176,CC(O)[C@H](CO)N1CCC(c2cc(-c3ccncc3)c(-c3ccc(F)cc3)[nH]2)CC1
1278304,O=c1oc2ccccc2c2c1[nH]c1ccccc12
1278305,COc1cccc2oc(=O)c3[nH]c4ccccc4c3c12
1278306,O=c1oc2ccccc2c2c1[nH]c1cccc(-c3ccc(O)cc3)c12
1278307,O=c1oc2cc(O)ccc2c2c1[nH]c1ccccc12
1278308,O=c1oc2cc(O)ccc2c2c1[nH]c1ccc(O)cc12
1278309,O=c1oc2cc(O)ccc2c2c1[nH]c1cc(O)ccc12
1278497,O=c1oc2ccc(O)cc2c2c1[nH]c1ccccc12
1278498,COc1cccc2[nH]c3c(=O)oc4ccc(O)cc4c3c12
1278499,Cc1cccc2[nH]c3c(=O)oc4ccc(O)cc4c3c12
1278501,O=c1oc2ccc(O)cc2c2c1[nH]c1cccc(C(F)(F)F)c12
1278502,O=c1oc2ccc(O)cc2c2c1[nH]c1cccc(-c3ccc(O)cc3)c12
1278503,O=c1oc2ccc(O)cc2c2c1[nH]c1ccc(O)cc12
1278504,O=c1oc2cc(O)c(O)cc2c2c1[nH]c1ccc(O)cc12
1278505,O=c1oc2ccc(O)cc2c2c1[nH]c1ccc(F)cc12
1278506,O=c1oc2ccc(O)cc2c2c1[nH]c1ccc(C(F)(F)F)cc12
1278507,O=c1oc2ccc(O)cc2c2c1[nH]c1cc(O)ccc12
1278508,Cc1ccc2c(c1)[nH]c1c(=O)oc3ccc(O)cc3c12
1278509,COc1ccc(-c2ccc3c(c2)[nH]c2c(=O)oc4ccc(O)cc4c23)cc1
1278510,O=c1oc2ccc(O)cc2c2c1[nH]c1cc3c(cc12)OCO3
330197,OCCCCN1CCC(c2cc(-c3ccncc3)c(-c3ccc(F)cc3)[nH]2)CC1
329196,O=P(O)(O)C(Nc1cccc(-c2ccc(F)c(F)c2)c1)P(=O)(O)O
1279264,O[C@H]1CC[C@H](Nc2ncc3nc(Nc4c(F)cc(F)cc4F)n([C@H]4CCOC4)c3n2)CC1
1280332,Cc1c[nH]c2ncnc(-c3ccc(NC(=O)Nc4cccc(C(=O)NC(C)C)c4)cc3)c12
322991,O=C(O)CCCn1cnc2c(O)nc(Nc3ccccc3)nc21
330169,OCC(O)CN1CCC(c2cc(-c3ccncc3)c(-c3ccc(F)cc3)[nH]2)CC1
330168,OC(COCc1ccco1)CN1CCC(c2cc(-c3ccncc3)c(-c3ccc(F)cc3)[nH]2)CC1
330199,CC(O)[C@@H](C)N1CCC(c2cc(-c3ccncc3)c(-c3ccc(F)cc3)[nH]2)CC1
329229,O=P(O)(O)C(O)(c1cccc(-c2ccccc2)c1)P(=O)(O)O
1293234,Cc1c[nH]c2nccc(Oc3c(F)cc(Nc4cc(Cl)nc(N)n4)cc3F)c12
330215,C[C@H](O)CN1CCC(c2cc(-c3ccncc3)c(-c3ccc(F)cc3)[nH]2)CC1
330221,CCC(O)CN1CCC(c2cc(-c3ccncc3)c(-c3ccc(F)cc3)[nH]2)CC1
330222,CCCC(O)CN1CCC(c2cc(-c3ccncc3)c(-c3ccc(F)cc3)[nH]2)CC1
330244,CCOCC(O)CN1CCC(c2cc(-c3ccncc3)c(-c3ccc(F)cc3)[nH]2)CC1
330230,CCCCC(O)CN1CCC(c2cc(-c3ccncc3)c(-c3ccc(F)cc3)[nH]2)CC1
330191,CC(O)C(O)CN1CCC(c2cc(-c3ccncc3)c(-c3ccc(F)cc3)[nH]2)CC1
329250,COCc1cccc(NC(P(=O)(O)O)P(=O)(O)O)c1
330238,OC(Cc1ccccc1)CN1CCC(c2cc(-c3ccncc3)c(-c3ccc(F)cc3)[nH]2)CC1
1307680,NNC(=O)CC(=O)Nc1ccc(C(=O)O)cc1
330203,OCCCCCN1CCC(c2cc(-c3ccncc3)c(-c3ccc(F)cc3)[nH]2)CC1
330581,O=C(c1ncc(-c2c[nH]c3cc(Br)ccc23)[nH]1)c1c[nH]c2ccccc12
330129,CC(C)(C)OCC(O)CN1CCC(c2cc(-c3ccncc3)c(-c3ccc(F)cc3)[nH]2)CC1
330130,C=CCOCC(O)CN1CCC(c2cc(-c3ccncc3)c(-c3ccc(F)cc3)[nH]2)CC1
330152,OC(COCc1ccccc1)CN1CCC(c2cc(-c3ccncc3)c(-c3ccc(F)cc3)[nH]2)CC1
334606,COc1ccc(CCCN(C)C)cc1-c1[nH]nc2nc(Nc3ccc(F)cc3F)ncc12
334383,COc1ccc(C(=O)N2CCNCC2)cc1-c1[nH]nc2nc(Nc3ccc(F)cc3F)ccc12
23080,CC(C)CC(=O)c1c(O)cc(O)cc1O
1316668,Cc1cccc(NC(=S)N/N=C/c2c[nH]c3ccccc23)c1
334557,COc1ccc(CCC(C)(C)O)cc1-c1[nH]nc2nc(Nc3ccc(F)cc3F)ncc12
334614,COc1ccc(C#CC(C)(C)N)cc1-c1[nH]nc2nc(Nc3ccc(F)cc3F)cnc12
1319456,CNCCONC(=O)c1ccc(F)c(F)c1Nc1ccc(I)cc1F
334267,COc1ccc(C(=O)O)cc1-c1[nH]nc2nc(Nc3ccc(F)cc3F)ccc12
334698,COc1ccc(CCC(C)(C)N)cc1-c1[nH]nc2nc(Nc3ccc(F)cc3F)cnc12
334736,COc1ccc(C#CC(C)(C)O)cc1-c1[nH]nc2nc(Nc3ccc(F)cc3F)ncc12
334737,COc1ccc(C#CCN(C)C)cc1-c1[nH]nc2nc(Nc3ccc(F)cc3F)ncc12
334746,COc1ccc(C#CCN2CCN(C)CC2)cc1-c1[nH]nc2nc(Nc3ccc(F)cc3F)ncc12
334672,COc1ccc(CNC2CCOCC2)cc1-c1[nH]nc2nc(Nc3ccc(F)cc3F)ccc12
335196,O=C(c1ccc(Nc2nccc(-c3cc4ccccc4s3)n2)cc1)N1CCC(N2CCCC2)CC1
1321628,O=C(CC(C(=O)O)c1ccc2c(c1)OCO2)c1ccc2c(c1)OCO2
334268,COc1ccc(C(=O)NC2CCOCC2)cc1-c1[nH]nc2nc(Nc3ccc(F)cc3F)ccc12
335387,Cc1cc(-c2cccc(CC(O)(P(=O)(O)O)P(=O)(O)O)c2)c(F)cc1F
334227,COc1ccc(CCC(C)(C)N)cc1-c1[nH]nc2nc(Nc3ccc(F)cc3F)ccc12
334979,CN(C)C1CCN(C(=O)c2ccc(Nc3nccc(-c4cc5ccccc5s4)n3)cc2)CC1
335236,CCn1c2ccccc2c2cc(NC(P(=O)(O)O)P(=O)(O)O)ccc21
335380,O=P(O)(O)C(O)(C[n+]1cccc(-c2cccc(-c3ccccc3)c2)c1)P(=O)(O)O
334195,COc1ccc(C#CC(C)(C)N)cc1-c1[nH]nc2nc(Nc3ccc(F)cc3F)ccc12
1331916,CC(C)Cn1c2ccc(Nc3ncccn3)cc2c2c3c(c4c(c21)CCc1nn(C)cc1-4)C(=O)NC3
1335434,c1ccc2c(Nc3cc(C4CC4)[nH]n3)nc(-c3ccncc3)nc2c1
1335435,Fc1ccc(-c2nc(Nc3cc[nH]n3)c3ccccc3n2)cc1
1335436,Cc1cc(Nc2nc(-c3ccc(F)cc3)nc3ccccc23)n[nH]1
1335437,Fc1ccc(-c2nc(Nc3cc(C4CC4)[nH]n3)c3ccccc3n2)cc1
1335438,c1ccc(-c2nc(Nc3cc(C4CC4)[nH]n3)c3ccccc3n2)cc1
1335439,c1ccc2c(Nc3cc(C4CC4)[nH]n3)nc(NC3CCCCC3)nc2c1
1335440,c1ccc2c(Nc3cc(C4CC4)[nH]n3)nc(NCC3CC3)nc2c1
1335441,Fc1ccc(-c2nccc(Nc3cc(C4CC4)[nH]n3)n2)cc1
1335442,NC(=O)c1cccc(-c2nccc(Nc3cc(C4CC4)[nH]n3)n2)c1
1335443,CS(=O)(=O)Nc1cccc(-c2nccc(Nc3cc(C4CC4)[nH]n3)n2)c1
1335444,CS(=O)(=O)c1cccc(-c2nccc(Nc3cc(C4CC4)[nH]n3)n2)c1
1335445,CS(=O)(=O)NCc1ccc(-c2nccc(Nc3cc(C4CC4)[nH]n3)n2)cc1
1335446,N#Cc1cccc(-c2nccc(Nc3cc(C4CC4)[nH]n3)n2)c1
1335447,c1cncc(-c2nccc(Nc3cc(C4CC4)[nH]n3)n2)c1
1335448,c1cc(Nc2cc(C3CC3)[nH]n2)nc(NC2CCCCC2)n1
1335449,CC(C)CCNc1nccc(Nc2cc(C3CC3)[nH]n2)n1
1335450,c1ccc(CNc2nccc(Nc3cc(C4CC4)[nH]n3)n2)cc1
1335451,Fc1cccc(CCNc2nccc(Nc3cc(C4CC4)[nH]n3)n2)c1
1335452,Clc1ccccc1CCNc1nccc(Nc2cc(C3CC3)[nH]n2)n1
1335453,c1cc(Nc2cc(C3CC3)[nH]n2)nc(NCC2CC2)n1
1335454,c1cc(Nc2cc(C3CC3)[nH]n2)nc(NC2CCCC2)n1
1335455,CN(C)CCNc1cc(Nc2cc(C3CC3)[nH]n2)nc(-c2ccccc2)n1
1335456,CN1CCN(c2cc(Nc3cc(C4CC4)[nH]n3)nc(-c3ccccc3)n2)CC1
1335457,CN1CCC(CNc2cc(Nc3cc(C4CC4)[nH]n3)nc(-c3ccccc3)n2)CC1
1335458,CN1CCC(Nc2cc(Nc3cc(C4CC4)[nH]n3)nc(-c3ccccc3)n2)CC1
1335459,CN(C)[C@@H]1CCN(c2cc(Nc3cc(C4CC4)[nH]n3)nc(-c3ccccc3)n2)C1
1335460,c1ccc(-c2nc(Nc3cc(C4CC4)[nH]n3)cc(OCCN3CCCC3)n2)cc1
1335461,CN(C)[C@@H]1CCN(c2cc(Nc3cc(C4CC4)[nH]n3)nc(-c3cccc(C#N)c3)n2)C1
1335462,CN(C)CCNc1cc(Nc2cc(C3CC3)[nH]n2)nc(-c2cccc(C#N)c2)n1
1335463,CN1CCC(CNc2cc(Nc3cc(C4CC4)[nH]n3)nc(-c3cccc(C#N)c3)n2)CC1
1335464,CN1CCC(CNc2cc(Nc3cc(C4CC4)[nH]n3)nc(-c3cccc(S(C)(=O)=O)c3)n2)CC1
1335465,CN(C)[C@@H]1CCN(c2cc(Nc3ccccn3)nc(-c3cccc(C#N)c3)n2)C1
1335466,COc1ccnc(Nc2cc(N3CC[C@@H](N(C)C)C3)nc(-c3ccccc3)n2)c1
1335598,CN(C)[C@@H]1CCN(c2cc(Nc3cc(Cl)ccn3)nc(-c3ccccc3)n2)C1
1335599,CN(C)[C@@H]1CCN(c2cc(Nc3cc(C(F)(F)F)ccn3)nc(-c3cccc(C#N)c3)n2)C1
1335704,Nc1cc(C(F)(F)F)c(-c2cc(N3CCOCC3)nc(N3CCOCC3)n2)cn1
1335706,Nc1ncc(-c2cc(N3CCOCC3)nc(N3CCOCC3)n2)c(=O)[nH]1
1335707,Nc1ncc(-c2cc(N3CCOCC3)nc(N3CCOCC3)n2)c(C(F)(F)F)n1
1335995,COc1ccc(-c2nnc(SCc3cccc(Cl)c3)o2)c(O)c1
1335997,COc1ccc(-c2nnc(SCc3ccccc3F)o2)c(O)c1
1335998,COc1ccc(-c2nnc(SCc3ccc(F)cc3)o2)c(O)c1
1336004,COc1ccc(-c2nnc(SCc3cccc([N+](=O)[O-])c3)o2)c(O)c1
1336143,COc1cccc(CSc2nnc(-c3ccc(C)cc3O)o2)c1
1336147,Cc1ccc(-c2nnc(SCc3ccc([N+](=O)[O-])cc3)o2)c(O)c1
1336897,c1ccc(/C2=N/c3ccccc3/N=C(/c3ccccc3)c3ccccc32)cc1
341892,COc1cc2c(Nc3ccc(NC(=O)c4ccccc4)cc3)ncnc2cc1OCCCN1CCOCC1
1340300,COc1ccc(-c2nc(N3CCN(C(=O)C4CCCCC4)CC3)c3c4c(sc3n2)CCCC4)cc1
1340298,Cc1cc(C)cc(Nc2cc(C)nc3nc(C(F)(F)F)nn23)c1
1340299,CCn1nc(-c2ccc(C(=O)OC)cc2)nc2c(=O)n(C)c(=O)nc1-2
1340301,CCOc1ccccc1CN1CCc2nc3cc(C(C)(C)C)nn3c(O)c2C1
1340302,O=C(NC1CCN(Cc2ccccc2)CC1)c1cc2nc(-c3ccc(Cl)s3)cc(C(F)(F)F)n2n1
1340303,Cc1sc(NC(=O)c2ccccc2)c(C(c2cccs2)N2CCN(c3ccccc3)CC2)c1C
1340304,Cc1sc(NC(=O)c2ccco2)c(C(c2cccnc2)N2CCC(Cc3ccccc3)CC2)c1C
1340305,CCOC(=O)c1c(C)n(-c2ccccc2)c2ccc(OC(=O)c3cc(OC)c(OC)c(OC)c3)cc12
1340306,COc1cc(C(=O)Nc2nc3c(cc4c5c(cccc53)CC4)s2)cc(OC)c1OC
1340307,Cc1cc(N2CCCC2)nc(Nc2ccc(NC(=O)CCc3ccccc3)cc2)n1
1340308,O=C(NCC(c1ccsc1)N1CCCCCC1)c1ccc(C(F)(F)F)cc1
1340309,COc1ccc(-c2cc3c(SCC(=O)Nc4cc(C(F)(F)F)ccc4Cl)nccn3n2)cc1
1340310,Cc1ccc(-c2cc3c(SCC(=O)Nc4cc(C(F)(F)F)ccc4Cl)nccn3n2)cc1
1340311,Cc1cc(NC(=O)c2cccc(C(F)(F)F)c2)n(-c2nc(-c3ccc4c(c3)OCO4)cs2)n1
1340312,CCN(CC)CCNc1ncnc2c1[nH]c1ccc(Cl)cc12
1340313,CN1CCN(c2ncnc3c2[nH]c2ccc(Cl)cc23)CC1
1340314,CC1(c2ccccc2)Nc2ccccc2-c2nc3ccccc3n21
1340315,COc1ccc(CCN2C(=O)c3[nH]nc(-c4cc(Cl)c(C)cc4O)c3C2c2ccccc2F)cc1
1340316,COc1cccc(C2(C)Nc3ccccc3-c3nc4ccccc4n32)c1
1340317,N#Cc1nc(Cc2cccc3ccccc23)oc1N1CCN(C(c2ccccc2)c2ccccc2)CC1
1340318,CC(C)CNC(=O)c1c(N)n(CCc2ccccc2F)c2nc3ccccc3nc12
1340319,O=C(NNc1cc(N2CCCC2)nc(N2CCCC2)n1)c1ccccc1
1340320,CC(C)(C)CC(C)(C)NCC(O)COc1ccc(Cl)cc1Cl
1340321,Cc1cccc(-n2ncc3c(O)nc(-n4nc(C)cc4NC(=O)c4cc5ccccc5o4)nc32)c1
1340323,COC(=O)c1ccc(Cl)c2c1C1C=CCC1C(c1cccc3ccccc13)N2
1340324,COc1ccc(C2c3ccc4ccccc4c3Oc3ncn(CCCn4ccnc4)c(=N)c32)cc1OC
1340325,CN(N=O)C1=C(NC2CCCCC2)C(=O)c2ccccc2C1=O
335534,O=P(O)(O)C(Nc1ccc(F)c(-c2ccccc2)c1)P(=O)(O)O
1341660,CN1CCCC[C@@H]1c1c(O)cc(O)c2c(=O)cc(-c3ccccc3)oc12
1341661,CN1CCCC[C@H]1c1c(O)cc(O)c2c(=O)cc(-c3ccccc3)oc12
1341662,COc1cc(O)c(C2CCCCN2)c2oc(-c3ccccc3)cc(=O)c12
1341663,CN1CCCC1c1c(O)cc(O)c2c(=O)cc(-c3ccccc3)oc12
1341664,CN1CCC[C@@H]1c1c(O)cc(O)c2c(=O)cc(-c3ccccc3)oc12
1341665,CN1CCC[C@H]1c1c(O)cc(O)c2c(=O)cc(-c3ccccc3)oc12
1341666,O=c1cc(-c2ccccc2)oc2c(C3CCCN3)c(O)cc(O)c12
1341667,CCCCCC(NC)c1c(O)cc(O)c2c(=O)cc(-c3ccccc3)oc12
1341668,CCCCC[C@@H](NC)c1c(O)cc(O)c2c(=O)cc(-c3ccccc3)oc12
1341669,CCCCC[C@H](NC)c1c(O)cc(O)c2c(=O)cc(-c3ccccc3)oc12
1342610,CCOc1ccc2cc(-c3nn(CC4CCNCC4)c4ncnc(N)c34)ccc2c1
1342616,Nc1nc2ccc(C(=O)c3ccccc3)cc2[nH]1
1342617,Nc1nc2ccc(C(=O)c3ccccc3)cc2n1CC1CCNCC1
334550,COc1ccc(CCC(C)(C)N)cc1-c1[nH]nc2nc(Nc3ccc(F)cc3F)ncc12
1344709,C1=N/C2=N/c3ccc(OCCN4CCCC4)c(c3)COC/C=C/COCc3cccc(c3)C(=C1)N2
1346750,O=C1Nc2cc(Nc3cccc(NC(=O)c4cccc(C(F)(F)F)c4)c3)ccc2/C1=C/c1ccc[nH]1
1346751,Cc1cn(-c2cc(C(=O)Nc3cccc(Nc4ccc5c(c4)NC(=O)/C5=C\c4ccc[nH]4)c3)cc(C(F)(F)F)c2)cn1
1346753,CN1CCN(c2cc(C(=O)Nc3cccc(Nc4ccc5c(c4)NC(=O)/C5=C\c4ccc[nH]4)c3)cc(C(F)(F)F)c2)CC1
1346762,CN1CCN(c2cc(C(=O)Nc3cccc(Nc4ccc5c(c4)NC(=O)/C5=C\c4cc(C(=O)O)c[nH]4)c3)cc(C(F)(F)F)c2)CC1
1346766,O=C(Nc1cccc(Nc2ccc3c(c2)NC(=O)/C3=C\c2ccc[nH]2)c1)Nc1cccc(C(F)(F)F)c1
1346768,Cc1ccc(NC(=O)Nc2cc(C(F)(F)F)ccc2F)cc1Nc1ccc2c(c1)NC(=O)/C2=C\c1ccc[nH]1
1348173,Cc1ccc2[nH]c3c(c4c(n5cccc35)C(=O)NC4=O)c2c1
1348338,COc1ccc2[nH]c3c(c4c(n5cccc35)C(=O)NC4=O)c2c1
1348340,O=C1NC(=O)c2c1c1c3ccccc3[nH]c1n1nccc21
1348341,Cc1ccc2[nH]c3c(c4c(c5ccnn53)C(=O)NC4=O)c2c1
1348342,COc1ccc2[nH]c3c(c4c(c5ccnn53)C(=O)NC4=O)c2c1
1348343,O=C1NC(=O)c2c1c1c3cc(O)ccc3[nH]c1n1nccc21
1348344,O=C1NC(=O)c2c1c1[nH]ncc1c1[nH]c3ccccc3c21
1348345,Cc1ccc2[nH]c3c4cn[nH]c4c4c(c3c2c1)C(=O)NC4=O
1348592,OC[C@H]1O[C@@H](n2cnc3c(N4CCN(c5ccccc5)CC4)ncnc32)[C@H](O)[C@@H]1O
1349643,CCOC(=O)c1cc2cc3c(cc2nc1NC(=O)NC1CCCCC1)OCO3
1350021,CC1(C)Nc2nc(N)[nH]c(=O)c2N=C1C(=O)NCC(=O)NCCS(=O)(=O)C[C@H]1O[C@@H](n2cnc3c(N)ncnc32)[C@H](O)[C@@H]1O
345585,CNc1nccc(-c2c(-c3ccc(F)cc3)nc3cc(CN(C)C)ccn23)n1
345688,Nc1nccc(-c2c(-c3ccc(F)cc3)nc3cc(CO)ccn23)n1
345712,CCCNc1nccc(-c2c(-c3ccc(F)cc3)nc3cc(CN(C)C)ccn23)n1
345586,CN(C)Cc1ccn2c(-c3ccnc(N(C)C)n3)c(-c3ccc(F)cc3)nc2c1
1353479,COc1ccc(-c2cc3c(C)nc(N)nc3n(C3CCCC3)c2=O)cn1
1353480,Cc1nc(N)nc2c1cc(-c1cn[nH]c1)c(=O)n2C1CCCC1
1353481,COc1ccc(-c2cc3c(C)nc(N)nc3n(C3CCC3)c2=O)cn1
1353482,Cc1nc(N)nc2c1cc(-c1cn[nH]c1)c(=O)n2C1CCC1
1353483,COc1ccc(-c2cc3c(C)nc(N)nc3n(C3CC3)c2=O)cn1
1353484,Cc1nc(N)nc2c1cc(-c1cn[nH]c1)c(=O)n2C1CC1
1353485,Cc1nc(N)nc2c1cc(-c1cn[nH]c1)c(=O)n2C(C)C
1353486,CCN(CC)n1c(=O)c(-c2cn[nH]c2)cc2c(C)nc(N)nc21
1353487,Cc1nc(N)nc2c1cc(-c1cn[nH]c1)c(=O)n2NCC(C)C
1353488,Cc1nc(N)nc2c1cc(-c1cn[nH]c1)c(=O)n2N1CCCC1
1353489,COc1ccc(-c2cc3c(C)nc(N)nc3n(N3CCCC3)c2=O)cn1
1353490,COc1ncc(-c2cc3c(C)nc(N)nc3n(N3CCCC3)c2=O)cc1F
1353671,Cc1c(NC(=O)c2cc3c(s2)CCCC3)cccc1-c1cn(C)c(=O)c(Nc2ccc([C@@H]3C(=O)N(C)CCN3C)cc2)n1
1354928,COC(=O)Nc1nc2ccc(C(O)c3ccccc3)cc2[nH]1
1354929,O=C(c1ccccc1)c1ccc2nc(NCCO)[nH]c2c1
1354930,O=C(c1ccccc1)c1ccc2nc(NCCC3CCCNC3)[nH]c2c1
1354931,NCCCCNC(=O)Nc1nc2ccc(C(=O)c3ccccc3)cc2[nH]1
1354932,O=C(NCCCCO)Nc1nc2ccc(C(=O)c3ccccc3)cc2[nH]1
1354933,O=C(NCCC1CCNCC1)Nc1nc2ccc(C(=O)c3ccccc3)cc2[nH]1
1354934,O=C(NCCC1CCCNC1)Nc1nc2ccc(C(=O)c3ccccc3)cc2[nH]1
1354935,NCCC(=O)Nc1nc2ccc(C(=O)c3ccccc3)cc2[nH]1
1354936,NCCCC(=O)Nc1nc2ccc(C(=O)c3ccccc3)cc2[nH]1
1354937,NCCCCCCC(=O)Nc1nc2ccc(C(=O)c3ccccc3)cc2[nH]1
1354938,O=C(CC1CCNCC1)Nc1nc2ccc(C(=O)c3ccccc3)cc2[nH]1
1354939,O=C(CCC1CCNCC1)Nc1nc2ccc(C(=O)c3ccccc3)cc2[nH]1
1354940,O=C(CCCC1CCNCC1)Nc1nc2ccc(C(=O)c3ccccc3)cc2[nH]1
1354941,O=C(c1ccccc1)c1ccc2nc(NC(=O)[C@@H]3CCCN3)[nH]c2c1
1354942,N[C@@H](Cc1ccc(O)cc1)C(=O)Nc1nc2ccc(C(=O)c3ccccc3)cc2[nH]1
1354943,N[C@@H](Cc1c[nH]cn1)C(=O)Nc1nc2ccc(C(=O)c3ccccc3)cc2[nH]1
1354944,CN1CCC(Cn2c(N)nc3ccc(C(=O)c4ccccc4)cc32)CC1
1354945,Nc1nc2ccc(C(=O)c3ccccc3)cc2n1CCC1CCNCC1
1354946,CN1CCC(CCn2c(N)nc3ccc(C(=O)c4ccccc4)cc32)CC1
1354947,Nc1nc2ccc(C(=O)c3ccccc3)cc2n1C[C@H]1CCCN1
1354948,Nc1nc2ccc(C(=O)c3ccccc3)cc2n1C[C@@H]1CCCN1
1355123,CN1CCC[C@@H]1Cn1c(N)nc2ccc(C(=O)c3ccccc3)cc21
1355124,Nc1nc2ccc(C(=O)c3ccccc3)cc2n1CC[C@@H]1CCCN1
1355125,CN1CCC[C@H]1CCn1c(N)nc2ccc(C(=O)c3ccccc3)cc21
1355126,Nc1nc2ccc(C(=O)c3ccccc3)cc2n1CC[C@H]1CCCN1
1355127,Nc1nc2ccc(C(=O)c3ccccc3)cc2n1C[C@H]1CCNC1
1355128,CC(C)Cn1c(N)nc2ccc(C(=O)c3ccccc3)cc21
1355129,CC(C)(C)Cn1c(N)nc2ccc(C(=O)c3ccccc3)cc21
1355130,Nc1nc2ccc(C(=O)c3ccccc3)cc2n1CCN1CCCCC1
1355131,Nc1nc2ccc(C(=O)c3ccccc3)cc2n1CCN1CCOCC1
1355132,CN1CCN(CCn2c(N)nc3ccc(C(=O)c4ccccc4)cc32)CC1
1355133,CN1CCN(CCCn2c(N)nc3ccc(C(=O)c4ccccc4)cc32)CC1
1355134,Nc1nc2ccc(C(=O)c3ccccc3)cc2n1CCc1ccc(F)cc1
1355135,Nc1nc2ccc(C(=O)c3ccccc3)cc2n1CCc1ccccn1
1355136,NCCC(=O)Nc1nc2ccc(C(=O)c3ccccc3)cc2n1CC1CCNCC1
343209,CCOC(=O)c1cnc2ccc(CC)cc2c1O
348766,CC(C)C(CC(=O)OCC1(CO)C/C(=C\c2cccc(O)c2)C(=O)O1)C(C)C
1360560,CN1CCN(CCCOc2ccc(N3C(=O)/C(=C/c4ccc(Oc5ccccc5C(N)=O)cc4)SC3=S)cc2)CC1
1360561,CN1CCN(CCCOc2ccc(N3C(=O)/C(=C/c4ccc(Oc5cccc(C(N)=O)c5)cc4)SC3=S)cc2)CC1
1360562,CN1CCN(CCCOc2ccc(N3C(=O)/C(=C/c4ccc(Oc5ccc(C(N)=O)cc5)cc4)SC3=S)cc2)CC1
1360563,CN1CCN(CCCCOc2ccc(N3C(=O)/C(=C/c4ccc(Oc5ccc(C(N)=O)cc5)cc4)SC3=S)cc2)CC1
1360565,NC(=O)c1ccc(Oc2ccc(/C=C3\SC(=S)N(c4ccc(OCCCN5CCCC5)cc4)C3=O)cc2)cc1
1360567,NC(=O)c1cccc(Oc2ccc(/C=C3\SC(=S)N(c4ccc(OCCCN5CCCCC5)cc4)C3=O)cc2)c1
1360568,NC(=O)c1ccc(Oc2ccc(/C=C3\SC(=S)N(c4ccc(OCCCN5CCCCC5)cc4)C3=O)cc2)cc1
1360572,CCN(CC)CCOc1ccc(N2C(=O)/C(=C/c3ccc(Oc4cccc(C(N)=O)c4)cc3)SC2=S)cc1
1360573,CCN(CC)CCOc1ccc(N2C(=O)/C(=C/c3ccc(Oc4ccc(C(N)=O)cc4)cc3)SC2=S)cc1
1360575,NC(=O)c1cccc(Oc2ccc(/C=C3\SC(=S)N(c4ccc(OCCCN5CCCC5)cc4)C3=O)cc2)c1
1360579,CCN(CC)CCCOc1ccc(N2C(=O)/C(=C/c3ccc(Oc4ccc(Cl)cc4)cc3)SC2=S)cc1
1360581,CCN(CC)CCCOc1ccc(N2C(=O)/C(=C/c3ccc(Oc4cccc(C(N)=O)c4)cc3)SC2=S)cc1
1360582,CCN(CC)CCCOc1ccc(N2C(=O)/C(=C/c3ccc(Oc4ccc(C(N)=O)cc4)cc3)SC2=S)cc1
1361494,Cc1nc(NC(=O)N2CCC[C@H]2C(N)=O)sc1-c1ccc(S(C)(=O)=O)c(F)c1
347411,CCOC(=O)c1cc(-c2ccncc2)c(-c2ccc(F)cc2)[nH]1
346829,OCCN1CCCC1c1cc(-c2ccncc2)c(-c2ccc(F)cc2)[nH]1
345942,Nc1nccc(-c2c(-c3ccc(F)cc3)nc3cc(C4CCNCC4)ccn23)n1
346881,OCC1CCN(Cc2cc(-c3ccncc3)c(-c3ccc(F)cc3)[nH]2)CC1
1363106,CCOc1ccc2cc(-c3nn(CC4CCN(C)CC4)c4ncnc(N)c34)ccc2c1
1363107,CCOc1ccc2cc(-c3nn(CC4CCN(C(C)=O)CC4)c4ncnc(N)c34)ccc2c1
346838,CNC(=O)N1CCCC1c1cc(-c2ccncc2)c(-c2ccc(F)cc2)[nH]1
345948,CN1CCC(c2ccn3c(-c4ccnc(N)n4)c(-c4ccc(F)cc4)nc3c2)CC1
347458,CN1CCCCC1c1cc(-c2ccncc2)c(-c2ccc(F)cc2)[nH]1
345913,CN(C)Cc1ccn2c(-c3ccncn3)c(-c3ccc(F)cc3)nc2c1
347357,O=C(O)Cc1cc(-c2ccncc2)c(-c2ccc(F)cc2)[nH]1
347358,CN(C)C(=O)Cc1cc(-c2ccncc2)c(-c2ccc(F)cc2)[nH]1
345862,NCc1ccn2c(-c3ccnc(N)n3)c(-c3ccc(F)cc3)nc2c1
346837,C[C@@H](O)CN1CCCC1c1cc(-c2ccncc2)c(-c2ccc(F)cc2)[nH]1
345863,CNCc1ccn2c(-c3ccnc(N)n3)c(-c3ccc(F)cc3)nc2c1
347304,CN(C)Cc1cc(-c2ccncc2)c(-c2ccc(F)cc2)[nH]1
1365312,c1ccc(-c2[nH]c3ncnc(NC[C@@H]4CCCO4)c3c2-c2ccccc2)cc1
1365313,COc1ccc(-c2oc3ncnc(NC[C@@H]4CCCO4)c3c2-c2ccccc2)cc1
1365314,COc1ccc(-c2[nH]c3ncnc(NC[C@@H]4CCCO4)c3c2-c2ccccc2)cc1
1365315,CS(=O)(=O)c1ccc(-c2oc3ncnc(NC[C@@H]4CCCO4)c3c2-c2ccccc2)cc1
1365316,CS(=O)(=O)c1ccc(-c2[nH]c3ncnc(NC[C@@H]4CCCO4)c3c2-c2ccccc2)cc1
1365317,CN(C)S(=O)(=O)c1ccc(-c2[nH]c3ncnc(NC[C@@H]4CCCO4)c3c2-c2ccccc2)cc1
1365318,CNS(=O)(=O)c1ccc(-c2oc3ncnc(NC[C@@H]4CCCO4)c3c2-c2ccccc2)cc1
1365319,CNS(=O)(=O)c1ccc(-c2[nH]c3ncnc(NC[C@@H]4CCCO4)c3c2-c2ccccc2)cc1
1365320,CN(C)CCOc1ccc(-c2[nH]c3ncnc(NC[C@@H]4CCCO4)c3c2-c2ccccc2)cc1
1365321,c1ccc(-c2c(-c3ccc(OCCN4CCOCC4)cc3)oc3ncnc(NC[C@@H]4CCCO4)c23)cc1
1365322,c1ccc(-c2c(-c3ccc(OCCN4CCOCC4)cc3)[nH]c3ncnc(NC[C@@H]4CCCO4)c23)cc1
1365323,c1ccc(-c2c(-c3ccc(OCCN4CCCC4)cc3)[nH]c3ncnc(NC[C@@H]4CCCO4)c23)cc1
1365324,O=C1CCCN1CCOc1ccc(-c2oc3ncnc(NC[C@@H]4CCCO4)c3c2-c2ccccc2)cc1
1365325,O=C1CCCN1CCOc1ccc(-c2[nH]c3ncnc(NC[C@@H]4CCCO4)c3c2-c2ccccc2)cc1
1365326,CN(C)C(=O)c1ccc(-c2oc3ncnc(NC[C@@H]4CCCO4)c3c2-c2ccccc2)cc1
1365327,CN(C)C(=O)c1ccc(-c2[nH]c3ncnc(NC[C@@H]4CCCO4)c3c2-c2ccccc2)cc1
1365328,CNC(=O)c1ccc(-c2oc3ncnc(NC[C@@H]4CCCO4)c3c2-c2ccccc2)cc1
1365329,CNC(=O)c1ccc(-c2[nH]c3ncnc(NC[C@@H]4CCCO4)c3c2-c2ccccc2)cc1
1365330,O=C(c1ccc(-c2oc3ncnc(NC[C@@H]4CCCO4)c3c2-c2ccccc2)cc1)N1CCOCC1
1365331,O=C(c1ccc(-c2[nH]c3ncnc(NC[C@@H]4CCCO4)c3c2-c2ccccc2)cc1)N1CCOCC1
1365332,CN(C)CCOc1ccc(-c2[nH]c3ncnc(NC[C@@H]4CCCO4)c3c2C2=CCCCC2)cc1
1365333,CN(C)CCOc1ccc(-c2[nH]c3ncnc(NC[C@@H]4CCCO4)c3c2C2=CCCC2)cc1
1365335,c1cncc(-c2c(-c3ccc(OCCN4CCCC4)cc3)[nH]c3ncnc(NC[C@@H]4CCCO4)c23)c1
1365336,COc1cccc(-c2c(-c3ccc(OCCN4CCCC4)cc3)[nH]c3ncnc(NC[C@@H]4CCCO4)c23)c1
1365538,Cc1ccccc1-c1c(-c2ccc(OCCN3CCCC3)cc2)[nH]c2ncnc(NC[C@@H]3CCCO3)c12
1365539,Fc1ccccc1-c1c(-c2ccc(OCCN3CCCC3)cc2)[nH]c2ncnc(NC[C@@H]3CCCO3)c12
1365540,CN(C)CCOc1ccc(-c2[nH]c3ncnc(NCC4SCCS4)c3c2-c2ccccc2)cc1
1365541,CN(C)CCOc1ccc(-c2oc3ncnc(NCC4SCCS4)c3c2-c2ccccc2)cc1
1365542,c1ccc(-c2c(-c3ccc(OCCN4CCCC4)cc3)[nH]c3ncnc(NCC4SCCS4)c23)cc1
1365543,CN(C)CCOc1ccc(-c2oc3ncnc(NCC4CCCS4)c3c2-c2ccccc2)cc1
1365544,CN(C)CCOc1ccc(-c2oc3ncnc(NCC4OCCO4)c3c2-c2ccccc2)cc1
1365545,CN(C)CCOc1ccc(-c2oc3ncnc(NC[C@@H]4CCCCS4)c3c2-c2ccccc2)cc1
1365546,CN(C)CCOc1ccc(-c2oc3ncnc(NCC4SCCCS4)c3c2-c2ccccc2)cc1
1365547,CN(C)CCOc1ccc(-c2[nH]c3ncnc(NC[C@@H]4CC[C@H]4O)c3c2-c2ccccc2)cc1
1365548,CO[C@@H]1CC[C@H]1CNc1ncnc2[nH]c(-c3ccc(OCCN(C)C)cc3)c(-c3ccccc3)c12
1365549,CN(C)CCOc1ccc(-c2[nH]c3ncnc(NC[C@H]4CCC[C@H]4O)c3c2-c2ccccc2)cc1
1365550,CO[C@@H]1CCC[C@@H]1CNc1ncnc2[nH]c(-c3ccc(OCCN(C)C)cc3)c(-c3ccccc3)c12
1365551,CO[C@@H]1CCC[C@H]1CNc1ncnc2[nH]c(-c3ccc(OCCN(C)C)cc3)c(-c3ccccc3)c12
1366249,C=Cc1ccc(C(=O)NC2CC2)cc1-c1c(=O)ccn2nc(Oc3ccc(F)cc3F)ccc12
1366250,CCCNC(=O)c1ccc(CC)c(-c2c(=O)ccn3nc(Oc4ccc(F)cc4F)ccc23)c1
1366251,CCc1ccc(C(=O)NC2CC2)cc1-c1c(=O)ccn2nc(Oc3ccc(F)cc3F)ccc12
1366252,C=Cc1ccc(C(=O)OC)cc1-c1c(=O)ccn2nc(Oc3ccc(F)cc3F)ccc12
1366253,C=Cc1ccc(C(=O)NCCC)cc1-c1c(=O)ccn2nc(Oc3ccc(F)cc3F)ccc12
1366254,O=C(NC1CC1)c1ccc(F)c(-c2c(=O)ccn3nc(Oc4ccc(F)cc4F)ccc23)c1
1366255,O=C(c1ccc(F)c(-c2c(=O)ccn3nc(Oc4ccc(F)cc4F)ccc23)c1)N1CCCC1
1366256,COC(=O)c1ccc(F)c(-c2c(=O)ccn3nc(Oc4ccc(F)cc4F)ccc23)c1
1366257,Cc1nnc(-c2ccc(F)c(-c3c(=O)ccn4nc(Oc5ccc(F)cc5F)ccc34)c2)o1
1366258,CCCNC(=O)c1ccc(F)c(-c2c(=O)ccn3nc(Oc4ccc(F)cc4F)ccc23)c1
1366259,O=c1ccn2nc(Oc3ccc(F)cc3F)ccc2c1-c1ccccc1F
1366260,O=c1ccn2nc(Oc3ccc(F)cc3F)ccc2c1-c1c(F)cccc1F
1366261,COc1ccccc1-c1c(=O)ccn2nc(Oc3ccc(F)cc3F)ccc12
1366262,COC(=O)c1ccc(OC)c(-c2c(=O)ccn3nc(Oc4ccc(F)cc4F)ccc23)c1
1366263,CCCNC(=O)c1ccc(OC)c(-c2c(=O)ccn3nc(Oc4ccc(F)cc4F)ccc23)c1
1366264,COc1ccc(C(=O)NC2CC2)cc1-c1c(=O)ccn2nc(Oc3ccc(F)cc3F)ccc12
1366265,COc1ccc(-c2nnc(C)o2)cc1-c1c(=O)ccn2nc(Oc3ccc(F)cc3F)ccc12
1366333,Cc1n[nH]c(=O)c2[nH]c3ccc(F)cc3c12
1366334,COc1ccc2[nH]c3c(=O)[nH]nc(C)c3c2c1
1366335,Cc1n[nH]c(=O)c2c1c1cc(Br)ccc1n2Cc1ccc([N+](=O)[O-])cc1
1366336,Cc1n[nH]c(=O)c2c1c1cc(Br)ccc1n2Cc1cccc([N+](=O)[O-])c1
1366337,Cc1n[nH]c(=O)c2c1c1cc(Br)ccc1n2Cc1ccc(C#N)cc1
1366338,Cc1n[nH]c(=O)c2c1c1cc(Br)ccc1n2Cc1cccc(C#N)c1
1366339,COc1ccc(Cn2c3ccc(Br)cc3c3c(C)n[nH]c(=O)c32)cc1
1366340,COc1cccc(Cn2c3ccc(Br)cc3c3c(C)n[nH]c(=O)c32)c1
1366341,Cc1n[nH]c(=O)c2c1c1cc(F)ccc1n2Cc1ccc([N+](=O)[O-])cc1
1366342,Cc1n[nH]c(=O)c2c1c1cc(F)ccc1n2Cc1cccc([N+](=O)[O-])c1
1366343,Cc1n[nH]c(=O)c2c1c1cc(F)ccc1n2Cc1ccc(C#N)cc1
1366344,Cc1n[nH]c(=O)c2c1c1cc(F)ccc1n2Cc1cccc(C#N)c1
1366345,COc1ccc(Cn2c3ccc(F)cc3c3c(C)n[nH]c(=O)c32)cc1
1366346,COc1cccc(Cn2c3ccc(F)cc3c3c(C)n[nH]c(=O)c32)c1
1366347,COc1ccc2c(c1)c1c(C)n[nH]c(=O)c1n2Cc1ccc([N+](=O)[O-])cc1
1366348,COc1ccc2c(c1)c1c(C)n[nH]c(=O)c1n2Cc1cccc([N+](=O)[O-])c1
1366349,COc1ccc2c(c1)c1c(C)n[nH]c(=O)c1n2Cc1ccc(C#N)cc1
1366350,COc1ccc2c(c1)c1c(C)n[nH]c(=O)c1n2Cc1cccc(C#N)c1
1366351,COc1ccc(Cn2c3ccc(OC)cc3c3c(C)n[nH]c(=O)c32)cc1
1366352,COc1cccc(Cn2c3ccc(OC)cc3c3c(C)n[nH]c(=O)c32)c1
1366711,CC(C)n1cnc2c(NCc3ccc(-c4ccccn4)cc3)nc(NC[C@@H](O)CO)nc21
1366715,CC(C)[C@H](N)C(=O)OC[C@H](O)CNc1nc(NCc2ccc(-c3ccccn3)cc2)c2ncn(C(C)C)c2n1.Cl
1366736,Cc1nn(C)c(C)c1-c1cc(C(=O)c2nc3nc(N4CCC(N(C)C)CC4)ccc3[nH]2)ccc1C#N
1366742,CN(C)C1CCN(c2ccc3nc(C(=O)c4ccnc(-c5cncc6ccccc56)c4)[nH]c3c2)CC1
1366743,CN(C)C1CCN(c2ccc3[nH]c(C(=O)c4ccnc(-c5cncc6ccccc56)c4)nc3n2)CC1
1366744,CN(C)C1CCN(c2ccc3[nH]c(C(=O)c4ccc(C#N)c(-c5cncc6ccccc56)c4)nc3n2)CC1
352267,CCOC(=O)c1ccc2ncc(C(=O)OCC)c(Nc3ccc(C)c(Br)c3)c2c1
348759,CC(C)C(CC(=O)OCC1(CO)C/C(=C\c2ccccc2O)C(=O)O1)C(C)C
1368448,CCCCC(CC)C(=O)OCC1(CO)CC(=Cc2ccc(Cl)c(F)c2)C(=O)O1
1368449,CC(C)(C)C(=O)OCC1(CO)CC(=Cc2ccc(Cl)c(F)c2)C(=O)O1
1368450,CN(C)c1ccc(C(=O)OCC2(CO)CC(=Cc3ccc([N+](=O)[O-])cc3)C(=O)O2)cc1
1369867,CC(C)CC(CC=C1OC(CO)(COC(=O)C(C)(C)C)OC1=O)CC(C)C
1369868,CC(C)CC=C1OC(CO)(COC(=O)CC(CC(C)C)CC(C)C)OC1=O
352507,COc1ccc(O)c(-c2cc(-c3ccccc3Cl)[nH]n2)c1
1380093,Cc1cc(Nc2cc(CN3CCOCC3)c3nc(C)c(Cc4ccc(Cl)cc4F)n3n2)n[nH]1
1383721,CCOC1N([C@H]2C[C@H](O)[C@@H](CO)O2)C(=O)NC(=O)C1(C)Br
1384035,C[C@H](Nc1cc(-c2sc(C3CCN(C)CC3)nc2-c2ccc(F)cc2)ccn1)c1ccccc1
1386814,N=C(N)c1ccc2nc(-c3ccc(-c4ccccc4)cc3)[nH]c2c1
24580,CC(C)(C)c1nc2c3ccc(F)cc3c3c(=O)[nH]ccc3c2[nH]1
352676,C=CCOc1ccc(Br)cc1/C=C1\SC(Nc2ccc(Cl)c(C(=O)O)c2)=NC1=O
352291,COc1cc(/C=C2\C(=O)NN(c3cccc(Cl)c3)C2=O)ccc1O
352649,CN1C(=O)/C(=C2\SC(Nc3ccc(F)cc3)=NC2=O)c2ccccc21
352822,OB1OCc2cc(C(F)(F)F)ccc21
352711,Cc1cccc(Nc2nc(-c3c(C)nc4ncccn34)cs2)c1
353436,Cn1c(O)c(-c2[nH]c3ccccc3c2N=O)c2cccc(Br)c21
352735,CCOC(=O)c1cnc2ccc(C(=O)OC)cc2c1Nc1cccc(C(C)=O)c1
361243,CC(=O)Nc1nc(C)c(C(=O)Nc2c(C)cc(C)cc2C)s1
1416360,Cc1ccc(-c2ncn(-c3ccc(Nc4nccc(-c5cccc(N6CCOCC6)c5)n4)cc3)n2)cn1
361234,Cc1cc(C)c(NC(=O)c2sc(NC(=O)OCc3ccccc3)nc2C)c(C)c1
1421855,Cn1nc(-c2ccc3c(c2)OCO3)nc2c(=O)n(C)c(=O)nc1-2
1421857,N=C1NC2C(/N=N/c3ccc(Br)cc3)C(=N)NN2c2[nH][nH]c(=N)c21
1421858,COc1ccc(-c2nnc3sc4c5ccccc5ccc4n23)cc1
363083,CCN(CCO)CCCOc1ccc2c(Nc3cc(CC(=O)Nc4cccc(F)c4)[nH]n3)ncnc2c1
1423947,Nc1nc2c(-c3cccs3)nccc2[nH]1
1423949,Nc1nc2c(-c3ccsc3)nccc2[nH]1
1423950,Nc1nc2c(-c3ccccn3)nccc2[nH]1
1423951,Nc1nc2c(-c3cccnc3)nccc2[nH]1
1423952,Nc1nc2c(-c3cnc4ccccc4c3)nccc2[nH]1
1423953,Nc1nc2c(-c3ccccc3)nccc2[nH]1
1424098,c1ccc(Nc2ncnc3c2sc2ccccc23)cc1
1424099,COc1ccc(Nc2ncnc3c2sc2ccccc23)cc1
1424204,COc1ccc(Nc2ncnc3c2sc2ccccc23)cc1OC
1424205,COc1cc(Nc2ncnc3c2sc2ccccc23)cc(OC)c1
1424206,COc1cc(Nc2ncnc3c2sc2ccccc23)cc(OC)c1OC
1424207,c1ccc2c(c1)sc1c(Nc3ccc4c(c3)OCO4)ncnc12
1424208,c1ccc2c(c1)sc1c(Nc3ccc4c(c3)OCCO4)ncnc12
1424209,Fc1cc(Br)ccc1Nc1ncnc2c1sc1ccccc12
1424210,O=[N+]([O-])c1cc(Nc2ncnc3c2sc2ccccc23)ccc1O
1424211,c1ccc(Nc2ncnc3c2sc2ncccc23)cc1
1424212,COc1ccc(Nc2ncnc3c2sc2ncccc23)cc1
1424213,COc1ccc(Nc2ncnc3c2sc2ncccc23)cc1OC
1424214,COc1cc(Nc2ncnc3c2sc2ncccc23)cc(OC)c1
1424215,COc1cc(Nc2ncnc3c2sc2ncccc23)cc(OC)c1OC
1424216,c1cnc2sc3c(Nc4ccc5c(c4)OCO5)ncnc3c2c1
1424217,c1cnc2sc3c(Nc4ccc5c(c4)OCCO5)ncnc3c2c1
1424218,Fc1cc(Br)ccc1Nc1ncnc2c1sc1ncccc12
1424219,O=[N+]([O-])c1cc(Nc2ncnc3c2sc2ncccc23)ccc1O
1424220,Nc1ncnc2c1sc1cccnc12
1424221,c1ccc(Nc2ncnc3c2sc2cccnc23)cc1
1424222,COc1ccc(Nc2ncnc3c2sc2cccnc23)cc1
1424223,COc1ccc(Nc2ncnc3c2sc2cccnc23)cc1OC
1424224,COc1cc(Nc2ncnc3c2sc2cccnc23)cc(OC)c1
1424225,COc1cc(Nc2ncnc3c2sc2cccnc23)cc(OC)c1OC
1424226,c1cnc2c(c1)sc1c(Nc3ccc4c(c3)OCO4)ncnc12
1424227,c1cnc2c(c1)sc1c(Nc3ccc4c(c3)OCCO4)ncnc12
1424228,Fc1cc(Br)ccc1Nc1ncnc2c1sc1cccnc12
1424229,O=[N+]([O-])c1cc(Nc2ncnc3c2sc2cccnc23)ccc1O
1424230,Nc1ncnc2c1sc1nccnc12
1424231,c1ccc(Nc2ncnc3c2sc2nccnc23)cc1
1424232,COc1ccc(Nc2ncnc3c2sc2nccnc23)cc1
1424233,COc1ccc(Nc2ncnc3c2sc2nccnc23)cc1OC
1424234,COc1cc(Nc2ncnc3c2sc2nccnc23)cc(OC)c1
1424235,COc1cc(Nc2ncnc3c2sc2nccnc23)cc(OC)c1OC
1424236,c1cnc2c(n1)sc1c(Nc3ccc4c(c3)OCO4)ncnc12
1424237,c1cnc2c(n1)sc1c(Nc3ccc4c(c3)OCCO4)ncnc12
1424238,Fc1cc(Br)ccc1Nc1ncnc2c1sc1nccnc12
1424239,O=[N+]([O-])c1cc(Nc2ncnc3c2sc2nccnc23)ccc1O
361224,Cc1cc(C)c(NC(=O)c2sc(NC(=O)NCc3ccccc3)nc2C)c(C)c1
450640,CC[C@H](CO)Nc1nc(Nc2cccc(-c3ccccn3)c2)c2ncn(C(C)C)c2n1
1427694,Cc1nc(NC(=O)c2ccccc2)sc1-c1csc(Nc2ccc(S(N)(=O)=O)cc2)n1
1427706,CC(=O)Nc1nc(C)c(-c2csc(Nc3cccc(C(=O)O)c3)n2)s1
286123,NCCCC[C@H](NC(=O)[C@H](CCCN=C(N)N)NC(=O)[C@H](CCCN=C(N)N)NC(=O)[C@H](CCCCN)NC(=O)[C@H](CCCCN)NC(=O)[C@H](Cc1ccc(O)cc1)NC(=O)[C@H](CCCCN)NC(=O)[C@H](CCCCN)NC(=O)[C@@H](N)CCCN=C(N)N)C(N)=O
364877,O=C1Nc2ccccc2/C1=C1/Nc2ccccc2/C1=N\O
361212,Cc1ccc(NC(=O)c2sc(NC(=O)OC(C)(C)C)nc2C)c(C)c1
365161,Cc1cn(CCCCCOC(c2ccccc2)(c2ccccc2)c2ccccc2)c(=O)[nH]c1=O
365162,Cc1cn(CCCCCCOC(c2ccccc2)(c2ccccc2)c2ccccc2)c(=O)[nH]c1=O
1430226,Cc1ccc2c(=O)c3ccccc3n(CCCN)c2c1C.O=C(O)C(=O)O
1431007,COc1ccc(-n2nnc3c(N4CCCC(O)C4)nc(CC4CCCCC4)nc32)cc1
1431008,CC(=O)c1cccc(-c2cnn3ccc(Nc4ccc(N5CCOCC5)cc4)nc23)c1
1431009,COc1cc(-c2ccc3nc(NC(=O)C4CCCCC4)nn3c2)ccc1O
1431010,CCN(Cc1ccc(/C=C2\C(=O)Nc3ccccc32)o1)S(C)(=O)=O
1431011,Cc1cc(C)cc(-c2ccc3nc(NC(=O)C4CCCCC4)nn3c2)c1
1431012,Cc1cc(C)cc(-c2ccc3nc(NC(=O)C4CCCCCC4)n(C)c3c2)c1
1431013,Cc1cccc(-c2ccc3nc(NC(=O)C4CCCCC4)nn3c2)c1
361190,Cc1cc(C)c(NC(=O)c2sc(NC(=O)Nc3ccccc3)nc2C)c(C)c1
94807,CCOC(=O)c1cc(OCc2ccccc2)c(OCc2ccccc2)c(OCc2ccccc2)c1-c1c(C(=O)OCC)cc(OCc2ccccc2)c(OCc2ccccc2)c1OCc1ccccc1
1437937,CN1CCN(S(=O)(=O)c2ccc(-c3cnc(N)c(C(=O)Nc4cccnc4)n3)c(C(F)(F)F)c2)CC1
1437939,CN1CCN(S(=O)(=O)c2ccc(-c3cnc(N)c(C(=O)Nc4cccnc4)n3)cc2F)CC1
1437941,COCCNS(=O)(=O)c1ccc(-c2cnc(N)c(C(=O)Nc3cccnc3)n2)cc1
1437943,CN1CCN(S(=O)(=O)c2ccc(-c3cnc(N)c(C(=O)Nc4cccnc4)n3)cc2)CC1
1437945,Nc1ncc(-c2ccc(S(=O)(=O)N3CCCCC3)cc2)nc1C(=O)Nc1cccnc1
1437947,Nc1ncc(-c2ccc(S(=O)(=O)N3CCOCC3)cc2)nc1C(=O)Nc1cccnc1
1437948,CN(C)CCNS(=O)(=O)c1ccc(-c2cnc(N)c(C(=O)Nc3cccnc3)n2)cc1
1437949,CCN(CCN(C)C)S(=O)(=O)c1ccc(-c2cnc(N)c(C(=O)Nc3cccnc3)n2)cc1
1439274,Cc1cn([C@@H]2C[C@H](O)[C@@H](CNC(=O)Nc3ccc([N+](=O)[O-])cc3)O2)c(=O)[nH]c1=O
1439302,Cc1cn([C@@H]2C[C@H](O)[C@@H](CNC(=S)Nc3ccc(Br)cc3)O2)c(=O)[nH]c1=O
1439835,Cc1cn([C@H]2C[C@H](O)[C@@H](CNC(=O)NCc3ccccc3)O2)c(=O)[nH]c1=O
1439837,Cc1cn([C@H]2C[C@H](O)[C@@H](CNC(=O)Nc3ccccc3)O2)c(=O)[nH]c1=O
1439838,Cc1cn([C@H]2C[C@H](O)[C@@H](CNC(=O)Nc3ccccc3Cl)O2)c(=O)[nH]c1=O
1439839,Cc1cn([C@H]2C[C@H](O)[C@@H](CNC(=O)Nc3cccc(Cl)c3)O2)c(=O)[nH]c1=O
1439840,Cc1cn([C@H]2C[C@H](O)[C@@H](CNC(=O)Nc3ccc(Cl)cc3)O2)c(=O)[nH]c1=O
1439841,Cc1cn([C@H]2C[C@H](O)[C@@H](CNC(=S)Nc3ccc(Cl)cc3)O2)c(=O)[nH]c1=O
1439842,Cc1cn([C@H]2C[C@H](O)[C@@H](CNC(=O)Nc3ccc(Br)cc3)O2)c(=O)[nH]c1=O
1439843,Cc1cn([C@H]2C[C@H](O)[C@@H](CNC(=S)Nc3ccc(Br)cc3)O2)c(=O)[nH]c1=O
1439845,COc1cccc(NC(=O)NC[C@H]2O[C@@H](n3cc(C)c(=O)[nH]c3=O)C[C@@H]2O)c1
1439846,COc1ccc(NC(=O)NC[C@H]2O[C@@H](n3cc(C)c(=O)[nH]c3=O)C[C@@H]2O)cc1
1439847,Cc1cn([C@H]2C[C@H](O)[C@@H](CNC(=O)Nc3ccc(C(C)(C)C)cc3)O2)c(=O)[nH]c1=O
1439848,Cc1cn([C@H]2C[C@H](O)[C@@H](CNC(=O)Nc3ccc(Cl)c(C(F)(F)F)c3)O2)c(=O)[nH]c1=O
1439849,Cc1cn([C@H]2C[C@H](O)[C@@H](CNC(=O)Nc3ccc([N+](=O)[O-])cc3)O2)c(=O)[nH]c1=O
1441662,O=C(Nc1ccc(-c2ccccc2)cn1)Nc1cccc2c1C1CCCCN1C2=O
1441663,O=C(Nc1cccc2c1C1CCCCN1C2=O)Nc1ncccc1O
1441664,O=C(Nc1ccc(O)cn1)Nc1cccc2c1C1CCCCN1C2=O
1441665,Cc1cc(NC(=O)Nc2cccc3c2C2CCCCN2C3=O)no1
1441666,O=C(Nc1cc(-c2ccccc2)on1)Nc1cccc2c1C1CCCCN1C2=O
1441667,O=C(Nc1nc2ccccc2s1)Nc1cccc2c1C1CCCCN1C2=O
1441668,O=C(Nc1cc2ccccc2cn1)Nc1cccc2c1C1CCCCN1C2=O
1441669,O=C(Nc1ccc2cccc(O)c2n1)Nc1cccc2c1C1CCCCN1C2=O
1441670,O=C(Nc1cc(O)c2ccccc2n1)Nc1cccc2c1C1CCCCN1C2=O
1441671,O=C(Nc1cccc(Br)n1)Nc1cccc2c1C1CCCCN1C2=O
1441672,O=C(Nc1ccc(Br)cn1)Nc1cccc2c1C1CCCCN1C2=O
1441673,O=C(Nc1cc(Br)ccn1)Nc1cccc2c1C1CCCCN1C2=O
1441674,O=C(Nc1cccc(F)n1)Nc1cccc2c1C1CCCCN1C2=O
1441675,O=C(Nc1cccc2c1C1CCCCN1C2=O)Nc1ncc(F)cc1F
1441676,O=C(Nc1cccc2c1C1CCCCN1C2=O)Nc1nc(Cl)c(Cl)c(Cl)c1Cl
1441677,COc1cccnc1NC(=O)Nc1cccc2c1C1CCCCN1C2=O
1441678,O=C(Nc1cccc(N2CCCCC2)n1)Nc1cccc2c1C1CCCCN1C2=O
1441679,O=C(Nc1cccc2c1C1CCCCN1C2=O)NC1CCCCC1
1441680,O=C(Nc1ccccc1)Nc1cccc2c1C1CCCCN1C2=O
1441681,O=C(Nc1ccccn1)Nc1cccc2c1C1CCCCN1C2=O
1441682,O=C(Nc1cnccn1)Nc1cccc2c1C1CCCCN1C2=O
1441683,O=C(Nc1ncccn1)Nc1cccc2c1C1CCCCN1C2=O
1441684,O=C(Nc1ccncn1)Nc1cccc2c1C1CCCCN1C2=O
1441685,O=C(Nc1cscn1)Nc1cccc2c1C1CCCCN1C2=O
1441686,Cc1nc(NC(=O)Nc2cccc3c2C2CCCCN2C3=O)cs1
1441687,O=C(Nc1csc(-c2ccncc2)n1)Nc1cccc2c1C1CCCCN1C2=O
1441688,O=C(Nc1cc[nH]n1)Nc1cccc2c1C1CCCCN1C2=O
1441689,Cn1ccc(NC(=O)Nc2cccc3c2C2CCCCN2C3=O)n1
1441933,O=c1cc(-c2ccccc2)oc2c(-c3ccccc3)c(N3CCOCC3)cc(O)c12
1442833,Cc1cc(S(=O)(=O)N2CCN(C)CC2)ccc1-c1cnc(N)c(C(=O)Nc2cccnc2)n1
367766,COc1ccc(C(=O)/C=C/c2cccc3ccccc23)c(OC)c1OC
368564,C[C@H](Nc1nccc(-c2c(-c3ccc(F)cc3)nc3cc(CN(C)C)ccn23)n1)c1ccccc1
364128,Cc1cc(O)cc(C)c1/C=C/c1cncc(-c2nn[nH]n2)c1
365222,CNC(=O)c1ccc(C(OCCCCCCn2cc(C)c(=O)[nH]c2=O)(c2ccccc2)c2ccccc2)cc1
365172,Cc1cn(CCCCCCCOC(c2ccccc2)(c2ccccc2)c2ccccc2)c(=O)[nH]c1=O
365202,Cc1cn(CCOCCOC(c2ccccc2)(c2ccccc2)c2ccc(Cl)cc2)c(=O)[nH]c1=O
368563,C[C@@H](Nc1nccc(-c2c(-c3ccc(F)cc3)nc3cc(CN(C)C)ccn23)n1)c1ccccc1
365203,Cc1cn(CCOCCOC(c2ccccc2)(c2ccccc2)c2ccncc2)c(=O)[nH]c1=O
364690,Nc1nc2[nH]cnc2c(=O)[nH]1
364123,Nc1cc2c(ccc(=O)n2-c2c(F)cccc2F)c(-c2ccc(F)cc2F)n1
365181,Cc1cn(CCOCCOC(c2ccccc2)(c2ccccc2)c2ccccc2)c(=O)[nH]c1=O
365182,Cc1cn(CCCCCCOC(c2ccccc2)(c2ccccc2)c2ccc(Cl)cc2)c(=O)[nH]c1=O
370216,CC(C)c1onc(-c2ccc(F)cc2)c1-c1ccncc1
1444400,CC(=O)Nc1nc(C)c(-c2cnc(Nc3cccnc3)o2)s1
365193,Cc1cn(CCCCCCOC(c2ccccc2)(c2ccccc2)c2ccncc2)c(=O)[nH]c1=O
1444394,CSc1ncc(-c2sc(NC(C)=O)nc2C)o1
1444395,CC(=O)Nc1nc(C)c(-c2cnc(S(C)(=O)=O)o2)s1
1444396,CC(=O)Nc1nc(C)c(-c2cnc(Nc3cccc(C(=O)O)c3)o2)s1
1444397,CC(=O)Nc1nc(C)c(-c2cnc(Cc3cccc(C(=O)O)c3)o2)s1
1444399,CC(=O)Nc1nc(C)c(-c2cnc(Nc3ccc(Cl)nc3)o2)s1
1444402,CC(=O)Nc1nc(C)c(-c2cnc(Oc3cccnc3)o2)s1
1444403,CC(=O)Nc1nc(C)c(-c2cnc(Sc3cccnc3)o2)s1
1444404,CC(=O)Nc1nc(C)c(-c2cnc(-c3cccnc3)o2)s1
1444406,CC(=O)Nc1nc(C)c(-c2cnc(CC(F)(F)F)o2)s1
1444408,CC(=O)Nc1nc(C)c(-c2cnc(C(C)(C)O)o2)s1
1444409,CC(=O)Nc1nc(C)c(-c2cnc(C(C)(C)C)o2)s1
1444410,CC(=O)Nc1nc(C)c(-c2cnc(N(C)C)o2)s1
1444411,CC(=O)Nc1nc(C)c(-c2cnc(N3CCOCC3)o2)s1
1444412,CC(=O)Nc1nc(C)c(-c2cnc(N3CCCC(O)C3)o2)s1
369772,Nc1nc(=O)c2ncn(CCC(CO)CF)c2[nH]1
368493,CCN(CC)Cc1ccn2c(-c3ccnc([C@@H](C)c4ccccc4)n3)c(-c3ccc(F)cc3)nc2c1
1445770,CC/C(=N\NC(=O)c1cc(Br)ccc1O)c1cc2ccccc2[nH]1
1445771,COc1ccc(Br)cc1C(=O)N/N=C/c1cc2ccccc2[nH]1
1445772,CC/C(=N\NC(=O)c1cc(Br)ccc1O)c1cc2cc(Br)ccc2[nH]1
1445773,CCC(=NNC(=O)c1cc(Br)ccc1O)c1cc2cc(Br)ccc2n1C
1445774,Cn1c(C=NNC(=O)c2cc(Br)ccc2O)cc2ccccc21
1445775,CCC(=NNC(=O)c1cc(Br)ccc1O)c1cc2ccccc2n1C
1445782,O=C(NN=C(c1ccccc1)c1cc2ccccc2[nH]1)c1cc(Br)ccc1O
1445784,Cn1c(C(=NNC(=O)c2cc(Br)ccc2O)c2ccccc2)cc2ccccc21
1445785,C/C(=N\NC(=O)c1cc2ccccc2cc1O)c1cc2ccccc2[nH]1
1445786,C/C(=N\NC(=O)c1cc2ccccc2cc1O)c1cc2cc(Br)ccc2[nH]1
1445787,CC/C(=N\NC(=O)c1cc2ccccc2cc1O)c1cc2c(F)c(F)c(F)cc2[nH]1
1445788,CC/C(=N\NC(=O)c1cc2ccccc2cc1O)c1cc2cc(Br)ccc2[nH]1
1445789,CC(=NNC(=O)c1cc2ccccc2cc1O)c1cc2cc(Br)ccc2n1C
1445790,CCC(=NNC(=O)c1cc2ccccc2cc1O)c1cc2cc(Br)ccc2n1C
1445791,C/C(=N\NC(=O)c1cc2ccccc2cc1O)c1cc2c(F)c(F)c(F)cc2n1C
1445792,CC/C(=N\NC(=O)c1cc2ccccc2cc1O)c1cc2c(F)c(F)c(F)cc2n1C
1445793,CC(=NNC(=O)c1cc(Br)ccc1O)c1nc2ccccc2s1
1445795,C/C(=N\NC(=O)c1cc(Br)ccc1O)c1nc2ccccc2[nH]1
1445796,CC(=NNC(=O)c1cc(Br)ccc1O)c1nc2ccccc2n1C
1445797,C/C(=N\NC(=O)c1cccc(Br)c1)c1cc2ccccc2[nH]1
1445798,C/C(=N\NC(=O)c1ccccc1O)c1cc2ccccc2[nH]1
1445799,C/C(=N\NC(=O)c1ccc(Br)cc1O)c1cc2ccccc2[nH]1
1445803,C/C(=N\NC(=O)c1cc(I)ccc1O)c1cc2ccccc2[nH]1
1445805,COc1ccc(Br)cc1C(=O)N/N=C(\C)c1cc2ccccc2[nH]1
1445806,CCOc1ccc(Br)cc1C(=O)N/N=C(\C)c1cc2ccccc2[nH]1
1445807,CCOCOc1ccccc1C(=O)N/N=C(\C)c1cc2cc(Br)ccc2[nH]1
1445808,C#CCOc1ccccc1C(=O)N/N=C(\C)c1cc2cc(Br)ccc2[nH]1
1445809,C/C(=N\NC(=O)c1cc(Br)cc(Br)c1O)c1cc2ccccc2[nH]1
1445812,COc1cc(O)c(C(=O)N/N=C(\C)c2cc3ccccc3[nH]2)cc1Br
1445813,CC(=NNC(=O)c1cc(I)ccc1O)c1cc2ccccc2n1C
1445815,COc1cc(O)c(C(=O)NN=C(C)c2cc3ccccc3n2C)cc1Br
1446338,O=C(N/N=C/c1cc2ccccc2[nH]1)c1cc(Br)ccc1O
1446339,C/C(=N\NC(=O)c1cc(Br)ccc1O)c1cc2cc(Br)ccc2[nH]1
1446340,C/C(=N\NC(=O)c1cc(Br)ccc1O)c1cc2cc(I)ccc2[nH]1
1446342,C/C(=N\NC(=O)c1cc(Br)ccc1O)c1cc2cc(O)ccc2[nH]1
1446343,COc1ccc2[nH]c(/C(C)=N/NC(=O)c3cc(Br)ccc3O)cc2c1
1446345,C/C(=N\NC(=O)c1cc(Br)ccc1O)c1cc2ccc(Br)cc2[nH]1
1446346,C/C(=N\NC(=O)c1cc(Br)ccc1O)c1cc2cc(F)c(F)cc2[nH]1
1446347,C/C(=N\NC(=O)c1cc(Br)ccc1O)c1cc2c(F)c(F)ccc2[nH]1
1446349,C/C(=N\NC(=O)c1cc(Br)ccc1O)c1cc2c(F)c(F)c(F)cc2[nH]1
1446350,CC(=NNC(=O)c1cc(Br)ccc1O)c1cc2ccccc2n1C
1446351,CC(=NNC(=O)c1cc(Br)ccc1O)c1cc2cc(F)ccc2n1C
1446352,CC(=NNC(=O)c1cc(Br)ccc1O)c1cc2cc(Cl)ccc2n1C
1446353,CC(=NNC(=O)c1cc(Br)ccc1O)c1cc2cc(Br)ccc2n1C
1446355,COc1ccc2c(c1)cc(C(C)=NNC(=O)c1cc(Br)ccc1O)n2C
1446356,CC(=NNC(=O)c1cc(Br)ccc1O)c1cc2ccc(Br)cc2n1C
1446357,CC(=NNC(=O)c1cc(Br)ccc1O)c1cc2cc(F)c(F)cc2n1C
1446358,CC(=NNC(=O)c1cc(Br)ccc1O)c1cc2c(F)c(F)ccc2n1C
1446359,CC(=NNC(=O)c1cc(Br)ccc1O)c1cc2c(F)c(F)c(F)cc2n1C
1446360,C/C(=N\NC(=O)c1cc(Br)ccc1O)c1cc2ccccc2s1
1446361,C/C(=N\NC(=O)c1cc(Br)ccc1O)c1cc2ccccc2[nH]1
1446362,C/C(=N\NC(=O)c1cc(Br)ccc1O)c1cc2cc(F)ccc2[nH]1
1446363,C/C(=N\NC(=O)c1cc(Br)ccc1O)c1cc2cc(Cl)ccc2[nH]1
1446829,O=C(NCCCNc1nc(Nc2cccc(F)c2)ncc1C1CC1)C1CCC1
1446834,O=C(NCCCNc1nc(Nc2cccc(-c3cnco3)c2)ncc1C1CC1)C1CCC1
1446835,O=C(NCCCNc1nc(Nc2cccc(N3CCOCC3)c2)ncc1C1CC1)C1CCC1
1446836,O=C(NCCCNc1nc(Nc2cccc(Cn3cncn3)c2)ncc1C1CC1)C1CCC1
1446838,CN(C)Cc1ccc(Nc2ncc(C3CC3)c(NCCCNC(=O)C3CCC3)n2)cc1
1446839,CN1CCC(c2ccc(Nc3ncc(C4CC4)c(NCCCNC(=O)C4CCC4)n3)cc2)CC1
1446840,O=C(NCCCNc1nc(Nc2ccc(N3CCOCC3)cc2)ncc1C1CC1)C1CCC1
1446841,O=C(NCCCNc1nc(Nc2ccc(-n3cncn3)cc2)ncc1C1CC1)C1CCC1
1446842,O=C(NCCCNc1nc(Nc2cccnc2)ncc1C1CC1)C1CCC1
1446843,O=C(NCCCNc1nc(Nc2ccc(N3CCOCC3)nc2)ncc1C1CC1)C1CCC1
1446844,O=C(NCCCNc1nc(Nc2ccc(CN3CCCCC3)nc2)ncc1C1CC1)C1CCC1
1446846,O=C(NCCCNc1nc(Nc2ccc3c(c2)CN(C2CC2)CC3)ncc1C1CC1)C1CCC1
1446847,Cn1ncc2cc(Nc3ncc(C4CC4)c(NCCCNC(=O)C4CCC4)n3)ccc21
1446848,Cc1nn(C)c2cc(Nc3ncc(C4CC4)c(NCCCNC(=O)C4CCC4)n3)ccc12
1446850,Cn1cc(Nc2ncc(C3CC3)c(NCCCNC(=O)C3CCC3)n2)cn1
1446851,CC(C)n1cc(Nc2ncc(C3CC3)c(NCCCNC(=O)C3CCC3)n2)cn1
1446852,CCn1cc(Nc2ncc(C3CC3)c(NCCCNC(=O)C3CCC3)n2)cn1
1446853,O=C(NCCCNc1nc(Nc2cnn(C3CC3)c2)ncc1C1CC1)C1CCC1
1446854,O=C(NCCCNc1nc(Nc2cnn(C3CCC3)c2)ncc1C1CC1)C1CCC1
1446855,O=C(NCCCNc1nc(Nc2cnn(C3CCCC3)c2)ncc1C1CC1)C1CCC1
1446856,O=C(NCCCNc1nc(Nc2cnn(C3CCOCC3)c2)ncc1C1CC1)C1CCC1
1446857,O=C(NCCCNc1nc(Nc2cnn(CCN3CCOCC3)c2)ncc1C1CC1)C1CCC1
1446858,CC(C)N1CCC(n2cc(Nc3ncc(C4CC4)c(NCCCNC(=O)C4CCC4)n3)cn2)CC1
1447070,CNC(=O)c1cc2cccc(NC(=O)Nc3cc(C(C)(C)C)nn3-c3ccc(C)cc3)c2[nH]1
1447071,Cc1ccc(-n2nc(C(C)(C)C)cc2NC(=O)Nc2cccc3cc(C(=O)NC(C)C)[nH]c23)cc1
1447072,Cc1ccc(-n2nc(C(C)(C)C)cc2NC(=O)Nc2cccc3cc(C(=O)N4CCC5(CCNC5)C4)[nH]c23)cc1
1447073,Cc1ccc(-n2nc(C(C)(C)C)cc2NC(=O)Nc2cccc3cc(C(=O)N(C)CCc4ccccn4)[nH]c23)cc1
1447074,CCOCCCNC(=O)c1cc2cccc(NC(=O)Nc3cc(C(C)(C)C)nn3-c3ccc(C)cc3)c2[nH]1
1447076,COc1ccc(-c2cc(NC(=O)Nc3cc(C(C)(C)C)nn3-c3ccc(C)cc3)n[nH]2)nc1
1447077,COc1ccc(-c2cc(NC(=O)Nc3cc(C(C)(C)C)nn3-c3ccc(C)cc3)n[nH]2)cn1
1447079,Cc1ccc(-n2nc(C(C)(C)C)cc2NC(=O)Nc2cc(-c3ccc(=O)[nH]c3)[nH]n2)cc1
1447080,Cc1ccc(-n2nc(C(C)(C)C)cc2NC(=O)Nc2cc(-c3ccc(O)nn3)[nH]n2)cc1
1447081,Cc1ccc(-n2nc(C(C)(C)C)cc2NC(=O)Nc2cc(-c3ccc(=O)n(C)c3)[nH]n2)cc1
1447082,Cc1ccc(-n2nc(C(C)(C)C)cc2NC(=O)Nc2cc(-c3ccc4c(c3)OCCO4)[nH]n2)cc1
1447083,Cc1ccc(-n2nc(C(C)(C)C)cc2NC(=O)Nc2cc(-c3ccc4nccn4c3)[nH]n2)cc1
1447084,Cc1ccc(-n2nc(C(C)(C)C)cc2NC(=O)Nc2cc(-c3ccc4ncccc4c3)[nH]n2)cc1
1447085,Cc1ccc(-n2nc(C(C)(C)C)cc2NC(=O)Nc2cc(-c3ccc4nccnc4c3)[nH]n2)cc1
1447471,Cc1ccc(-n2nc(C(C)(C)C)cc2NC(=O)Nc2cccc3cc(C(=O)N4CCCC4)[nH]c23)cc1
370154,Cc1cn([C@@H]2O[C@H](COP(=O)(O)OP(=O)(O)OP(=O)(O)O)[C@@H](O)[C@H]2O)c(=O)[nH]c1=O
368517,C[C@@H](c1ccccc1)c1nccc(-c2c(-c3ccc(F)cc3)nc3cc(CN)ccn23)n1
367817,COc1ccc(C(=O)/C=C/c2ccc3ccccc3c2)c(OC)c1
368509,CON(C)Cc1ccn2c(-c3ccnc([C@@H](C)c4ccccc4)n3)c(-c3ccc(F)cc3)nc2c1
368589,CN(C)Cc1ccn2c(-c3ccnc(OCc4ccccc4)n3)c(-c3ccc(F)cc3)nc2c1
368599,CCN(CCO)Cc1ccn2c(-c3ccnc([C@@H](C)c4ccccc4)n3)c(-c3ccc(F)cc3)nc2c1
368600,C[C@@H](c1ccccc1)c1nccc(-c2c(-c3ccc(F)cc3)nc3cc(CN(C)CCO)ccn23)n1
368608,CCN(C)Cc1ccn2c(-c3ccnc([C@@H](C)c4ccccc4)n3)c(-c3ccc(F)cc3)nc2c1
1448171,C=CS(=O)(=O)Nc1cccc(Cc2nn(C(C)C)c3ncnc(N)c23)c1
1448204,O=C1NC(=O)/C(=C/c2ccc3ncnc(N4CCC(C(F)(F)F)CC4)c3n2)S1
1448219,CC[C@H](Nc1ncnc2[nH]cnc12)c1nc2cccc(F)c2c(=O)n1-c1ccccc1
368627,C[C@@H](c1ccccc1)c1nccc(-c2c(-c3ccc(F)cc3)nc3cc(CNC(C)(C)C)ccn23)n1
1448244,C[C@H](Nc1ncnc(N)c1C#N)c1nc2ccc(F)cc2n1-c1ccccc1
367775,COc1ccc(C(=O)/C=C/c2cccc3ccccc23)cc1
368502,C[C@@H](c1ccccc1)c1nccc(-c2c(-c3ccc(F)cc3)nc3cc(CN(C)O)ccn23)n1
1449198,Cc1nc2cc3nc(-c4cccs4)cnc3cc2n1C
372820,Cc1cn([C@@H]2C[C@H](CN=[N+]=[N-])[C@@H](CO)O2)c(=O)[nH]c1=O
367860,C[C@@H]1CCN(C(=O)CC#N)C[C@@H]1N(C)c1ncnc2[nH]ccc12
372549,CCCc1cn([C@H]2C[C@H](O)[C@@H](CO)O2)c(=O)[nH]c1=O
368616,CCNCc1ccn2c(-c3ccnc([C@@H](C)c4ccccc4)n3)c(-c3ccc(F)cc3)nc2c1
372864,Cc1cn([C@H]2C[C@H](CN=[N+]=N)[C@@H](CO)O2)c(=O)[nH]c1=O
372552,O=c1[nH]c(=O)n([C@H]2C[C@H](O)[C@@H](CO)O2)cc1Br
372827,Cc1cn([C@@H]2O[C@H](CO)[C@H]3CNC(=O)O[C@H]32)c(=O)[nH]c1=O
372836,Cc1cn([C@@H]2O[C@H](CF)[C@@H](CN=[N+]=[N-])[C@H]2F)c(=O)[nH]c1=O
375879,Cc1nc2ccc(Cl)cn2c1-c1ccn(S(=O)(=O)c2cccc([N+](=O)[O-])c2)n1
375888,Cc1ccc([N+](=O)[O-])cc1S(=O)(=O)n1ccc(-c2cnc3ccc(Br)cn23)n1
371147,Cc1ccc(F)c(NC(=O)Nc2ccc(-c3cccc4[nH]nc(N)c34)cc2)c1
372828,Cc1cn([C@H]2C[C@H](CNC(=O)N[C@H]3C[C@H](n4cc(C)c(=O)[nH]c4=O)O[C@@H]3CO)[C@@H](CO)O2)c(=O)[nH]c1=O
376426,COc1cc(C=O)ccc1OCc1ccccc1COc1ccc(/C=C2/SC(=S)NC2=O)cc1OC
375880,Cc1ccc([N+](=O)[O-])cc1S(=O)(=O)n1ccc(-c2c(C)nc3ccc(Cl)cn23)n1
375862,Cc1nc2ccc(Cl)cn2c1-c1ccn(S(=O)(=O)c2ccc([N+](=O)[O-])cc2)n1
375887,Cc1ccc([N+](=O)[O-])cc1S(=O)(=O)n1ccc(-c2c(C)nc3ccc(Br)cn23)n1
30206,CCSC1CC(n2cc(C)c(=O)[nH]c2=O)OC1CO
379574,OC[C@H]1O[C@@H](n2cnc3c(NCc4cccc(F)c4)ncnc32)[C@H](O)[C@@H]1O
379575,OC[C@H]1O[C@@H](n2cnc3c(NCc4ccc(F)cc4)ncnc32)[C@H](O)[C@@H]1O
379577,OC[C@H]1O[C@@H](n2cnc3c(NCc4ccc(Cl)cc4)ncnc32)[C@H](O)[C@@H]1O
379583,COc1ccccc1CNc1ncnc2c1ncn2[C@@H]1O[C@H](CO)[C@@H](O)[C@H]1O
379630,OC[C@H]1O[C@@H](n2cnc3c(NCc4ccc(C(F)(F)F)cc4)ncnc32)[C@H](O)[C@@H]1O
379585,COc1ccc(CNc2ncnc3c2ncn3[C@@H]2O[C@H](CO)[C@@H](O)[C@H]2O)cc1
379587,OC[C@H]1O[C@@H](n2cnc3c(NCc4ccc(Cl)c(Cl)c4)ncnc32)[C@H](O)[C@@H]1O
379589,COc1ccc(CNc2ncnc3c2ncn3[C@@H]2O[C@H](CO)[C@@H](O)[C@H]2O)c(OC)c1
379593,OC[C@H]1O[C@@H](n2cnc3c(NCc4ccc(F)cc4F)ncnc32)[C@H](O)[C@@H]1O
29117,OC1(c2nc(-c3ccc(F)cc3)c(-c3ccncc3)[nH]2)CCC1
1481226,O=[N+]([O-])c1ccccc1CNc1ncnc2c1ncn2[C@@H]1O[C@H](CO)[C@@H](O)[C@H]1O
1481227,N#Cc1ccc(CNc2ncnc3c2ncn3[C@@H]2O[C@H](CO)[C@@H](O)[C@H]2O)cc1
1481228,CC(C)c1ccc(CNc2ncnc3c2ncn3[C@@H]2O[C@H](CO)[C@@H](O)[C@H]2O)cc1
1481229,C=Cc1ccc(CNc2ncnc3c2ncn3[C@@H]2O[C@H](CO)[C@@H](O)[C@H]2O)cc1
1481230,N#Cc1ccc(CNc2ncnc3c2ncn3[C@@H]2O[C@H](CO)[C@@H](O)[C@H]2O)c(Cl)c1
1481231,COc1ccc(CNc2ncnc3c2ncn3[C@@H]2O[C@H](CO)[C@@H](O)[C@H]2O)c(F)c1
1481232,CC(=O)Oc1ccc(CSc2ncnc3c2ncn3[C@@H]2O[C@H](CO)[C@@H](O)[C@H]2O)cc1
29084,CC(C)(O)c1nc(-c2ccc(F)cc2)c(-c2ccncc2)[nH]1
376614,FC(F)(F)c1nc2c(Br)c(Br)c(Br)c(Br)c2[nH]1
377247,CC(C)(NS(=O)(=O)c1ccc2c(Cl)cnc(N=C(N)N)c2c1)C(=O)O
376627,C/C(O)=C(\C#N)C(=O)Nc1cc(Br)ccc1Br
29115,OC1(c2nc(-c3ccc(F)cc3)c(-c3ccncc3)[nH]2)CC1
1496406,NC1=N/C(=N\NC(=O)c2cc(Cl)ccn2)c2ccc3ccccc3c21
1496407,Nc1ccn([C@@H]2O[C@H](CNC(=O)CCc3nc4ccccc4[nH]3)[C@@H](O)[C@H]2O)c(=O)n1.O=C(O)C(F)(F)F
1496409,NC1=N/C(=N\NC(=O)Cc2cccc3ccccc23)c2ccccc21
381081,C/C(=N\NS(=O)(=O)c1cc([N+](=O)[O-])ccc1C)c1cnc2ccc(Br)cn12
381082,Cc1ccc([N+](=O)[O-])cc1S(=O)(=O)N/N=C/c1cnc2ccc(Br)cn12
381084,C/C(=N\N(C)S(=O)(=O)c1cc([N+](=O)[O-])ccc1C)c1cnc2ccc(Br)cn12
1499510,CCC[C@H](O)Nc1nc(Nc2cccc(-c3ncccn3)c2)c2ncn(C(C)C)c2n1
1499511,CC(C)C[C@@H](O)Nc1nc(Nc2cccc(-c3ncccn3)c2)c2ncn(C(C)C)c2n1
1499512,CC(C)C[C@H](O)Nc1nc(Nc2cccc(-c3ncccn3)c2)c2ncn(C(C)C)c2n1
1499513,CC(C)C(O)Nc1nc(Nc2cccc(-c3ncccn3)c2)c2ncn(C(C)C)c2n1
1499514,CC(O)C(O)Nc1nc(Nc2cccc(-c3ncccn3)c2)c2ncn(C(C)C)c2n1
1499515,CC(C)CC[C@H](O)Nc1nc(Nc2cccc(-c3ncccn3)c2)c2ncn(C(C)C)c2n1
1499516,CC(C)n1cnc2c(Nc3cccc(-c4cncnc4)c3)nc(Cl)nc21
1499517,CCC[C@@H](O)Nc1nc(Nc2cccc(-c3cncnc3)c2)c2ncn(C(C)C)c2n1
1499518,CCC[C@H](O)Nc1nc(Nc2cccc(-c3cncnc3)c2)c2ncn(C(C)C)c2n1
1499519,CC(C)C[C@@H](O)Nc1nc(Nc2cccc(-c3cncnc3)c2)c2ncn(C(C)C)c2n1
1499520,CC(C)C(O)Nc1nc(Nc2cccc(-c3cncnc3)c2)c2ncn(C(C)C)c2n1
1499521,CCC[C@@H](O)Nc1nc(Nc2ccc(-c3ncccn3)cc2)c2ncn(C(C)C)c2n1
1499522,CCC[C@H](O)Nc1nc(Nc2ccc(-c3ncccn3)cc2)c2ncn(C(C)C)c2n1
1499523,CC(C)C[C@@H](O)Nc1nc(Nc2ccc(-c3ncccn3)cc2)c2ncn(C(C)C)c2n1
1499524,CC(C)C[C@H](O)Nc1nc(Nc2ccc(-c3ncccn3)cc2)c2ncn(C(C)C)c2n1
1499525,CC(C)n1cnc2c(Nc3ccc(-c4cncnc4)cc3)nc(Cl)nc21
1499526,CCC[C@@H](O)Nc1nc(Nc2ccc(-c3cncnc3)cc2)c2ncn(C(C)C)c2n1
1499527,CCC[C@H](O)Nc1nc(Nc2ccc(-c3cncnc3)cc2)c2ncn(C(C)C)c2n1
1499528,CC(C)C[C@@H](O)Nc1nc(Nc2ccc(-c3cncnc3)cc2)c2ncn(C(C)C)c2n1
1499529,CC(C)C[C@H](O)Nc1nc(Nc2ccc(-c3cncnc3)cc2)c2ncn(C(C)C)c2n1
1499530,CC(C)CC[C@H](O)Nc1nc(Nc2ccc(-c3cncnc3)cc2)c2ncn(C(C)C)c2n1
1499531,CC(C)n1cnc2c(Nc3ccc(-c4cncnc4)cc3)nc(NC(O)CCO)nc21
1499532,CC(C)C(O)Nc1nc(Nc2ccc(-c3cncnc3)cc2)c2ncn(C(C)C)c2n1
1499533,CC(C)n1cnc2c(Nc3cccc(-c4ncccn4)c3)nc(Cl)nc21
1499534,CCC[C@@H](O)Nc1nc(Nc2cccc(-c3ncccn3)c2)c2ncn(C(C)C)c2n1
28878,CN1CCC(O)(c2nc(-c3ccc(F)cc3)c(-c3ccncc3)o2)CC1
387990,Nc1nc(N)c2nc(-c3cccc(O)c3)c(-c3cccc(O)c3)nc2n1
384022,CC(C)C/C=C1/CC(CO)(COC(=O)CC(CC(C)C)CC(C)C)OC1=O
384519,Nc1nc2ccnc(-c3cc(Br)c(Br)[nH]3)c2[nH]1
385736,c1ccc(Nc2nc(Nc3ccccc3)n3nccc3n2)cc1
384074,CC(C)CC(=O)OCC1(CO)OC(=O)/C(=C\CC(CC(C)C)CC(C)C)O1
1513500,CC(C)n1c(C(CO)CO)nc2c(Nc3ccnnc3)ncnc21
1511607,COc1cccc(OC)c1-c1cnnc(NCc2nc3cc(OCC(=O)O)ccc3s2)n1
1511608,O=C(O)COc1ccc2sc(CNc3nncc(-c4c(Cl)cccc4Cl)n3)nc2c1
1512881,N#Cc1c(N)nc2sc(C(=O)c3ccc(Cl)cc3)c(N)c2c1-c1ccccc1I
1512905,N#Cc1c(N)nc2sc(C(=O)c3cccc(Cl)c3)c(N)c2c1-c1ccccc1I
1512911,N#Cc1c(N)nc2sc(C(=O)c3cccc(Cl)c3)c(N)c2c1-c1ccccc1Br
1512914,N#Cc1c(N)nc2sc(C(=O)c3cccc(Cl)c3)c(N)c2c1-c1ccccc1Cl
1512945,COc1ccc2c(c1)sc1c(Nc3ccc(N(C)C)cc3)ncnc12
1512946,COc1ccc2c(c1)oc1c(Nc3ccc4c(c3)OCO4)ncnc12
1512947,COc1ccc2c(c1)oc1c(Nc3ccc4c(c3)OCCO4)ncnc12
1512948,COc1ccc2c(c1)oc1c(Nc3ccc(F)cc3)ncnc12
1512949,COc1ccc2c(c1)oc1c(Nc3ccc(Br)cc3)ncnc12
1512950,COc1ccc2c(c1)oc1c(Nc3ccc(Cl)cc3)ncnc12
1512951,COc1ccc2c(c1)oc1c(Nc3cccc(Cl)c3)ncnc12
1512952,COc1ccc2c(c1)oc1c(Nc3ccccc3Cl)ncnc12
1512953,COc1ccc2c(c1)oc1c(Nc3ccc(Cl)c(Cl)c3)ncnc12
1512954,COc1ccc2c(c1)oc1c(Nc3cc(Cl)cc(Cl)c3)ncnc12
1512955,COc1ccc2c(c1)oc1c(Nc3ccc(Cl)cc3Cl)ncnc12
1512956,COc1ccc2c(c1)oc1c(Nc3ccc(F)c(Cl)c3)ncnc12
1512957,COc1ccc2c(c1)oc1c(Nc3ccc(Cl)cc3F)ncnc12
1512958,COc1ccc2c(c1)oc1c(Nc3ccc(F)cc3F)ncnc12
1512959,COc1ccc2c(c1)oc1c(Nc3ccc(Br)cc3F)ncnc12
1512960,COc1ccc(Nc2ncnc3c2oc2cc(OC)ccc23)c(F)c1
1512961,COc1ccc2c(c1)oc1c(Nc3ccc(C#N)cc3)ncnc12
1512962,COc1ccc2c(c1)oc1c(Nc3cccc(C(F)(F)F)c3)ncnc12
1512963,COc1ccc2c(c1)oc1c(Nc3ccc(N(C)C)cc3)ncnc12
1512964,COc1ccc2c(c1)sc1c(N)ncnc12
1512965,COc1ccc2c(c1)sc1c(Nc3ccccc3)ncnc12
1512966,COc1ccc2c(c1)sc1c(Nc3ccc(C)cc3)ncnc12
1512967,COc1ccc2c(c1)sc1c(Nc3cccc(C)c3)ncnc12
1512968,COc1ccc(Nc2ncnc3c2sc2cc(OC)ccc23)cc1
1512969,COc1ccc2c(c1)sc1c(Nc3ccc(OC)c(OC)c3)ncnc12
1512970,COc1cc(Nc2ncnc3c2sc2cc(OC)ccc23)cc(OC)c1
1512971,COc1ccc2c(c1)sc1c(Nc3cc(OC)c(OC)c(OC)c3)ncnc12
1512972,COc1ccc2c(c1)sc1c(Nc3ccc4c(c3)OCO4)ncnc12
1512973,COc1ccc2c(c1)sc1c(Nc3ccc4c(c3)OCCO4)ncnc12
1512974,COc1ccc2c(c1)sc1c(Nc3ccc(F)cc3)ncnc12
1512975,COc1ccc2c(c1)sc1c(Nc3ccc(Br)cc3)ncnc12
1512976,COc1ccc2c(c1)sc1c(Nc3ccc(Cl)cc3)ncnc12
1512977,COc1ccc2c(c1)sc1c(Nc3cccc(Cl)c3)ncnc12
1512978,COc1ccc2c(c1)sc1c(Nc3ccccc3Cl)ncnc12
1512979,COc1ccc2c(c1)sc1c(Nc3ccc(Cl)c(Cl)c3)ncnc12
1512980,COc1ccc2c(c1)sc1c(Nc3cc(Cl)cc(Cl)c3)ncnc12
1512981,COc1ccc2c(c1)sc1c(Nc3ccc(Cl)cc3Cl)ncnc12
1512982,COc1ccc2c(c1)sc1c(Nc3ccc(F)c(Cl)c3)ncnc12
1512983,COc1ccc2c(c1)sc1c(Nc3ccc(Cl)cc3F)ncnc12
1512984,COc1ccc2c(c1)sc1c(Nc3ccc(F)cc3F)ncnc12
1512985,COc1ccc2c(c1)sc1c(Nc3ccc(Br)cc3F)ncnc12
1512986,COc1ccc(Nc2ncnc3c2sc2cc(OC)ccc23)c(F)c1
1512987,COc1ccc2c(c1)sc1c(Nc3ccc(C#N)cc3)ncnc12
1512988,COc1ccc2c(c1)sc1c(Nc3cccc(C(F)(F)F)c3)ncnc12
1513164,N#Cc1cccc(C(=O)c2sc3nc(N)c(C#N)c(-c4ccccc4Cl)c3c2N)c1
1513165,COc1ccccc1-c1c(C#N)c(N)nc2sc(C(=O)c3ccccc3)c(N)c12
1513227,COc1ccc2c(c1)oc1c(N)ncnc12
1513228,COc1ccc2c(c1)oc1c(Nc3ccccc3)ncnc12
1513229,COc1ccc2c(c1)oc1c(Nc3ccc(C)cc3)cccc12
1513230,COc1ccc2c(c1)oc1c(Nc3cccc(C)c3)ncnc12
1513231,COc1ccc(Nc2ncnc3c2oc2cc(OC)ccc23)cc1
1513232,COc1ccc2c(c1)oc1c(Nc3ccc(OC)c(OC)c3)ncnc12
1513233,COc1cc(Cc2cccc3c2oc2cc(OC)ccc23)cc(OC)c1
1513234,COc1ccc2c(c1)oc1c(Nc3cc(OC)c(OC)c(OC)c3)ncnc12
1513499,CC(C)[C@@H](CO)Nc1nc(Nc2ccnnc2)c2ncn(C(C)C)c2n1
1513501,CC(C)n1cnc2c(Nc3ccnnc3)nc(C(C)(C)CO)nc21
1513502,CC[C@@H](CO)Nc1nc(Nc2ccnnc2)c2ncn(C(C)C)c2n1
1513503,CC(C)[C@H](CO)Nc1nc(Nc2ccnnc2)c2ncn(C(C)C)c2n1
1513504,CC[C@H](CO)Nc1nc(Nc2ccnnc2)c2ncn(C(C)C)c2n1
1513505,CC(C)n1cnc2c(Nc3ccnnc3)nc(Cl)nc21
1513506,CC(C)n1cnc2c(Nc3cnccn3)nc(Cc3cnccn3)nc21
1513507,CC(C)n1c(Nc2cncc(C(C)(C)CO)n2)nc2cncnc21
1513508,CC(C)[C@H](CO)Nc1cncc(Nc2nc3cncnc3n2C(C)C)n1
1513509,CC[C@H](CO)Nc1cncc(Nc2nc3cncnc3n2C(C)C)n1
1513510,CC(C)n1cnc2c(Nc3cnccn3)nc(Cl)nc21
1513511,CC(C)n1c(C(CO)CO)nc2c(Nc3cncnc3)ncnc21
1513512,CC(C)n1cnc2c(Nc3cncnc3)nc(C(C)(C)CO)nc21
1513513,CC(C)[C@@H](CO)Nc1nc(Nc2cncnc2)c2ncn(C(C)C)c2n1
1513514,CC(C)[C@H](CO)Nc1nc(Nc2cncnc2)c2ncn(C(C)C)c2n1
1513515,CC[C@@H](CO)Nc1nc(Nc2cncnc2)c2ncn(C(C)C)c2n1
1513516,CC[C@H](CO)Nc1nc(Nc2cncnc2)c2ncn(C(C)C)c2n1
1513517,CC(C)n1cnc2c(Nc3cncnc3)nc(Nc3cncnc3)nc21
1513518,CC(C)n1cnc2c(Nc3cncnc3)nc(Cl)nc21
1513519,CC(C)n1cnc2c(Nc3ccncn3)nc(C(C)(C)CO)nc21
1513520,CC(C)n1c(C(CO)CO)nc2c(Nc3ccncn3)ncnc21
1513521,CC(C)[C@@H](CO)Nc1nc(Nc2ccncn2)c2ncn(C(C)C)c2n1
1513522,CC(C)[C@H](CO)Nc1nc(Nc2ccncn2)c2ncn(C(C)C)c2n1
1513523,CC[C@H](CO)Nc1nc(Nc2ccncn2)c2ncn(C(C)C)c2n1
1513524,CC[C@@H](CO)Nc1nc(Nc2ccncn2)c2ncn(C(C)C)c2n1
1513525,CC(C)n1cnc2c(Nc3ccncn3)nc(Cl)nc21
1513526,CC(C)[C@@H](CO)Nc1nc(Nc2ncccn2)c2ncn(C(C)C)c2n1
1513527,CC(C)[C@H](CO)Nc1nc(Nc2ncccn2)c2ncn(C(C)C)c2n1
1513528,CC[C@@H](CO)Nc1nc(Nc2ncccn2)c2ncn(C(C)C)c2n1
1513529,CC(C)n1cnc2c(Nc3ncccn3)nc(Cl)nc21
1513530,CC[C@H](CO)Nc1nc(Nc2ncccn2)c2ncn(C(C)C)c2n1
1513531,CC(C)[C@H](CO)Nc1nc(Nc2ccncc2)c2ncn(C(C)C)c2n1
1513532,CC(C)[C@@H](CO)Nc1nc(Nc2ccncc2)c2ncn(C(C)C)c2n1
1513533,CC[C@H](CO)Nc1nc(Nc2ccncc2)c2ncn(C(C)C)c2n1
1513534,CC[C@@H](CO)Nc1nc(Nc2ccncc2)c2ncn(C(C)C)c2n1
1513535,CC(C)n1c(C(CO)CO)nc2c(Nc3cccnc3)ncnc21
1513536,CC(C)n1cnc2c(Nc3ccncc3)nc(Cl)nc21
1513537,CC(C)[C@@H](CO)Nc1nc(Nc2cccnc2)c2ncn(C(C)C)c2n1
1513538,CC(C)[C@H](CO)Nc1nc(Nc2cccnc2)c2ncn(C(C)C)c2n1
1513539,CC[C@@H](CO)Nc1nc(Nc2cccnc2)c2ncn(C(C)C)c2n1
1513540,CC[C@H](CO)Nc1nc(Nc2cccnc2)c2ncn(C(C)C)c2n1
1513541,CC(C)n1cnc2c(Nc3cccnc3)nc(Cl)nc21
1513542,CC(C)[C@@H](CO)Nc1nc(Nc2ccccn2)c2ncn(C(C)C)c2n1
1513543,CC(C)[C@H](CO)Nc1nc(Nc2ccccn2)c2ncn(C(C)C)c2n1
1513544,CC[C@@H](CO)Nc1nc(Nc2ccccn2)c2ncn(C(C)C)c2n1
1513545,CC[C@H](CO)Nc1nc(Nc2ccccn2)c2ncn(C(C)C)c2n1
1513546,CC(C)n1cnc2c(Nc3ccccn3)nc(Cl)nc21
1513820,Cc1cn([C@H]2C[C@H](O)[C@@H](CCC#N)O2)c(=O)[nH]c1=O
1513821,Cc1cn([C@H]2C[C@H](O)[C@@H](CCc3nnn[nH]3)O2)c(=O)[nH]c1=O
384021,CC(C)CC(=O)OCC1(CO)C/C(=C/CC(CC(C)C)CC(C)C)C(=O)O1
1516100,O=C1Nc2c(cccc2C(F)(F)F)/C1=C1/Nc2ccc(C(=O)O)cc2/C1=N\O
1516088,O=C1Nc2c(Br)cccc2/C1=C1/Nc2cc(C(=O)O)ccc2C1=O
1516089,O=C1Nc2c(cccc2C(F)(F)F)/C1=C1/Nc2cc(C(=O)O)ccc2C1=O
1516090,O=C1Nc2c(Br)cccc2/C1=C1/Nc2ccc(CO)cc2C1=O
1516091,O=C1Nc2c(Br)cccc2/C1=C1/Nc2ccc(/C=N/O)cc2C1=O
1516092,O=C1Nc2c(cccc2C(F)(F)F)/C1=C1/Nc2ccccc2/C1=N\O
1516094,COC(=O)c1ccc2c(c1)C(=N\O)/C(=C1/C(=O)Nc3ccccc31)N2
1516095,O=C1Nc2ccccc2/C1=C1/Nc2ccc(C(=O)O)cc2/C1=N\O
1516096,COC(=O)c1ccc2c(c1)C(=N\O)/C(=C1/C(=O)Nc3c(Br)cccc31)N2
1516097,COC(=O)c1ccc2c(c1)C(=N\O)/C(=C1/C(=O)Nc3c1cccc3C(F)(F)F)N2
1516098,N#Cc1ccc2c(c1)C(=N\O)/C(=C1/C(=O)Nc3c1cccc3C(F)(F)F)N2
1516099,O=C1Nc2c(cccc2C(F)(F)F)/C1=C1/Nc2ccc(-c3nnn[nH]3)cc2/C1=N\O
1516101,COC(=O)c1ccc2c(c1)C(=N\O)/C(=C1/C(=O)N(C)c3c(Br)cccc31)N2
1516102,CN1C(=O)/C(=C2\Nc3ccc(C(=O)O)cc3\C2=N/O)c2cccc(Br)c21
1516103,O=C1Nc2ccccc2/C1=C1/Nc2cc(C(=O)O)ccc2/C1=N\O
1516104,COC(=O)c1ccc2c(c1)NC(=C1\C(=O)Nc3c(Br)cccc31)/C2=N/O
1516105,COC(=O)c1ccc2c(c1)NC(=C1\C(=O)Nc3c1cccc3C(F)(F)F)/C2=N/O
1516106,O=C1Nc2c(Br)cccc2/C1=C1/Nc2cc(C(=O)O)ccc2/C1=N\O
1516107,O=C1Nc2c(cccc2C(F)(F)F)/C1=C1/Nc2cc(C(=O)O)ccc2/C1=N\O
1516108,O=C1Nc2c(Br)cccc2/C1=C1/Nc2ccc(CO)cc2/C1=N\O
1516109,O=C1Nc2c(Br)cccc2/C1=C1/Nc2ccc(/C=N\O)cc2/C1=N\O
1516111,COC(=O)c1ccc2c(c1)C(=O)/C(=C1/C(=O)Nc3ccccc31)N2
1516112,O=C1Nc2ccccc2/C1=C1/Nc2ccc(C(=O)O)cc2C1=O
1516113,COC(=O)c1ccc2c(c1)C(=O)/C(=C1/C(=O)Nc3c(Br)cccc31)N2
1516114,COC(=O)c1ccc2c(c1)C(=O)/C(=C1/C(=O)Nc3c1cccc3C(F)(F)F)N2
1516115,N#Cc1ccc2c(c1)C(=O)/C(=C1/C(=O)Nc3c1cccc3C(F)(F)F)N2
1516116,O=C1Nc2c(cccc2C(F)(F)F)/C1=C1/Nc2ccc(-c3nnn[nH]3)cc2C1=O
1516117,COC(=O)c1ccc2c(c1)C(=O)/C(=C1/C(=O)N(C)c3c(Br)cccc31)N2
1516118,O=C1Nc2ccccc2/C1=C1/Nc2cc(C(=O)O)ccc2C1=O
1516119,COC(=O)c1ccc2c(c1)N/C(=C1\C(=O)Nc3c(Br)cccc31)C2=O
1516163,COC(=O)c1ccc2c(c1)N/C(=C1\C(=O)Nc3c1cccc3C(F)(F)F)C2=O
1518433,O=C(CSc1nc2c(c(=O)n1-c1ccccc1)SCC2)Nc1nc2ccc(C(F)(F)F)cc2s1
1518763,CC(C)(C)n1nc(Cc2cc(F)cc(F)c2)c2c(N)ncnc21
1518767,CC(C)(C)n1nc(Cc2cccc(Cl)c2)c2c(N)ncnc21
1520078,CC(C)(C)[C@@H](NC(=O)c1c[nH]c2ncc(C3CC3)nc12)C(=O)N1CC(C#N)C1
1520081,N#C[C@H]1CCN(C(=O)[C@H](NC(=O)c2c[nH]c3ncc(C4CC4)nc23)C2CC2)C1
396659,C[C@H](Nc1nccc(-c2c(-c3ccc(F)cc3)nc3cc(CN(C)CCNS(C)(=O)=O)ccn23)n1)c1ccccc1
396661,CN(C)Cc1ccn2c(-c3ccnc(Nc4ccccc4)n3)c(-c3ccc(F)cc3)nc2c1
396668,CC(C)N(C)Cc1ccn2c(-c3ccnc(NCC(C)(C)C)n3)c(-c3ccc(F)cc3)nc2c1
396669,CN(C)Cc1ccn2c(-c3ccnc(NC(C)(C)C)n3)c(-c3ccc(F)cc3)nc2c1
396671,CC(C)Nc1nccc(-c2c(-c3ccc(F)cc3)nc3cc(CN(C)C)ccn23)n1
1521278,COc1ccc(-c2ccc3ncc4c(c3n2)n(-c2ccc(C(C)(C)C#N)cc2)c(=O)n4C)cn1
1521279,COc1ccc(-c2ccc3ncc4c(c3n2)n([C@H]2CC[C@H](OCCO)CC2)c(=O)n4C)cn1
1521280,COc1ccc(-c2ccc3ncc4c(c3n2)n([C@H]2CC[C@H](O)CC2)c(=O)n4C)cn1
1521281,COc1ccc(-c2ccc3ncc4c(c3n2)n(C2CCN(C)CC2)c(=O)n4C)cn1
1521282,COc1ccc(-c2ccc3ncc4c(c3n2)n(C2CCN(C(C)=O)CC2)c(=O)n4C)cn1
1521283,CC(=O)N1CCC(n2c(=O)n(C)c3cnc4ccc(-c5ccc(C)nc5)nc4c32)CC1
1521284,Cc1ccc(-c2ccc3ncc4c(c3n2)n(C2CCN(C(=O)CO)CC2)c(=O)n4C)cn1
1521285,Cc1ccc(-c2ccc3ncc4c(c3n2)n(C2CCN(C(=O)[C@H](C)O)CC2)c(=O)n4C)cn1
1521286,Cc1ccc(-c2ccc3ncc4c(c3n2)n(C2CCN(C(=O)C(C)(C)O)CC2)c(=O)n4C)cn1
1521287,COCC(=O)N1CCC(n2c(=O)n(C)c3cnc4ccc(-c5ccc(C)nc5)nc4c32)CC1
1521288,CC(=O)N1CCC(n2c(=O)n(C)c3cnc4ccc(-c5cccc6[nH]ncc56)nc4c32)CC1
1521289,CC(=O)N1CCC(n2c(=O)n(C)c3cnc4ccc(-c5cnc6[nH]ncc6c5)nc4c32)CC1
1521290,C[C@H](O)C(=O)N1CCC(n2c(=O)n(C)c3cnc4ccc(-c5cccc6[nH]ncc56)nc4c32)CC1
396672,CC(C)Nc1nccc(-c2c(-c3ccc(F)cc3)nc3cc(CN4CCC4)ccn23)n1
31153,CC(C)[C@H](CO)Nc1nc(Nc2cccc(Cl)c2)c2ncn(C(C)C)c2n1
396656,C[C@H](Nc1nccc(-c2c(-c3ccc(F)cc3)nc3cc(CN(C)CC(=O)N4CCCC4)ccn23)n1)c1ccccc1
1527235,CC[C@H](C)[C@@H]1NC(=O)[C@H](Cc2ccccc2)NC(=O)[C@H](CC(=O)O)NC(=O)[C@@H](NC(=O)[C@@H](NC(=O)[C@H](CO)NC(=O)[C@@H](N)Cc2ccc(O)cc2)[C@@H](C)O)CSC(=O)[C@H](CCSC)NC1=O
396652,C[C@H](Nc1nccc(-c2c(-c3ccc(F)cc3)nc3cc(CN(C)CCN4CCC4)ccn23)n1)c1ccccc1
396653,C[C@H](Nc1nccc(-c2c(-c3ccc(F)cc3)nc3cc(CN(C)CCCN(C)C)ccn23)n1)c1ccccc1
396655,C[C@H](Nc1nccc(-c2c(-c3ccc(F)cc3)nc3cc(CN(C)CC(=O)N4CCC4)ccn23)n1)c1ccccc1
396644,C[C@H](Nc1nccc(-c2c(-c3ccc(F)cc3)nc3cc(CN(C)CCO)ccn23)n1)c1ccccc1
1529541,CCNC(=O)Nc1nc2ccc(-c3ccccc3OC)cc2s1
1529554,COc1ccccc1-c1ccc2nc(NC(=O)NCCO)sc2c1
1529556,COc1ccccc1-c1ccc2nc(NC(=O)NCCN3CCN(C)CC3)sc2c1
1530564,CC(C)C(=O)Nc1n[nH]c(=O)c2ccccc12
1530565,Nc1n[nH]c(=O)c2ccccc12
1530566,O=C(Nc1n[nH]c(=O)c2ccccc12)c1ccccc1
1530567,O=c1cc(-c2ccccc2)c(NCCN2CCCCC2)n[nH]1
1530568,CN1CCC(Nc2cc(-c3ccccc3)c(=O)[nH]n2)CC1
1530569,O=c1[nH]nc(NCc2ccccc2)c2ccccc12
1530570,CCCNc1n[nH]c(=O)c2ccccc12
1530571,O=c1[nH]nc(NCCN2CCCCC2)c2ccccc12
1530572,CN1CCC(Nc2n[nH]c(=O)c3ccccc23)CC1
1530573,CC(=O)Nc1n[nH]c(=O)cc1-c1ccccc1
1530574,Nc1n[nH]c(=O)cc1-c1ccccc1
1530575,CC(=O)Nc1cc(-c2ccccc2)c(=O)[nH]n1
1530576,Nc1cc(-c2ccccc2)c(=O)[nH]n1
1530577,O=C(Nc1cc(-c2ccccc2)c(Cl)nn1)c1ccccc1
1530578,O=C(Nc1cc(-c2ccccc2)c(=O)[nH]n1)c1ccccc1
1530579,CCCCCC(=O)N(C(=O)CCCCC)c1nnc(Cl)c2ccccc12
1530580,O=C(Cc1ccccc1)N(C(=O)Cc1ccccc1)c1nnc(Cl)c2ccccc12
1530581,O=C(Cc1ccccc1)Nc1nnc(Cl)c2ccccc12
1530582,CC(=O)N(C(C)=O)c1n[nH]c(=O)c2ccccc12
1530583,CC(C)C(=O)N(C(=O)C(C)C)c1n[nH]c(=O)c2ccccc12
1530584,CCCCCC(=O)Nc1n[nH]c(=O)c2ccccc12
1530585,O=C(Cc1ccccc1)Nc1n[nH]c(=O)c2ccccc12
1530586,CC(=O)Nc1n[nH]c(=O)c2ccccc12
1530587,O=c1[nH]nc(NCc2ccccc2)cc1-c1ccccc1
1530588,O=c1cc(-c2ccccc2)c(NCc2ccccc2)n[nH]1
1530589,CCCNc1cc(-c2ccccc2)c(=O)[nH]n1
1530590,CCCNc1n[nH]c(=O)cc1-c1ccccc1
1530591,O=c1[nH]nc(NCCN2CCCCC2)cc1-c1ccccc1
1531236,COCCNc1nc(OCCc2ccc(OC)cc2)c2c(n1)-c1ccccc1CC2(C)C
1531240,C=CCNc1nc2c(c(=O)n1CC=C)C(C)(C)Cc1cc(OC)ccc1-2
1531246,C=CCn1c(NCC)nc2c(c1=O)C(C)(C)Cc1cc(OC(C)C)ccc1-2
1531259,C=CCn1c(SCCOC)nc2c(c1=O)C(C)(C)Cc1ccccc1-2
1531358,C=CCn1c(SCc2ccccc2)nc2c(c1=O)C(C)(C)Cc1ccccc1-2
1531359,C=CCn1c(SCC)nc2c(c1=O)C(C)(C)Cc1ccccc1-2
1531361,C=CCn1c(NCC)nc2c(c1=O)C(C)(C)Cc1ccc(OC)cc1-2
1531363,C=CCn1c(NCC)nc2c(c1=O)C(C)(C)Cc1cc(OC)ccc1-2
1531365,C=CCn1c(SCCCC)nc2c(c1=O)C1(CCCCC1)Cc1ccccc1-2
1531367,C=CCn1c(SCc2ccccc2)nc2c(c1=O)C1(CCCCC1)Cc1ccccc1-2
1531371,C=CCn1c(SC)nc2c(c1=O)C1(CCCCC1)Cc1ccccc1-2
403998,Cc1cn([C@@H]2C[C@H](O)[C@@H](CNC(=S)NCCc3ccccc3)O2)c(=O)[nH]c1=O
403925,Cc1cn([C@@H]2C[C@H](O)[C@@H](CNC(=S)Nc3ccc(Cl)c(Cl)c3)O2)c(=O)[nH]c1=O
403928,Cc1cn([C@@H]2C[C@H](O)[C@@H](CNC(=S)Nc3ccc(N4CCOCC4)cc3)O2)c(=O)[nH]c1=O
403930,Cc1cn([C@@H]2C[C@H](O)[C@@H](CNC(=S)NC34CC5CC(CC(C5)C3)C4)O2)c(=O)[nH]c1=O
404044,Cc1cn([C@@H]2C[C@H](O)[C@@H](CNC(=O)c3ccccc3)O2)c(=O)[nH]c1=O
404048,Cc1cn([C@@H]2C[C@H](O)[C@@H](CN=[N+]=[N-])O2)c(=O)[nH]c1=O
403868,Cc1cn([C@H]2C[C@H](CNC(=S)Nc3ccc(Cl)cc3)[C@@H](CO)O2)c(=O)[nH]c1=O
30379,O=P(O)(O)O[C@H]1[C@H](O)[C@@H](OP(=O)(O)O)[C@H](OP(=O)(O)O)[C@@H](OP(=O)(O)O)[C@H]1O
399479,O=C(CCCc1ccc(-c2ccccc2F)cc1)Nc1ccc(O)cc1
403869,COc1ccc(NC(=S)NC[C@H]2C[C@H](n3cc(C)c(=O)[nH]c3=O)O[C@@H]2CO)cc1
403871,Cc1cn([C@H]2C[C@H](CNC(=S)Nc3ccc(Cl)c(Cl)c3)[C@@H](CO)O2)c(=O)[nH]c1=O
403872,Cc1cn([C@H]2C[C@H](CNC(=S)Nc3ccc(OCc4ccccc4)cc3)[C@@H](CO)O2)c(=O)[nH]c1=O
403992,Cc1cn([C@@H]2C[C@H](O)[C@@H](CNC(=S)NC(=O)c3ccccc3)O2)c(=O)[nH]c1=O
403981,Cc1cn([C@@H]2C[C@H](O)[C@@H](CNC(=S)NCc3ccccc3)O2)c(=O)[nH]c1=O
1540471,CCCCSc1nc2c(N)ncnc2n1[C@@H]1O[C@H](COP(=O)(O)OP(=O)(O)OP(=O)(O)O)[C@@H](O)[C@H]1O
1542028,O=c1[nH]c(=O)n([C@H]2C[C@H](O)[C@@H](CO)O2)cc1-c1ccc(Cl)s1
1542030,O=c1[nH]c(=O)n([C@H]2C[C@H](O)[C@@H](CO)O2)cc1-c1ccc(Cl)o1
1542031,O=c1[nH]c(=O)n([C@H]2C[C@H](O)[C@@H](CO)O2)cc1-c1ccc(Br)o1
1542034,O=c1[nH]c(=O)n([C@H]2C[C@H](O)[C@@H](CO)O2)cc1-c1ccco1
1543412,O=c1[nH]c(=O)n([C@H]2C[C@H](O)[C@@H](CO)O2)cc1-c1cc(Br)no1
404028,Cc1cn([C@@H]2CC[C@@H](CNC(=S)Nc3ccc(Cl)c(C(F)(F)F)c3)O2)c(=O)[nH]c1=O
1546136,CC(C)[C@H](NC(=O)[C@H](CC(N)=O)NC(=O)[C@@H]1C[C@H](O)CN1)C(=O)N[C@@H](Cc1ccccc1)C(=O)N[C@@H](C)C(=O)OCc1ccccc1
1546221,CC[C@@H]1NC(=O)[C@@H](NC(=O)[C@@H](NC(=O)[C@H](CO)NC(=O)[C@@H](N)Cc2ccc(O)cc2)[C@@H](C)O)CSC(=O)[C@@H](CCSC)NC(=O)[C@H]([C@@H](C)CC)NC(=O)[C@@H](Cc2ccccc2)NC1=O
404022,Cc1cn([C@@H]2C[C@H](O)[C@@H](CNC(=O)Nc3ccc(Cl)c(Cl)c3)O2)c(=O)[nH]c1=O
1557800,COc1ncc(-c2cc3c(C)nc(N)nc3n([C@H]3CC[C@H](OCO)CC3)c2=O)cn1
1557785,Cc1nc(N)nc2c1cc(-c1cnc3ccccc3c1)c(=O)n2[C@H]1CC[C@H](OCC(N)=O)CC1
1557786,Cc1nc(N)nc2c1cc(-c1cnn(C)c1)c(=O)n2[C@H]1CC[C@H](OCC(N)=O)CC1
1557787,Cc1nc(N)nc2c1cc(-c1cn[nH]c1)c(=O)n2[C@H]1CC[C@H](OCC(N)=O)CC1
1557788,COc1ncc(-c2cc3c(C)nc(N)nc3n([C@H]3CC[C@H](OCC(N)=O)CC3)c2=O)cn1
1557789,COc1ncc(-c2cc3c(C)nc(N)nc3n([C@H]3CC[C@H](OCC(N)=O)CC3)c2=O)cc1F
1557790,COc1ccc(-c2cc3c(C)nc(N)nc3n([C@H]3CC[C@H](OCC(N)=O)CC3)c2=O)cn1
1557791,Cc1nc(N)nc2c1cc(-c1cnc3ccccc3c1)c(=O)n2[C@H]1CC[C@@H](OCC(N)=O)CC1
1557792,Cc1nc(N)nc2c1cc(-c1cnn(C)c1)c(=O)n2[C@H]1CC[C@@H](OCC(N)=O)CC1
1557793,COc1ncc(-c2cc3c(C)nc(N)nc3n([C@H]3CC[C@@H](OCC(N)=O)CC3)c2=O)cn1
1557794,Cc1nc(N)nc2c1cc(-c1cn[nH]c1)c(=O)n2[C@H]1CC[C@@H](OCC(N)=O)CC1
1557795,COc1ncc(-c2cc3c(C)nc(N)nc3n([C@H]3CC[C@@H](OCC(N)=O)CC3)c2=O)cc1F
1557796,COc1ccc(-c2cc3c(C)nc(N)nc3n([C@H]3CC[C@@H](OCC(N)=O)CC3)c2=O)cn1
1557797,Cc1nc(N)nc2c1cc(-c1cnc3ccccc3c1)c(=O)n2[C@H]1CC[C@H](OCO)CC1
1557798,Cc1nc(N)nc2c1cc(-c1cnn(C)c1)c(=O)n2[C@H]1CC[C@H](OCO)CC1
1557799,Cc1nc(N)nc2c1cc(-c1cn[nH]c1)c(=O)n2[C@H]1CC[C@H](OCO)CC1
1557801,COc1ncc(-c2cc3c(C)nc(N)nc3n([C@H]3CC[C@H](OCO)CC3)c2=O)cc1F
1557802,Cc1nc(N)nc2c1cc(-c1cnc3ccccc3c1)c(=O)n2[C@H]1CC[C@@H](OCO)CC1
1557803,Cc1nc(N)nc2c1cc(-c1cnn(C)c1)c(=O)n2[C@H]1CC[C@@H](OCO)CC1
1557926,Cc1nc(N)nc2c1cc(-c1cn[nH]c1)c(=O)n2[C@H]1CC[C@@H](OCO)CC1
1557927,COc1ncc(-c2cc3c(C)nc(N)nc3n([C@H]3CC[C@@H](OCO)CC3)c2=O)cn1
1557928,COc1ncc(-c2cc3c(C)nc(N)nc3n([C@H]3CC[C@@H](OCO)CC3)c2=O)cc1F
1557929,COc1ccc(-c2cc3c(C)nc(N)nc3n([C@H]3CC[C@@H](OCO)CC3)c2=O)cn1
1557930,COc1ccc(-c2cc3c(C)nc(N)nc3n([C@H]3CC[C@H](OCC(=O)O)CC3)c2=O)cn1
1558748,O=C(NCCCN1CCOCC1)c1ccc(-n2ncc3cc(Nc4ccccc4Cl)ccc32)cc1
1558757,O=C(NCCN1CCOCC1)c1cccc(-n2ncc3cc(Nc4ccccc4Cl)ccc32)c1
1558764,O=C(NCCO)c1cccc(-n2ncc3cc(Nc4ccccc4Cl)ccc32)c1
1558772,O=C(NCCN1CCOCC1)c1ccnc(-n2ncc3cc(Nc4ccccc4Cl)ccc32)c1
403856,Cc1cn([C@@H]2C[C@@H](CNC(=O)NC[C@H]3C[C@H](n4cc(C)c(=O)[nH]c4=O)O[C@@H]3CO)[C@H](CO)O2)c(=O)[nH]c1=O
28928,OC1(c2nc(-c3ccc(F)cc3)c(-c3ccncc3)[nH]2)CCCC1
409287,COc1cc(Nc2c(C#N)cnc3cc(C#CCCN(C)C)c(OC)cc23)c(Cl)cc1Cl
409301,COc1cc2c(Nc3cc(OC)c(OC)c(OC)c3)c(C#N)cnc2cc1C#CCCN1CCN(C)CC1
1567700,Cc1nc(NC(=O)N2CCC[C@H]2C(N)=O)sc1-c1ccnc(C(C)(C)C(F)(F)F)c1
405966,O=C1NC(=O)c2c1c1c3cc(O)ccc3[nH]c1c1cccn21
1567694,Cc1nc(NC(=O)N2CCC[C@H]2C(N)=O)sc1-c1ccnc(C(C)(C)C)n1
409309,COc1cc(Nc2c(C#N)cnc3cc(C#CCCN4CCN(C)CC4)ccc23)cc(OC)c1OC
409289,COc1cc(Nc2c(C#N)cnc3cc(C#CCCN4CCOCC4)c(OC)cc23)c(Cl)cc1Cl
1571418,CC(C)(C)c1cc(NC(=O)Nc2ccc(Nc3ncnc4ccc([N+](=O)[O-])cc34)cc2)n(-c2cccc([N+](=O)[O-])c2)n1
1571419,CC(C)(C)c1cc(NC(=O)Nc2ccc(Nc3ncnc4ccccc34)cc2)n(-c2cccc([N+](=O)[O-])c2)n1
1571420,CC(C)(C)c1cc(NC(=O)Nc2ccc(Nc3ncnc4ccc(N)cc34)cc2)n(-c2cccc(N)c2)n1
1571421,CC(C)(C)c1cc(NC(=O)Nc2ccc(Nc3ncnc4ccccc34)cc2)n(-c2cccc(N)c2)n1
1571422,CC(C)(C)c1cc(NC(=O)Nc2ccc(Nc3ncnc4ccc(N)cc34)cc2)n(-c2cccc(NC(=O)OCC3c4ccccc4-c4ccccc43)c2)n1
1571423,CCC(=O)Nc1ccc2ncnc(Nc3ccc(NC(=O)Nc4cc(C(C)(C)C)nn4-c4cccc(N)c4)cc3)c2c1
1571424,CN(C)CCCC(=O)Nc1ccc2ncnc(Nc3ccc(NC(=O)Nc4cc(C(C)(C)C)nn4-c4cccc(N)c4)cc3)c2c1
1571425,CN1CCN(CCC(=O)Nc2ccc3ncnc(Nc4ccc(NC(=O)Nc5cc(C(C)(C)C)nn5-c5cccc(N)c5)cc4)c3c2)CC1
1571426,CC(C)(C)c1cc(NC(=O)Nc2ccc(Nc3ncnc4ccc(NC(=O)CCN5CCOCC5)cc34)cc2)n(-c2cccc(N)c2)n1
1571479,CC(C)(C)c1cc(NC(=O)Nc2cccc(Nc3ncnc4ccccc34)c2)n(-c2cccc([N+](=O)[O-])c2)n1
1571480,CC(C)(C)c1cc(NC(=O)Nc2cccc(Nc3ncnc4ccccc34)c2)n(-c2cccc(N)c2)n1
1571484,Nc1ccc2ncnc(Nc3ccc(NC(=O)Nc4ccc(Cl)c(C(F)(F)F)c4)cc3)c2c1
409290,COc1cc(Nc2c(C#N)cnc3cc(C#CCCN4CCNCC4)c(OC)cc23)c(Cl)cc1Cl
409293,COc1cc(Nc2c(C#N)cnc3cc(C#CCCN4CCN(C)CC4)ccc23)c(Cl)cc1Cl
408170,c1ccc(-c2oc3nccc(NC[C@@H]4CCCO4)c3c2-c2ccccc2)cc1
406719,CC(C)(C)OC(=O)NCCCCCC(=O)O[C@H]1[C@H](O)[C@@H](CO)O[C@H]1n1cc(/C=C/Br)c(=O)[nH]c1=O
407165,O=C(O)Cc1ccccc1O
406720,CC(C)(C)OC(=O)NCCCCCCCC(=O)O[C@H]1[C@H](O)[C@@H](CO)O[C@H]1n1cc(/C=C/Br)c(=O)[nH]c1=O
406723,NCCCCCC(=O)O[C@H]1[C@H](O)[C@@H](CO)O[C@H]1n1cc(/C=C/Br)c(=O)[nH]c1=O
409298,COc1cc2c(Nc3ccc(Cl)cc3Cl)c(C#N)cnc2cc1C#CCCN1CCN(C)CC1
409299,CCOc1cc2c(Nc3cc(OC)c(Cl)cc3Cl)c(C#N)cnc2cc1C#CCCN1CCN(C)CC1
1573205,Cc1cc(-c2n[nH]c3cc(NC(=O)NCc4ccccc4)ncc23)ccn1
1573206,Cc1cc(-c2n[nH]c3cc(NC(=O)N[C@H](C)c4ccccc4)ncc23)ccn1
1573207,COc1cccc(F)c1CN1CCC[C@@H](NC(=O)Nc2cc3[nH]nc(-c4ccnc(C)c4)c3cn2)C1
1574274,OC[C@H]1C[C@@H](O)CCN1CCc1ccc(Nc2nc(-c3ccc(Cl)cc3Cl)cs2)cc1
1574319,OC[C@H]1C[C@@H](O)CCN1CCc1ccc(Nc2nc(-c3ccc(C(F)(F)F)cc3)cs2)cc1
409284,COc1cc(Nc2c(C#N)cnc3cc(C#CCN4CCN(C)CC4)c(OC)cc23)c(Cl)cc1Cl
406694,COc1ccc(CC(=O)O[C@H]2[C@H](O)[C@@H](CO)O[C@H]2n2cc(/C=C/Br)c(=O)[nH]c2=O)cc1
407813,C/C(Br)=C\CC/C(C)=C/CC(C)(C)/C=C/C(=O)O
1581700,COc1ccc(Br)cc1-c1nc(CSc2nc(N)cc(N)n2)cs1
1580602,COc1cc(C)c(-c2c3c4cc(OC)c(O)cc4oc(=O)c3n3ccc4cc(O)c(OC)cc4c23)cc1O
1581583,CCc1sc(-c2cc(F)cc(F)c2)nc1CSc1nc(N)cc(N)n1
1581584,CCc1sc(-c2ccc(F)cc2)nc1CSc1nc(N)cc(N)n1
1581682,CCc1sc(-c2cccc(F)c2)nc1CSc1nc(N)cc(N)n1
1581683,CCCc1sc(-c2ccc(OC)c(OCCF)c2)nc1CSc1nc(N)cc(N)n1
1581684,CCCc1sc(-c2cc(F)cc(F)c2)nc1CSc1nc(N)cc(N)n1
1581685,CCCc1sc(-c2ccc(F)cc2)nc1CSc1nc(N)cc(N)n1
1581686,CCCc1sc(-c2cccc(F)c2)nc1CSc1nc(N)cc(N)n1
1581701,COc1ccc(-c2nc(CSc3nc(N)cc(N)n3)cs2)cc1
1581702,Cc1ccc(-c2nc(CSc3nc(N)cc(N)n3)cs2)cc1
1581703,COc1cccc(-c2nc(CSc3nc(N)cc(N)n3)cs2)c1
1581704,CCOc1ccc(-c2nc(CSc3nc(N)cc(N)n3)cs2)cc1OC
1581705,c1ccc(-c2nc(CSc3ncccn3)cs2)cc1
1581706,COc1ccc(-c2nc(CSc3ncccn3)cs2)cc1
1581707,COc1cc(-c2nc(CSc3nc(N)cc(N)n3)cs2)ccc1OCCF
1581708,COc1ccc(-c2nc(CSc3nc(N)cc(N)n3)cs2)cc1OCCF
1581709,CCOc1ccc(-c2nc(CSc3nc(N)cc(N)n3)cs2)cc1OCCF
1581710,Cc1ccc(-c2nc(CSc3nc(N)cc(N)n3)cs2)cc1OCCF
1581711,COc1ccc(-c2nc(CSc3nc(N)cc(N)n3)cs2)cc1OCCCF
1581712,COc1ccc(OCCF)cc1-c1nc(CSc2nc(N)cc(N)n2)cs1
1581713,COc1cc(OCCF)ccc1-c1nc(CSc2nc(N)cc(N)n2)cs1
1581714,COc1ccc(-c2nc(CSc3nc(N)cc(N)n3)c(C)s2)cc1OCCF
1581715,Cc1sc(-c2cc(F)cc(F)c2)nc1CSc1nc(N)cc(N)n1
1581716,Cc1sc(-c2ccc(F)cc2)nc1CSc1nc(N)cc(N)n1
1581717,Cc1sc(-c2cccc(F)c2)nc1CSc1nc(N)cc(N)n1
1581718,COc1cc(-c2nc(CSc3nc(N)nc(N)n3)cs2)ccc1OCCF
1581719,COc1ccc(-c2nc(CSc3nc(N)nc(N)n3)cs2)cc1OCCF
1581720,CCOc1ccc(-c2nc(CSc3nc(N)nc(N)n3)cs2)cc1OCCF
1581721,Cc1ccc(-c2nc(CSc3nc(N)nc(N)n3)cs2)cc1OCCF
1581722,COc1ccc(-c2nc(CSc3nc(N)nc(N)n3)cs2)cc1OCCCF
1581723,COc1ccc(OCCF)cc1-c1nc(CSc2nc(N)nc(N)n2)cs1
1581724,CCc1sc(-c2ccc(OC)c(OCCF)c2)nc1CSc1nc(N)cc(N)n1
1582368,CC(=O)Nc1cccc(-c2cnc3[nH]nc(C)c3c2)c1
1582369,CC(=O)Nc1nccc(-c2c(-c3ccccc3)noc2C)n1
1583379,O=C(O)C1=CC(O)CC1
1586131,COc1cc(-c2cnc3[nH]cc(-c4cnc(N)nc4)c3c2)cc(OC)c1OC
1586133,CN1CCN(Cc2ccc(-c3cnc4[nH]cc(-c5ccc6[nH]ccc6c5)c4c3)cc2)CC1
1586134,COc1cc(-c2cnc3[nH]c(=O)n(-c4ccc5[nH]ccc5c4)c3n2)cc(OC)c1OC
1586135,COc1cc(-c2cnc3[nH]cc(-c4ccc5[nH]ccc5c4)c3c2)cc(OC)c1OC
1586136,Nc1ccc(-c2cnc3[nH]cc(-c4ccc5[nH]ccc5c4)c3c2)cn1
1586137,COc1cc(-c2cnc3[nH]cc(-c4ccc(N)nc4)c3c2)cc(OC)c1OC
1586138,Nc1ncc(-c2cnc3[nH]cc(-c4ccc5[nH]ccc5c4)c3c2)cn1
387121,CCCCCCCC/C=C/c1cc2cn([C@H]3C[C@H](O)[C@@H](CO)O3)c(=O)nc2o1
387137,CCCCc1ccc(-c2cc3cn([C@H]4C[C@H](O)[C@@H](CO)O4)c(=O)nc3o2)nc1
387139,CCCCCc1ccc(-c2cc3cn([C@H]4C[C@H](O)[C@@H](CO)O4)c(=O)nc3o2)nc1
387140,CCCCCCc1ccc(-c2cc3cn([C@H]4C[C@H](O)[C@@H](CO)O4)c(=O)nc3o2)nc1
387142,CCCCCc1ccc(-c2cc3cn([C@H]4C[C@H](O)[C@@H](CO)O4)c(=O)nc3o2)cn1
387143,CCCCCCc1ccc(-c2cc3cn([C@H]4C[C@H](O)[C@@H](CO)O4)c(=O)nc3o2)cn1
387145,CCCCCc1cnc(-c2cc3cn([C@H]4C[C@H](O)[C@@H](CO)O4)c(=O)nc3o2)nc1
31973,CCCCCCCC(=O)OCC(CO)OC(=O)CCCCCCC
415039,Nc1ncnc2occ(-c3ccc(NC(=O)Nc4cc(C(F)(F)F)ccc4F)cc3)c12
407986,CN(C)CCOc1ccc(-c2oc3ncnc(NC[C@@H]4CCCO4)c3c2-c2ccccc2)cc1
33576,COc1cc2/c(=N/c3ccc(Br)cc3F)nc[nH]c2cc1OCC1CCN(C)CC1
412621,O=c1nc2oc(-c3ccc(I)c(O)c3)cc2cn1[C@H]1C[C@H](O)[C@@H](CO)O1
413868,Cc1ccc2[nH]ncc2c1Nc1ccnc(Nc2cccc(S(N)(=O)=O)c2)n1
413829,Cc1ccc(C(=O)N(C)C)cc1Nc1ccnc(Nc2cccc(C(N)=O)c2)n1
413830,Cc1ccc(NS(C)(=O)=O)cc1Nc1ccnc(Nc2cccc(C(N)=O)c2)n1
418273,CN(C)Cc1ccn2c(-c3ccnc(NCc4ccccc4Cl)n3)c(-c3ccc(F)cc3)nc2c1
413832,COc1cccc(Nc2ccnc(Nc3cccc(C(N)=O)c3)n2)c1
413834,CC(=O)N(C)c1cccc(Nc2ccnc(Nc3cccc(C(N)=O)c3)n2)c1
413815,Cc1ccc(O)cc1Nc1ccnc(Nc2cccc(C(N)=O)c2)n1
413816,NC(=O)c1cccc(Nc2nccc(Nc3cccc(O)c3)n2)c1
413835,NC(=O)c1cccc(Nc2nccc(Nc3ccc(F)cc3F)n2)c1
413836,Cc1ccc(O)cc1Nc1ccnc(Nc2cccc(S(N)(=O)=O)c2)n1
413838,NS(=O)(=O)c1cccc(Nc2nccc(Nc3ccc(F)cc3F)n2)c1
418275,CN(C)Cc1ccn2c(-c3ccnc(NCc4cccc(F)c4)n3)c(-c3ccc(F)cc3)nc2c1
418278,CN(C)Cc1ccn2c(-c3ccnc(NCc4cccc(Cl)c4)n3)c(-c3ccc(F)cc3)nc2c1
413840,Cn1cnc2ccc(Nc3ccnc(Nc4cccc(C(N)=O)c4)n3)cc21
418279,Cc1cccc(CNc2nccc(-c3c(-c4ccc(F)cc4)nc4cc(CN(C)C)ccn34)n2)c1
418280,CN(C)Cc1ccn2c(-c3ccnc(NCc4ccc(F)cc4)n3)c(-c3ccc(F)cc3)nc2c1
413905,Cc1ccc2nc(NCCN)c3ncc(C)n3c2c1
413823,Cc1cccc(O)c1Nc1ccnc(Nc2cccc(C(N)=O)c2)n1
418281,CN(C)Cc1ccn2c(-c3ccnc(NCc4ccc(Cl)cc4)n3)c(-c3ccc(F)cc3)nc2c1
418283,CN(C)Cc1ccn2c(-c3ccnc(Nc4ccccn4)n3)c(-c3ccc(F)cc3)nc2c1
413824,Cc1ccc(F)cc1Nc1ccnc(Nc2cccc(C(N)=O)c2)n1
413826,COc1ccc(C)c(Nc2ccnc(Nc3cccc(C(N)=O)c3)n2)c1
413827,Cc1ccc(N)cc1Nc1ccnc(Nc2cccc(C(N)=O)c2)n1
418284,CCC(=O)Nc1nccc(-c2c(-c3ccc(F)cc3)nc3cc(CN(C)C)ccn23)n1
418285,CN(C)Cc1ccn2c(-c3ccnc(NC(=O)C4CC4)n3)c(-c3ccc(F)cc3)nc2c1
418259,CN(C)Cc1ccn2c(-c3ccnc(NCc4cccc(F)c4F)n3)c(-c3ccc(F)cc3)nc2c1
418287,CN(C)Cc1ccn2c(-c3ccnc(NC(=O)C4CCC4)n3)c(-c3ccc(F)cc3)nc2c1
418288,CCCCC(=O)Nc1nccc(-c2c(-c3ccc(F)cc3)nc3cc(CN(C)C)ccn23)n1
413818,Cc1ccc(Nc2ccnc(Nc3cccc(C(N)=O)c3)n2)cc1O
413819,NC(=O)c1cccc(Nc2nccc(Nc3cc(O)ccc3Br)n2)c1
413822,Cc1cc(O)ccc1Nc1ccnc(Nc2cccc(C(N)=O)c2)n1
413842,Cn1cnc2cc(Nc3ccnc(Nc4cccc(C(N)=O)c4)n3)ccc21
418289,CN(C)Cc1ccn2c(-c3ccnc(NC(=O)C4CCCC4)n3)c(-c3ccc(F)cc3)nc2c1
418271,CN(C)Cc1ccn2c(-c3ccnc(NCc4c(F)cccc4F)n3)c(-c3ccc(F)cc3)nc2c1
413843,NC(=O)c1cccc(Nc2nccc(Nc3ccc4nn[nH]c4c3)n2)c1
413845,NC(=O)c1cccc(Nc2nccc(Nc3cccc4ncccc34)n2)c1
418293,CN(C)Cc1ccn2c(-c3ccnc(NC=O)n3)c(-c3ccc(F)cc3)nc2c1
418295,COC(=O)Nc1nccc(-c2c(-c3ccc(F)cc3)nc3cc(CN(C)C)ccn23)n1
418296,Cc1cnc(N)nc1-c1c(-c2ccc(F)cc2)nc2cc(CN(C)C)ccn12
418229,CCNc1nccc(-c2c(-c3ccc(F)cc3)nc3cc(CN(C)C)ccn23)n1
418274,Cc1ccccc1CNc1nccc(-c2c(-c3ccc(F)cc3)nc3cc(CN(C)C)ccn23)n1
418298,CN(C)Cc1ccn2c(-c3nc(N)ncc3F)c(-c3ccc(F)cc3)nc2c1
418299,CN(C)Cc1ccn2c(-c3nc(N)ncc3Br)c(-c3ccc(F)cc3)nc2c1
418302,Cc1cc(-c2nc3cc(CN(C)C)ccn3c2-c2ccnc(N)n2)ccc1F
418234,CN(C)Cc1ccn2c(-c3ccnc(NC4CC4)n3)c(-c3ccc(F)cc3)nc2c1
418266,CN(C)Cc1ccn2c(-c3ccnc(NCc4ccc(F)cc4F)n3)c(-c3ccc(F)cc3)nc2c1
413853,Cn1ncc2c(Nc3ccnc(Nc4cccc(C(N)=O)c4)n3)cccc21
418303,CN(C)Cc1ccn2c(-c3ccnc(N)n3)c(-c3ccc(Cl)cc3)nc2c1
418306,CN(C)Cc1ccn2c(-c3ccnc(N)n3)c(-c3c(F)cc(F)cc3F)nc2c1
418239,CN(C)Cc1ccn2c(-c3ccnc(NCCCO)n3)c(-c3ccc(F)cc3)nc2c1
418268,CN(C)Cc1ccn2c(-c3ccnc(NCc4cc(F)ccc4F)n3)c(-c3ccc(F)cc3)nc2c1
416327,COC(=O)c1ccc(Cl)cc1NC(=O)c1ccc(OC)cc1
413854,Cc1ccc2c(cnn2C)c1Nc1ccnc(Nc2cccc(C(N)=O)c2)n1
418242,CN(C)Cc1ccn2c(-c3ccnc(NCC4CC4)n3)c(-c3ccc(F)cc3)nc2c1
418244,CN(C)Cc1ccn2c(-c3ccnc(NC4CCC4)n3)c(-c3ccc(F)cc3)nc2c1
418247,CCCCNc1nccc(-c2c(-c3ccc(F)cc3)nc3cc(CN(C)C)ccn23)n1
413848,Cc1nc2c(Nc3ccnc(Nc4cccc(C(N)=O)c4)n3)cccc2[nH]1
413849,NC(=O)c1cccc(Nc2nccc(Nc3cccc4[nH]ncc34)n2)c1
418252,CCCCCNc1nccc(-c2c(-c3ccc(F)cc3)nc3cc(CN(C)C)ccn23)n1
413851,Cc1cc(Nc2ccnc(Nc3cccc(C(N)=O)c3)n2)c2cn[nH]c2c1
413852,Cc1ccc(Nc2ccnc(Nc3cccc(C(N)=O)c3)n2)c2cn[nH]c12
419032,CCNC(=O)c1noc(-c2cc(C(C)C)c(O)cc2O)c1-c1ccc(CN2CCOCC2)cc1
28871,OC1(c2nc(-c3ccc(F)cc3)c(-c3ccncc3)[nH]2)CCCCC1
419321,N=C(N)c1ccc(CNC(=O)[C@H](CO)NC(=O)[C@@H](CO)NS(=O)(=O)Cc2ccccc2)cc1
434326,O[C@H]1CN[C@H](CN2CCC(c3cc(-c4ccncc4)c(-c4ccc(F)cc4)[nH]3)CC2)C1
433985,O=C(C1CNCCO1)N1CCC(c2cc(-c3ccncc3)c(-c3ccc(F)cc3)[nH]2)CC1
434634,CN1CCN(C)C(CN2CCC(c3cc(-c4ccncc4)c(-c4ccc(F)cc4)[nH]3)CC2)C1
434636,CN1CCOC(CN2CCC(c3cc(-c4ccncc4)c(-c4ccc(F)cc4)[nH]3)CC2)C1
426660,Cc1cn(-c2cc(NC(=O)c3ccc(C)c(Nc4nccc(-c5cccnc5)n4)c3)cc(C(F)(F)F)c2)cn1
425013,COC(=O)N1CCOC(CN2CCC(c3cc(-c4ccncc4)c(-c4ccc(F)cc4)[nH]3)CC2)C1
437876,O=C1CCCCc2cnn3c(Nc4cccc(C(=O)N5CC(O)C5)c4)nc(nc23)Nc2cccc(c2)N1
437879,CN(C)C1CCN(C(=O)c2cccc(Nc3nc4nc5c(cnn35)CCCCC(=O)Nc3cccc(c3)N4)c2)C1
425081,NC(=O)Nc1sc(-c2ccc(F)cc2)cc1C(N)=O
437799,CCN(CC)C1CCN(C(=O)c2cccc(Nc3nc4nc5c(cnn35)CCCCC(=O)Nc3cccc(c3)N4)c2)C1
433910,Cc1cn([C@H]2C[C@H](N=[N+]=[N-])[C@@H](COP(=O)(O)O)O2)c(=O)[nH]c1=O
437757,CCN(CC)C1CN(C(=O)c2cccc(Nc3nc4nc5c(cnn35)CCCCC(=O)Nc3cccc(c3)N4)c2)C1
430598,Nc1nc2c(ncn2CCCCO)c(=O)[nH]1
431924,CCC(=O)c1c(-c2ccccc2)c2cc(Cl)ccc2c(=O)n1Cc1cc(C(=O)NC2CC2)n(C)n1
431927,CCC(=O)c1c(-c2ccccc2)c2cc(Cl)ccc2c(=O)n1Cc1cc(C(N)=O)n(CC)n1
431953,COC(=O)c1c(-c2ccccc2)c2cc(Br)ccc2c(=O)n1Cc1ccc(S(C)(=O)=O)cc1
428508,O=C(O)c1ccc(Nc2ncc3c(n2)-c2ccc(Cl)cc2C(c2c(F)cccc2F)=NC3)cc1
430184,Cc1nc2sccn2c(=O)c1CCN1CCC(=C(c2ccccc2)c2ccc(F)cc2)CC1
432072,CCC(=O)c1c(-c2ccccc2)c2cc(Cl)ccc2c(=O)n1Cc1ccc(C(=O)O)cc1
431958,CCC(=O)c1c(-c2ccccc2)c2cc(Cl)ccc2c(=O)n1Cc1cc(C(=O)NC)n(C)n1
430532,COc1ccc(CNC(=O)Nc2ncc([N+](=O)[O-])s2)cc1
429459,Nc1n[nH]c2cnc(-c3ccccc3)cc12
431852,CCC(=O)c1c(-c2ccccc2)c2cc(Cl)ccc2c(=O)n1Cc1cc(S(C)(=O)=O)n(CC(C)=O)n1
431853,CCC(=O)c1c(-c2ccccc2)c2cc(Cl)ccc2c(=O)n1Cc1cc(S(C)(=O)=O)n(CC(N)=O)n1
35481,O=C1NC(=O)c2c1c1c3ccccc3n3c1c1c2c2ccccc2n1CN(CCO)C3
432762,O=C(Nc1ccccc1O)c1ccc(Oc2cccc(C(=O)Nc3ccccc3O)c2)cc1
430201,O=c1c2ccccc2[nH]c(=S)n1CCN1CCC(=C(c2ccc(F)cc2)c2ccc(F)cc2)CC1
430628,CCc1cn([C@@H]2C[C@H](O)[C@@H](CO)O2)c(=O)[nH]c1=O
431892,CCC(=O)c1c(-c2ccccc2)c2cc(Cl)ccc2c(=O)n1Cc1cc(S(C)(=O)=O)n(CCC(C)(C)O)n1
430073,Cc1ccc(-c2cc3c(nn2)-c2ccccc2C3=O)cc1
430664,COc1ccc(COc2ccc(Cc3cnc(N)nc3N)cc2OC)cc1
430665,O=c1[nH]c(=O)n([C@@H]2C[C@H](O)[C@@H](CO)O2)cc1/C=C/Br
282139,COC(=O)CN1CCC(n2cc(-c3cccc(O)c3)c3c(N)ncnc32)CC1
305628,CC[C@H](C)[C@H]1NC(=O)[C@H](Cc2ccccc2)NC(=O)[C@@H](C)NC(=O)[C@H](NC(=O)[C@@H](NC(=O)[C@H](CO)NC(=O)CCCOc2ccc(C(=O)c3ccccc3)cc2)[C@@H](C)O)CSC(=O)[C@H](CCSC)NC1=O
287084,NCCCC[C@H](NC(=O)[C@H](CCCN=C(N)N)NC(=O)[C@H](CCCN=C(N)N)NC(=O)[C@H](CC(N)=O)NC(=O)[C@H](CCCCN)NC(=O)[C@H](Cc1ccc(O)cc1)NC(=O)[C@H](CCCCN)NC(=O)[C@H](CCCCN)NC(=O)[C@@H](N)CCCN=C(N)N)C(N)=O
285887,NCCCC[C@H](NC(=O)[C@H](CCCN=C(N)N)NC(=O)[C@H](CCCN=C(N)N)NC(=O)CNC(=O)[C@H](CCCCN)NC(=O)[C@H](Cc1ccc(O)cc1)NC(=O)[C@H](CCCCN)NC(=O)[C@H](CCCCN)NC(=O)[C@@H](N)CCCN=C(N)N)C(N)=O
255090,OCC(O)Cn1cnc2c(O)nc(Nc3ccccc3)nc21
286893,CC[C@@H](C)[C@H](NC(=O)[C@H](CCCCN)NC(=O)[C@H](Cc1ccc(O)cc1)NC(=O)[C@H](CCCCN)NC(=O)[C@H](CCCCN)NC(=O)[C@@H](N)CCCN=C(N)N)C(=O)N[C@@H](CCCN=C(N)N)C(=O)N[C@@H](CCCN=C(N)N)C(=O)N[C@@H](CCCCN)C(N)=O
32628,CCCCCCCC(=O)OCC(COC(C)=O)OC(=O)CCCCCCC
282631,NC(=O)CN1CCC(n2cc(-c3cccc(O)c3)c3c(N)ncnc32)CC1
288771,NCCCC[C@H](NC(=O)[C@H](CCCN=C(N)N)NC(=O)[C@H](CCCN=C(N)N)NC(=O)[C@H](Cc1ccc(O)cc1)NC(=O)C1CCC(NC(=O)C2CCC(NC(=O)[C@H](CCCCN)NC(=O)[C@H](CCCCN)NC(=O)[C@@H](N)CCCN=C(N)N)CC2)CC1)C(N)=O
89166,CN1CCN(CCCNc2ncc3cc(-c4c(Cl)cccc4Cl)c(NC(N)=O)nc3n2)CC1
287848,C[C@H](NC(=O)[C@H](CCCCN)NC(=O)[C@H](Cc1ccc(O)cc1)NC(=O)[C@H](CCCCN)NC(=O)[C@H](CCCCN)NC(=O)[C@@H](N)CCCN=C(N)N)C(=O)N[C@@H](CCCN=C(N)N)C(=O)N[C@@H](CCCN=C(N)N)C(=O)N[C@@H](CCCCN)C(N)=O
32627,CCCCCCCC(=O)OCC(COC)OC(=O)CCCCCCC
430646,CC(C)(C)n1nc(-c2cccc3ccccc23)c2c(N)ncnc21
288534,NCCCC[C@H](NC(=O)[C@H](CCCN=C(N)N)NC(=O)[C@H](CCCN=C(N)N)NC(=O)[C@H](CCC(N)=O)NC(=O)[C@H](CCCCN)NC(=O)[C@H](Cc1ccc(O)cc1)NC(=O)[C@H](CCCCN)NC(=O)[C@H](CCCCN)NC(=O)[C@@H](N)CCCN=C(N)N)C(N)=O
32530,CN(C)C[C@H]1CCn2c(c(C3=C(c4cn(C)c5ccccc45)C(=O)NC3=O)c3ccccc32)C1
352621,CCOC(=O)c1ccc2ncc(C(=O)OCC)c(Nc3ccc(NC(C)=O)cc3)c2c1
249293,CN(C)c1ccc(-c2nc3ncnc(N)c3c(-c3cc(Br)cs3)c2C2CC2)cn1
29061,Cc1ccc(C(=O)Nc2ccc(S(=O)(=O)O)c3cc(S(=O)(=O)O)cc(S(=O)(=O)O)c23)cc1NC(=O)c1cccc(NC(=O)Nc2cccc(C(=O)Nc3cc(C(=O)Nc4ccc(S(=O)(=O)O)c5cc(S(=O)(=O)O)cc(S(=O)(=O)O)c45)ccc3C)c2)c1
75007,O=C(NC1CNCC1OC(=O)c1cc(O)c(C(=O)c2c(O)cccc2C(=O)O)c(O)c1)c1ccc(O)cc1
286128,NCCCC[C@H](NC(=O)[C@H](CCCN=C(N)N)NC(=O)[C@H](CCCN=C(N)N)NC(=O)[C@H](Cc1c[nH]cn1)NC(=O)[C@H](CCCCN)NC(=O)[C@H](Cc1ccc(O)cc1)NC(=O)[C@H](CCCCN)NC(=O)[C@H](CCCCN)NC(=O)[C@@H](N)CCCN=C(N)N)C(N)=O
287085,CSCC[C@H](NC(=O)[C@H](CCCCN)NC(=O)[C@H](Cc1ccc(O)cc1)NC(=O)[C@H](CCCCN)NC(=O)[C@H](CCCCN)NC(=O)[C@@H](N)CCCN=C(N)N)C(=O)N[C@@H](CCCN=C(N)N)C(=O)N[C@@H](CCCN=C(N)N)C(=O)N[C@@H](CCCCN)C(N)=O
240,Cn1cc(C2=C(c3cn(CCCCN)c4ccccc34)C(=O)NC2=O)c2ccccc21
2241,O=C1NC(=O)C(c2c[nH]c3ccccc23)=C1c1c[nH]c2ccccc12
95209,COc1c(OCc2ccccc2)c(OCc2ccccc2)cc2c1-c1c(cc(OCc3ccccc3)c(OCc3ccccc3)c1OC)C[N+]1(C2)Cc2cc(OCc3ccccc3)c(OCc3ccccc3)c(OC)c2-c2c(cc(OCc3ccccc3)c(Oc3ccccc3)c2OC)C1
277,Cn1cc(C2=C(c3cn(CCSC(=N)N)c4ccccc34)C(=O)NC2=O)c2ccccc21
288418,NCCCC[C@H](NC(=O)[C@H](CCCN=C(N)N)NC(=O)[C@H](CCCN=C(N)N)NC(=O)[C@H](CO)NC(=O)[C@H](CCCCN)NC(=O)[C@H](Cc1ccc(O)cc1)NC(=O)[C@H](CCCCN)NC(=O)[C@H](CCCCN)NC(=O)[C@@H](N)CCCN=C(N)N)C(N)=O
225,Cn1cc(C2=C(c3cn(CCCN=C(N)N)c4ccccc34)C(=O)NC2=O)c2ccccc21
35349,O=C1NCc2c1c1c3ccccc3n3c1c1c2c2ccccc2n1CN(CCO)C3
230,Cn1cc(C2=C(c3cn(CCO)c4ccccc34)C(=O)NC2=O)c2ccccc21
2864,O=C1NC(=O)c2c1c1c3ccccc3[nH]c1c1[nH]c3ccccc3c21
276,Cn1cc(C2=C(c3cn(CCN)c4ccccc34)C(=O)NC2=O)c2ccccc21
35145,O=C1NCc2c1c1c3ccccc3n3c1c1c2c2ccccc2n1CSC3
221,CN(C)CCCn1cc(C2=C(c3cn(C)c4ccccc34)C(=O)NC2=O)c2ccccc21
288772,NCCCC[C@H](NC(=O)[C@H](CCCN=C(N)N)NC(=O)[C@H](CCCN=C(N)N)NC(=O)C1CCC(NC(=O)C2CCC(NC(=O)[C@H](Cc3ccc(O)cc3)NC(=O)[C@H](CCCCN)NC(=O)[C@H](CCCCN)NC(=O)[C@@H](N)CCCN=C(N)N)CC2)CC1)C(N)=O
247,Cn1cc(C2=C(c3cn(CCCCSC(=N)N)c4ccccc34)C(=O)NC2=O)c2ccccc21
222,Cn1cc(C2=C(c3cn(CCCN)c4ccccc34)C(=O)NC2=O)c2ccccc21
35304,O=C1NC(=O)c2c1c1c3ccccc3n3c1c1c2c2ccccc2n1CNC3
322,COc1ccc2c(c1)[nH]c1c(C)nccc12
285886,NCCCC[C@H](NC(=O)[C@H](CCCN=C(N)N)NC(=O)[C@H](CCCN=C(N)N)NC(=O)[C@H](CCC(=O)O)NC(=O)[C@H](CCCCN)NC(=O)[C@H](Cc1ccc(O)cc1)NC(=O)[C@H](CCCCN)NC(=O)[C@H](CCCCN)NC(=O)[C@@H](N)CCCN=C(N)N)C(N)=O
35305,O=C1NC(=O)c2c1c1c3ccccc3n3c1c1c2c2ccccc2n1CN(O)C3
438905,CC(C)S(=O)(=O)n1c(N)nc2ccc(-c3[nH]c(-c4c(Cl)cccc4C(F)(F)F)nc3-c3ccccc3)cc21.CS(=O)(=O)O
441508,COc1ccnc2c1c(-c1ccnc(N)n1)cn2C
439081,CC(C)(C)Cn1cnc2ccc(-c3[nH]c(C(C)(C)C)nc3-c3ccc(F)cc3F)nc21.CS(=O)(=O)O
441561,COc1ccnc2[nH]cc(-c3ccnc(N)n3)c12
441563,CCCOc1ccnc2[nH]cc(-c3ccnc(N)n3)c12
439926,Cc1cc(=O)oc2cc3c([N+](=O)[O-])c(O)ccc3cc12
439928,O=C(O)/C=C/c1cc(Br)c(Br)c(Br)c1Br
438565,CS(=O)(=O)O.Cc1nc(-c2ccc(F)cc2F)c(-c2ccc3nc(N)n(S(=O)(=O)C(C)C)c3c2)[nH]1
441566,Nc1nccc(-c2c[nH]c3nccc(O)c23)n1
441461,COc1ccnc2[nH]cc(-c3ccnc(SC)n3)c12
437927,CN1CCN(C(=O)c2cccc(Nc3nc4nc5c(cnn35)CCCCC(=O)Nc3cccc(c3)N4)c2)CC1
438570,CS(=O)(=O)O.Cc1nc(-c2ccc(F)cc2)c(-c2ccc3nc(N)n(S(=O)(=O)C(C)C)c3c2)[nH]1
441505,Nc1nccc(-c2c[nH]c3nc(Br)ccc23)n1
438528,CC(C)S(=O)(=O)n1c(N)nc2ccc(-c3[nH]c(-c4ccccc4C(F)(F)F)nc3-c3ccccc3)cc21
439137,CC(C)Cn1cnc2ccc(-c3[nH]c(C(C)(C)C)nc3-c3ccc(F)cc3F)nc21.CS(=O)(=O)O
441510,Nc1nccc(-c2c[nH]c3nccc(Cl)c23)n1
434278,CN1C[C@H](O)C[C@H]1CN1CCC(c2cc(-c3ccncc3)c(-c3ccc(F)cc3)[nH]2)CC1
437714,CN1CCC(N(C)C(=O)c2cccc(Nc3nc4nc5c(cnn35)CCCCC(=O)Nc3cccc(c3)N4)c2)CC1
437838,CN1CC(NC(=O)c2cccc(Nc3nc4nc5c(cnn35)CCCCC(=O)Nc3cccc(c3)N4)c2)C1
434433,CN1CC[C@H]1CN1CCC(c2cc(-c3ccncc3)c(-c3ccc(F)cc3)[nH]2)CC1
438658,CC(C)S(=O)(=O)n1c(N)nc2ccc(-c3[nH]c(-c4c(F)cccc4F)nc3-c3ccccc3)nc21.CS(=O)(=O)O
438954,CC(C)S(=O)(=O)n1c(N)nc2ccc(-c3[nH]c(-c4c(F)cccc4Cl)nc3-c3ccccc3)cc21.CS(=O)(=O)O
434590,CC(=O)N1CCN(C(C)=O)C(CN2CCC(c3cc(-c4ccncc4)c(-c4ccc(F)cc4)[nH]3)CC2)C1
438810,CS(=O)(=O)O.Fc1cccc(F)c1-c1nc(-c2ccccc2)c(-c2ccc3nc[nH]c3c2)[nH]1
434676,Fc1ccc(-c2[nH]c(C3CCN(CC4CNCCO4)CC3)cc2-c2ccncc2)cc1
34997,CC(C)[C@H]1C(=O)N[C@H](CO)Cc2c[nH]c3cccc(c23)N1C
438424,CC(C)Cn1cnc2ccc(-c3[nH]c(-c4c(Cl)cccc4Cl)nc3-c3ccc(F)cc3F)nc21.CS(=O)(=O)O
438617,CC(C)Cn1cnc2ccc(-c3[nH]c(-c4c(F)cccc4F)nc3-c3ccccc3)nc21.CS(=O)(=O)O
439791,Cc1c(Br)c(=O)oc2c(Br)c(O)ccc12
35186,O=C1NC(=O)c2c1c1c3ccccc3n3c1c1c2c2ccccc2n1C[S+]([O-])C3
439083,CC(C)(C)Cn1cnc2ccc(-c3[nH]c(-c4c(Cl)cccc4Cl)nc3-c3ccc(F)cc3)nc21.CS(=O)(=O)O
282375,COCCN(C)CCN1CCC(n2cc(-c3cccc(OC)c3)c3c(N)ncnc32)CC1
3864,CCCCC(=O)OCC(=O)[C@@]1(O)Cc2c(O)c3c(c(O)c2[C@H](O[C@H]2C[C@H](NCc4ccccc4)[C@@H](O)[C@@H](C)C2)C1)C(=O)c1c(OC)cccc1C3=O
11248,CCCCCCCCCCCCCC(=O)O[C@@H]1CC(=O)O[C@H]1CO
14883,Nc1nc(O)c2[nH]c(SCc3ccc(Cl)cc3)nc2n1
28926,OC1(c2nc(-c3ccc(F)cc3)c(-c3ccncc3)[nH]2)CCCCCC1
34952,CCCC(=O)O[C@@H]1[C@@H](C)[C@@]2(O)[C@@H](C=C(CO)C[C@]3(O)C(=O)C(C)=C[C@@H]23)[C@@H]2C(C)(C)[C@]12OC(=O)CCC
52172,CCOCc1ccc2c(c1)c1c3c(c4c5cc(COCC)ccc5n5c4c1n2[C@H]1C[C@](O)(C(=O)OC)[C@]5(C)O1)CNC3=O
19081,Oc1ccc(-c2nc(-c3ccc(F)cc3)c(-c3ccncc3)[nH]2)cc1
318102,COc1cc(OC)cc(-c2cc3cnc(NCCCO)cc3nc2NC(=O)NC(C)(C)C)c1
29155,CC(C)(C)c1nc(-c2ccccc2)c(-c2ccncc2)[nH]1
19517,O=P(O)(O)O[C@@H]1[C@H](O)[C@H](O)[C@@H](OP(=O)(O)O)[C@H](OP(=O)(O)O)[C@H]1O
1564,O=c1cc(-c2ccc(O)cc2)oc2cc(O)cc(O)c12
28875,CN1CCC(O)(c2nc(-c3ccncc3)c(-c3ccc(F)cc3)o2)CC1
28896,CN1CCC(O)(c2nc(-c3ccc(F)cc3)c(-c3ccncc3)s2)CC1
42744,Nc1cc2c(Nc3ccc4c(cnn4Cc4ccccc4)c3)ncnc2cn1
28874,CN1CCC(O)(c2nc(-c3ccc(F)cc3)c(-c3ccncc3)[nH]2)CC1
35188,O=C1NCc2c1c1c3ccccc3n3c1c1c2c2ccccc2n1CS(=O)(=O)C3
39959,CCCCCCCCCCCCCC(=O)O[C@@H]1CC(=O)O[C@H]1CCO
42509,c1ccc(Cn2cnc3ccc(Nc4ncnc5ccccc45)cc32)cc1
35352,COC(=O)[C@@]1(O)C[C@H]2O[C@]1(C)n1c3ccccc3c3c4c(c5c6ccccc6n2c5c31)C(=O)NC4
35344,CN1Cn2c3ccccc3c3c4c(c5c6ccccc6n(c5c32)C1)C(=O)NC4=O
35328,CCOC(=O)C1n2c3ccccc3c3c4c(c5c6ccccc6n(c5c32)CS1(=O)=O)C(=O)NC4=O
35126,NC1=NC(=O)c2c1c1c3ccccc3n3c1c1c2c2ccccc2n1CSC3
35225,CC1n2c3ccccc3c3c4c(c5c6ccccc6n(c5c32)C(C)S1(=O)=O)C(=O)NC4=O
35137,O=C1NC(=O)c2c1c1c3ccccc3n3c1c1c2c2ccccc2n1CS(=O)(=O)C3
35844,O=C1NC(=O)c2c1c1c3ccccc3n3c1c1c2c2ccccc2n1C1COCC3S1(=O)=O
35350,O=C1NC(=O)c2c1c1c3ccccc3n3c1c1c2c2ccccc2n1CSC3
35307,NC1=NC(=O)c2c1c1c3ccccc3n3c1c1c2c2ccccc2n1COC3
28898,CN1CCC(O)(c2cc(-c3ccncc3)c(-c3ccc(F)cc3)[nH]2)CC1
42886,c1ccc(Cn2ncc3cc(Nc4ncnc5ccccc45)ccc32)cc1
35364,O=C1NC(=O)c2c1c1c3ccccc3n3c1c1c2c2ccccc2n1COC3
40046,CCCCCCCCCCCCCCOC(=O)[C@@H]1CC(=O)O[C@H]1CO
31509,Cn1sc(=O)n(Cc2ccccc2)c1=O
42238,C=CC(=O)Nc1ccc2ncnc(Nc3cccc(Br)c3)c2c1
35323,O=C1NC(=O)c2c1c1c3ccccc3n3c1c1c2c2ccccc2n1CN(C(CO)CO)C3
34912,CCCCCCCCc1ccc2c3c(c[nH]c13)C[C@@H](CO)NC(=O)[C@H](C(C)C)N2C
42426,O=c1c(O)c(-c2ccc(O)cc2O)oc2cc(O)cc(O)c12
36839,Nc1ccc(S(=O)(=O)Nc2nncs2)cc1
42616,c1ccc(Cn2ccc3cc(Nc4ncnc5ccccc45)ccc32)cc1
52868,Oc1[nH]c(Nc2ccccc2)nc2ncnc1-2
40128,CCCCCCCCCCCCCCC(=O)[C@@H]1CC(=O)O[C@H]1CO
52975,CCSCc1ccc2c(c1)c1c3c(c4c5ccccc5n5c4c1n2[C@@]1(C)O[C@@H]5C[C@]1(O)C(=O)OC)C(=O)NC3
39965,CCCCCCCCCCCCCCOC(=O)C[C@@H]1CC(=O)O[C@H]1CO
62111,COc1cc(Nc2c(C#N)cnc3cc(OCCCN4CCN(C)CC4)c(OC)cc23)c(Cl)cc1Cl
55972,CC(C)(C)c1cccc(-c2nc3cc(C(=N)N)ccc3[nH]2)c1O
42746,Nc1cc2c(Nc3ccc4c(ccn4Cc4ccccc4)c3)ncnc2cn1
65482,CCc1cn([C@H]2C[C@H](O)[C@@H](CNC(=O)C3c4ccccc4Sc4ccccc43)O2)c(=O)[nH]c1=O
66019,CCc1cn([C@@H]2O[C@H](CNC(=O)C3c4ccccc4S(=O)(=O)c4c(Cl)cccc43)[C@@H](O)[C@@H]2F)c(=O)[nH]c1=O
52326,COC(=O)[C@@]1(O)C[C@H]2O[C@]1(C)n1c3ccc(CSC(C)C)cc3c3c4c(c5c6cc(CSC(C)C)ccc6n2c5c31)C(=O)NC4
52327,COCc1ccc2c(c1)c1c3c(c4c5cc(COC)ccc5n5c4c1n2[C@H]1C[C@](O)(C(=O)OC)[C@]5(C)O1)CNC3=O
52028,C=CCSCc1ccc2c(c1)c1c3c(c4c5cc(CSCC=C)ccc5n5c4c1n2[C@H]1C[C@](O)(C(=O)OC)[C@]5(C)O1)CNC3=O
59963,CC(C)C(CC(=O)OC[C@H](CO)OC(=O)CC(C(C)C)C(C)C)C(C)C
65899,CCc1cn([C@@H]2O[C@H](CNC(=O)C3c4ccccc4Oc4c(C)cccc43)[C@@H](O)[C@@H]2F)c(=O)[nH]c1=O
57737,N=C(N)c1ccc(Oc2ccc(-c3cc4ccc(C(=N)N)cc4[nH]3)cc2)cc1
52029,COC(=O)[C@@]1(O)C[C@H]2O[C@]1(C)n1c3ccc(CO)cc3c3c4c(c5c6cc(CO)ccc6n2c5c31)C(=O)NC4
56375,CC(C)(N)CNC(=O)c1ccc2[nH]c(-c3cc(C(C)(C)C)cc(C(C)(C)C)c3O)nc2c1
52141,CCSCc1ccc2c(c1)c1c3c(c4c5cc(CSCC)ccc5n5c4c1n2[C@H]1C[C@](O)(C(=O)OC)[C@]5(C)O1)CNC3=O
65346,CCc1cn([C@@H]2O[C@H](CNC(=O)C3c4ccccc4S(=O)(=O)c4ccccc43)[C@@H](O)[C@@H]2F)c(=O)[nH]c1=O
57465,N=C(N)c1ccc2nc(-c3ccc(Oc4ccccc4)cc3)oc2c1
66851,CCc1cn([C@H]2C[C@H](O)[C@@H](CNC(=O)Cc3ccccc3Cl)O2)c(=O)[nH]c1=O
88648,O=C(Nc1ccc(Cl)c(Cl)c1)c1cc(Cl)cc(Cl)c1O
103577,Nc1nc(N)c(F)c(-n2nc(-c3ccncc3)c(-c3ccc(F)cc3)n2)c1F
81486,O=C1C(c2c[nH]c3ccccc23)=C(c2c[nH]c3ccccc23)C(=O)N1O
81857,CN1C(=O)C(c2c[nH]c3ccccc23)=C(c2c[nH]c3ccccc23)C1=O
89062,CCN(CC)CCCNc1ncc2cc(-c3c(C)cccc3C)c(NC(=O)NC(C)(C)C)nc2n1
104068,Nc1nc(F)c(F)c(-c2nc(-c3ccc(F)cc3)c(-c3ccncc3)o2)c1F
92654,O=C1NCc2c1c1c3ccccc3[nH]c1c1c2c2ccccc2n1CC(O)CO
83427,Cn1cc(C2=C(c3cn(C4CCN(Cc5ccccc5)C4)c4ccccc34)C(=O)NC2=O)c2ccccc21
99371,Oc1[nH]c(NCc2ccccc2)nc2ncnc1-2
89624,C=CCNC(=O)Nc1nc2nc(NCCCN3CCN(C)CC3)ncc2cc1-c1c(Cl)cccc1Cl
94181,CC(C)(C)c1ccc(CSc2ncnc3c2ncn3[C@@H]2O[C@H](CO)[C@@H](O)[C@H]2O)cc1
94540,OC[C@H]1O[C@@H](n2cnc3c(SCc4ccccc4Cl)ncnc32)[C@H](O)[C@@H]1O
87462,CC(C)CC(=O)OC[C@H](CO)OC(=O)CC(C)C
87599,CC(C)CC(=O)OC[C@H](CO)OC(=O)CC(C(C)C)C(C)C
101939,O=C1NC(=O)C2=C1c1cn(c3ccccc13)CCO[C@H](CO)CCn1cc2c2ccccc21
89119,CCN(CC)C(=O)Nc1nc2nc(NCCCN3CCN(C)CC3)ncc2cc1-c1c(Cl)cccc1Cl
95093,O=C1OCC2O[C@@H](O)C3OC(=O)c4cc(O)c(O)c(O)c4-c4c(cc(O)c(O)c4O)C(=O)OC3C2OC(=O)c2cc(O)c(O)c(O)c2-c2c1cc(O)c(O)c2O
92683,N#CCCn1c2ccccc2c2c3c(c4c5ccccc5[nH]c4c21)C(=O)NC3
89091,CCN(CC)CCCCNc1ncc2cc(-c3c(Cl)cccc3Cl)c(NC(=O)NC3CCCCC3)nc2n1
88888,Cc1ccc(NC(=O)Nc2nc3nc(NCCCN4CCN(C)CC4)ncc3cc2-c2c(Cl)cccc2Cl)cc1
82538,COc1cccc(C2=C(c3cn(C)c4ccccc34)C(=O)NC2=O)c1
88986,Cc1cc(C)c(C)c(-c2cc3cnc(N)nc3nc2N)c1C
99752,OCc1cccc(Nc2nc(O)c3[nH]cnc3n2)c1
87764,CC(C)=CC(=O)OC[C@H](CO)OC(=O)CC(C)C
87578,CC(C)CC(=O)O[C@@H](CO)COC(=O)CC(C(C)C)C(C)C
81847,CCCn1cc(C2=C(c3cn(C)c4ccccc34)C(=O)NC2=O)c2ccccc21
87448,N#CC(C#N)=C1C(=O)Nc2ccccc21
94768,Oc1cc2c(c(O)c1O)-c1c(cc(O)c(O)c1O)COC2
103923,Fc1ccc(-c2ncsc2-c2ccncc2)cc1
101900,O=C1NC(=O)C2=C1c1cn(c3ccccc13)CCCOC(CO)CCn1cc2c2ccccc21
98960,Oc1[nH]c(NCc2ccc(Cl)cc2)nc2ncnc1-2
87409,CC(C)C(=CC(=O)OC[C@H](CO)OC(=O)CC(C(C)C)C(C)C)C(C)C
89153,CN(C)CCCNc1ncc2cc(-c3c(Cl)cccc3Cl)c(NC(=O)NC(C)(C)C)nc2n1
81822,O=C1OC(=O)C(c2c[nH]c3ccccc23)=C1c1c[nH]c2ccccc12
92618,CCCn1c2ccccc2c2c3c(c4c5ccccc5n(CCC)c4c21)C(=O)NC3
88924,CN1CCN(CCCNc2ncc3cc(-c4c(Cl)cccc4Cl)c(NC(=O)Nc4ccc(C(F)(F)F)cc4)nc3n2)CC1
94220,Cc1ccc(CSc2ncnc3c2ncn3[C@@H]2O[C@H](CO)[C@@H](O)[C@H]2O)cc1
99530,OCCCCCNc1nc(O)c2[nH]cnc2n1
65787,CCc1cn([C@@H]2O[C@H](CNC(=O)C3c4ccccc4Sc4c(Cl)cccc43)[C@@H](O)[C@@H]2F)c(=O)[nH]c1=O
66638,Fc1ccc(-c2[nH]nnc2-c2ccncc2)cc1
76990,CCCCCCCCCCCCCCCC1(OC)C[N+](C)(C)CCO1.[Br-]
81143,Cn1cc(C2=C(c3cccc(C(F)(F)F)c3)C(=O)NC2=O)c2ccccc21
66120,CCc1cn([C@H]2C[C@H](O)[C@@H](CNC(=O)C3c4ccccc4N(C)c4ccccc43)O2)c(=O)[nH]c1=O
71663,CC(C)(C)c1cnc(CSc2cnc(NC(=O)C3CCNCC3)s2)o1
74867,COc1cc(OC)cc(-c2cc3cnc(N)nc3n(C)c2=O)c1
77762,O=C1Cc2c([nH]c3ccc(Br)cc23)-c2ccccc2N1
76790,CCCCCCCCCCCCCCCCCCC1(O)C[N+](C)(C)CCO1.[Br-]
81193,Oc1[nH]c(Nc2ccc(F)c(Cl)c2)nc2ncnc1-2
81799,O=C1NC(=O)[C@@H](c2c[nH]c3ccccc23)[C@@H]1c1c[nH]c2ccccc12
39952,CCCCCCCCCCCCCCOC(=O)C[C@@H]1CC(=O)O[C@H]1CCO
66134,CCc1cn([C@H]2C[C@H](O)[C@@H](CNC(=O)Cc3ccccc3F)O2)c(=O)[nH]c1=O
65826,CCc1cn([C@@H]2O[C@H](CNC(=O)C3c4cccc(C)c4Oc4c(C)cccc43)[C@@H](O)[C@@H]2F)c(=O)[nH]c1=O
52140,CCCCSCc1ccc2c(c1)c1c3c(c4c5cc(CSCCCC)ccc5n5c4c1n2[C@H]1C[C@](O)(C(=O)OC)[C@]5(C)O1)CNC3=O
67987,O=C(O[C@@H]1Cc2c(O)cc(O)cc2O[C@@H]1c1cc(O)c(O)c(O)c1)c1cc(O)c(O)c(O)c1
75784,CCN(CC)CCOc1cccc(Nc2ncc3cc(-c4c(Cl)cccc4Cl)c(=O)n(C)c3n2)c1
39951,CCCCCCCCCCCCCC(=O)OC[C@@H]1CC(=O)O[C@H]1CO
66133,CCc1cn([C@H]2C[C@H](O)[C@@H](CNC(=O)Cc3ccccc3C)O2)c(=O)[nH]c1=O
81527,CC(=O)Nc1cccc2c(C3=C(c4cn(C)c5ccccc45)C(=O)NC3=O)cn(C)c12
81895,Cn1cc(C2=C(c3cn(C)c4ccc(C(N)=O)cc34)C(=O)NC2=O)c2ccccc21
89329,CN1CCN(CCCNc2ncc3cc(-c4c(Cl)cccc4Cl)c(N)nc3n2)CC1
75517,COc1ccc(NC(=O)Nc2nc3nc(NCCCN4CCN(C)CC4)ncc3cc2-c2c(Cl)cccc2Cl)cc1
81855,O=C1NCC(c2c[nH]c3ccccc23)=C1c1c[nH]c2ccccc12
38082,O=C1c2ccc(O)c(O)c2C(=O)c2c(O)ccc(O)c21
81141,Cc1ccccc1C1=C(c2cn(C)c3ccccc23)C(=O)NC1=O
89134,CCN(CC)CCCNc1ncc2cc(-c3c(Cl)cccc3Cl)c(NC(=O)NC(C)(C)C)nc2n1
81263,Cn1cc(C2=C(c3cn(C)c4ccc(O)cc34)C(=O)NC2=O)c2ccccc21
74901,CN1CCN(CCCNc2ncc3cc(-c4c(Cl)cccc4Cl)c(=O)n(C)c3n2)CC1
92802,CC(C)=CCn1c2ccccc2c2c3c(c4c5ccccc5[nH]c4c21)C(=O)NC3
88347,CC(C)/N=C(/Nc1nc2nc(NCCCN3CCN(C)CC3)ncc2cc1-c1c(Cl)cccc1Cl)NC(C)C
75650,CN(C)c1ncc2cc(-c3c(Cl)cccc3Cl)c(=O)n(C)c2n1
81439,Cn1cc(C2=C(c3cn(C)c4ccc(C(=O)O)cc34)C(=O)NC2=O)c2ccccc21
80771,Oc1[nH]c(Nc2ccc(F)c(F)c2)nc2ncnc1-2
84254,CCSCc1ccc2c(c1)c1c3c(c4c5cc(CSCC)ccc5n5c4c1n2C1C[C@](O)(C(=O)OC)[C@]5(C)O1)CNC3=O
81566,Cn1cc(C2=C(c3cn(C)c4ccc([N+](=O)[O-])cc34)C(=O)NC2=O)c2ccccc21
81478,Cn1cc(C2=C(c3cn(C)c4cc(Cl)ccc34)C(=O)NC2=O)c2ccccc21
88889,CN1CCN(CCCNc2ncc3cc(-c4c(Cl)cccc4Cl)c(NC(=O)Nc4ccc(Cl)c(Cl)c4)nc3n2)CC1
75548,COc1cc(OC)cc(-c2cc3cnc(N)nc3nc2NC(=O)NC(C)(C)C)c1
81894,CC(=O)Nc1ccc2c(c1)c(C1=C(c3cn(C)c4ccccc34)C(=O)NC1=O)cn2C
81863,Cn1cc(C2=C(n3ccc4ccccc43)C(=O)NC2=O)c2ccccc21
83217,Cn1cc(C2=C(c3cn(C4CCN(Cc5ccccn5)CC4)c4ccccc34)C(=O)NC2=O)c2ccccc21
87385,CC(C)C(=CC(=O)OC[C@H](CO)OC(=O)C=C(C(C)C)C(C)C)C(C)C
89125,CC(C)(C)NC(=O)Nc1nc2nc(N)ncc2cc1-c1c(Br)cccc1Br
81044,Cn1cc(C2=C(c3ccc(S(C)(=O)=O)cc3)C(=O)NC2=O)c2ccccc21
81688,Cn1cc(C2=C(c3c([S+](C)[O-])n(C)c4ccccc34)C(=O)NC2=O)c2ccccc21
81319,Cn1cc(C2=C(c3ccccc3C(F)(F)F)C(=O)NC2=O)c2ccccc21
81616,COc1cccc2c(C3=C(c4cn(C)c5ccccc45)C(=O)NC3=O)cn(C)c12
89994,Oc1c(Br)cc(Br)cc1-c1n[nH]c(-c2ccc(Oc3ccccc3)cc2)n1
88379,CN1CCN(CCCNc2ncc3cc(-c4c(Cl)cccc4Cl)c(/N=C(/N)Nc4ccccc4)nc3n2)CC1
80943,Cn1cc(C2=C(c3cc(Cl)cc(Cl)c3)C(=O)NC2=O)c2ccccc21
81581,Cc1cccc2c(C3=C(c4cn(C)c5ccccc45)C(=O)NC3=O)cn(C)c12
81005,Cn1cc(C2=C(c3cn(C)c4ccc(N)cc34)C(=O)NC2=O)c2ccccc21
83168,Cn1cc(C2=C(c3cn(C4CCN(Cc5ccccc5)CC4)c4ccccc34)C(=O)NC2=O)c2ccccc21
89657,CCN(CC)CCCNc1ncc2cc(-c3c(Cl)cccc3Cl)c(N)nc2n1
40001,CCCCCCCCCCCCCCO[C@@H]1CC(=O)O[C@H]1CO
88651,CCCC(=O)Nc1nc2nc(NCCCN3CCN(C)CC3)ncc2cc1-c1c(Cl)cccc1Cl
88936,COc1cc2ncnc(Nc3ccc(F)c(Cl)c3)c2cc1OC
76816,CCCCCCCCCCCCC1(O)C[N+](C)(C)CCO1.[Br-]
81868,Cn1cc(C2=C(c3coc4ccccc34)C(=O)NC2=O)c2ccccc21
87463,COc1ccc(-c2c3c4cc(OC)c(O)cc4oc(=O)c3n3ccc4cc(O)c(OC)cc4c23)cc1O
92605,CCn1c2ccccc2c2c3c(c4c5ccccc5n(CC)c4c21)C(=O)NC3
88875,CCNC(=O)Nc1nc2nc(NCCCN(CC)CC)ncc2cc1-c1c(Cl)cccc1Cl
81908,Cn1cc(C2=C(c3cn(C)c4ccc([S+](C)[O-])cc34)C(=O)NC2=O)c2ccccc21
81009,Cn1cc(C2=C(c3cccc(Cl)c3)C(=O)NC2=O)c2ccccc21
81744,Cn1cc(C2=C(c3cn(C)c4cccc([N+](=O)[O-])c34)C(=O)NC2=O)c2ccccc21
81079,Cn1cc(C2=C(c3cccc4ccccc34)C(=O)NC2=O)c2ccccc21
89123,CCNC(=O)Nc1nc2nc(NCCCCN(CC)CC)ncc2cc1-c1c(Cl)cccc1Cl
81405,Cn1cc(C2=C(c3cn(C)c4ccccc34)C(=O)NC2=O)c2ccccc21
74941,Cn1c(=O)c(-c2c(Cl)cccc2Cl)cc2cnc(Nc3ccccc3)nc21
92602,Cn1c2ccccc2c2c3c(c4c5ccccc5n(C)c4c21)C(=O)NC3
89371,COc1ccccc1NC(=O)Nc1nc2nc(NCCCN3CCN(C)CC3)ncc2cc1-c1c(Cl)cccc1Cl
76953,CCCCCCCCCCCCCCCC(=O)OC(CC(=O)[O-])C[N+](C)(C)C
81800,O=C1NC(O)C(c2c[nH]c3ccccc23)=C1c1c[nH]c2ccccc12
81170,CSc1ccc(C2=C(c3cn(C)c4ccccc34)C(=O)NC2=O)cc1
83315,CC(C)N1CCC(n2cc(C3=C(c4cn(C)c5ccccc45)C(=O)NC3=O)c3ccccc32)CC1
89993,NS(=O)(=O)c1ccc(O)c(-c2n[nH]c(-c3ccc(Cl)c(Cl)c3)n2)c1
80944,Cn1cc(C2=C(c3c(Cl)cccc3Cl)C(=O)NC2=O)c2ccccc21
105934,NC[C@H]1O[C@@H](n2cnc3c(N)ncnc32)[C@H](O)[C@@H]1O
92744,Cn1c2ccccc2c2c3c(c4c5ccccc5n(CCC#N)c4c21)CNC3=O
105578,CN(C)c1ccc(-c2cc(C3CCCCC3)c3c(N)ncnc3n2)cc1
106009,COc1ccc(-c2cc3c(N)ncnc3nc2-c2ccc(N(C)C)cc2)cc1
106080,CN(C)c1ccc(-c2ccc3c(N)ncnc3n2)cc1
1592331,CC[C@@](C)(Nc1ccnc(-c2c[nH]c3ncccc23)n1)C(=O)NCC(F)(F)F
92677,Cn1c2ccccc2c2c3c(c4c5ccccc5n(CC(F)F)c4c21)CNC3=O
105898,Nc1ncnc(N[C@@H]2O[C@H](CO)[C@@H](O)[C@H]2O)c1[N+](=O)[O-]
115403,C[C@@H]1CN(C(=O)[C@@](C)(O)C(F)(F)F)CCN1C(=O)c1ccc(C#N)cc1
42617,CN(C)c1cc2c(Nc3ccc4c(cnn4Cc4ccccc4)c3)ncnc2cn1
103005,Nc1nc(N)c(F)c(-c2nc(-c3cccc(C(F)(F)F)c3)c(-c3ccncc3)[nH]2)c1F
103987,Nc1nc(N)c(F)c(-c2cc(-c3ccncc3)c(-c3ccc(F)cc3)[nH]2)c1F
95092,O=C(O[C@@H]1OC2COC(=O)c3cc(O)c(O)c(O)c3-c3c(cc(O)c(O)c3O)C(=O)OC2C2OC(=O)c3cc(O)c(O)c(O)c3-c3c(cc(O)c(O)c3O)C(=O)OC21)c1cc(O)c(O)c(O)c1
98781,CCCCNc1nc(O)c2[nH]cnc2n1
105746,CN(C)c1ccc(-c2nc3ncnc(N)c3nc2-c2ccccc2)cc1
103984,Fc1ccc(-c2nn(-c3c(F)c(F)nc(F)c3F)nc2-c2ccncc2)cc1
107975,Cc1ccc(-c2nn(C(C)(C)C)c3ncnc(N)c23)cc1
103883,Nc1nc(F)c(F)c(-c2nc(-c3ccc(F)cc3)c(-c3ccncc3)[nH]2)c1F
102951,Nc1nc(N)c(F)c(-c2nc(-c3ccc(F)cc3)c(-c3ccncc3)o2)c1F
109869,C=CCNc1nccc(-c2[nH]c([C@H]3OC[C@@](C)(C(=O)NCCOC)CO3)nc2-c2ccc(F)cc2)n1
106754,Cc1cc(C)c(NC(=O)c2sc(N)nc2C)c(C)c1
109871,CS(=O)(=O)O.C[C@]1(C(=O)N2CCOCC2)CO[C@H](c2nc(-c3ccc(F)cc3)c(-c3ccncc3)[nH]2)OC1
106560,Nc1ncnc2nc(-c3ccc([N+](=O)[O-])cc3)cnc12
109866,CCCNC(=O)[C@]1(C)CO[C@@H](c2nc(-c3ccc(F)cc3)c(-c3ccnc(NCCCOC)n3)[nH]2)OC1
117327,O=Cc1csc(-c2ccc(-c3ccc(CO)s3)s2)c1
1594214,COC[C@H](O)CN1CCC(c2cc(-c3ccncc3)c(-c3ccc(F)cc3)[nH]2)CC1
1595195,COC[C@@H](O)CN1CCC(c2cc(-c3ccncc3)c(-c3ccc(F)cc3)[nH]2)CC1
1595247,C/C(Br)=C\CC/C(C)=C/CC(C)(C)/C=C/C(=O)N[C@@H](Cc1c[nH]c2ccccc12)C(=O)O
1595427,CC[C@H](C)[C@@H]1NC(=O)[C@@H](Cc2ccccc2)NC(=O)[C@@H](C)NC(=O)[C@H](NC(=O)[C@@H](NC(=O)[C@H](CO)NC(=O)CCCOc2ccc(Cc3ccccc3)cc2)[C@@H](C)O)CSC(=O)[C@H](CCSC)NC1=O
1605943,O=C(O)c1ccc(NC(=O)[C@H](CC2CCCC2)n2cnc(S(=O)(=O)C3CCC3)c2)nc1
1606157,c1nc(Nc2ccc3c(c2)OCO3)c2oc3cc(-c4ccc5c(c4)OCO5)cnc3c2n1
1606158,Nc1ncnc2c1oc1cc(-c3cccc(Cl)c3)cnc12
1606159,Nc1ncnc2c1oc1cc(-c3ccc(Cl)c(Cl)c3)cnc12
1606161,Nc1ncnc2c1oc1cc(-c3ccc(Cl)cc3Cl)cnc12
1606162,Nc1ncnc2c1oc1cc(-c3ccc4c(c3)OCO4)cnc12
1606163,c1ccc(Nc2ncnc3c2oc2cc(-c4ccc5c(c4)OCO5)cnc23)cc1
1606164,Cc1ccc(Nc2ncnc3c2oc2cc(-c4ccc5c(c4)OCO5)cnc23)cc1
1606165,COc1ccc(Nc2ncnc3c2oc2cc(-c4ccc5c(c4)OCO5)cnc23)cc1
1606166,COc1ccc(Nc2ncnc3c2oc2cc(-c4ccc5c(c4)OCO5)cnc23)cc1OC
1606167,COc1cc(Nc2ncnc3c2oc2cc(-c4ccc5c(c4)OCO5)cnc23)cc(OC)c1OC
1606168,Clc1ccc(Nc2ncnc3c2oc2cc(-c4ccc5c(c4)OCO5)cnc23)cc1Cl
1606169,Clc1ccc(Nc2ncnc3c2oc2cc(-c4ccc5c(c4)OCO5)cnc23)cc1
1606170,Fc1ccc(Nc2ncnc3c2oc2cc(-c4ccc5c(c4)OCO5)cnc23)cc1Cl
1606171,Nc1ncnc2c1oc1cccnc12
1606172,c1ccc(Nc2ncnc3c2oc2cccnc23)cc1
1606173,COc1ccc(Nc2ncnc3c2oc2cccnc23)cc1
1606174,COc1ccc(Nc2ncnc3c2oc2cccnc23)cc1OC
1606175,COc1cc(Nc2ncnc3c2oc2cccnc23)cc(OC)c1
1606176,COc1cc(Nc2ncnc3c2oc2cccnc23)cc(OC)c1OC
1606177,c1cnc2c(c1)oc1c(Nc3ccc4c(c3)OCO4)ncnc12
1606178,C1=COc2cc(Nc3ncnc4c3oc3cccnc34)ccc2O1
1606179,Fc1ccc(Nc2ncnc3c2oc2cccnc23)cc1Cl
1606180,Fc1cc(Br)ccc1Nc1ncnc2c1oc1cccnc12
1606181,Nc1ncnc2c1oc1cc(-c3ccccc3)cnc12
1606182,Cc1ccc(-c2cnc3c(c2)oc2c(N)ncnc23)cc1
1606183,COc1ccc(-c2cnc3c(c2)oc2c(N)ncnc23)cc1
1606732,CC(=O)Nc1nc(C)c(-c2nc(C3CCOC3)no2)s1
1606735,CC(=O)Nc1nc(C)c(-c2nc(C(C)(C)C)no2)s1
1606737,CC(=O)Nc1nc(C)c(-c2nc(CC(F)(F)F)no2)s1
1606743,CC(=O)Nc1nc(C)c(-c2nc(CC(C)(C)CO)no2)s1
1606745,CC(=O)Nc1nc(C)c(-c2nc(CC(C)(C)C(C)O)no2)s1
1606746,CC(=O)Nc1nc(C)c(-c2nc(N3CCCC(O)C3)no2)s1
1607235,O=C1NC(Nc2ccccc2)=N/C1=C\c1ccccc1
1607236,NCCOCCOCCO
1607237,NCCOCCOCCOc1ccc(NC2=N/C(=C\c3ccc4c(c3)OCO4)C(=O)N2)cc1
1607238,NCCOCCOCCOCCOc1ccc(NC2=N/C(=C\c3ccc4c(c3)OCO4)C(=O)N2)cc1
1607239,NCCOCCOCCOc1ccc(NC2=N/C(=C\c3ccccc3)C(=O)N2)cc1
1607424,Cn1c(OCCc2ccccc2)nc(-c2ccncc2)cc1=O
131948,C[C@@](O)(C(=O)N1CCN(c2ccccc2)CC1)C(F)(F)F
132096,CCCCCCCCCC#Cc1ccc([C@@H](O)[C@@H](N)CO)s1
132181,COc1cc(C(=O)N2CCN(C(=O)[C@@](C)(O)C(F)(F)F)C[C@H]2C)cc(OC)c1OC
134267,COc1ccc(NC(=O)c2ccccc2C(=O)O)cc1
110431,CN(C)C(=O)[C@]1(C)CO[C@@H](c2nc(-c3ccc(F)cc3)c(-c3ccnc(NCc4ccccn4)n3)[nH]2)OC1
127267,Nc1ncnc(N[C@@H]2O[C@H](CO)[C@@H](O)[C@H]2O)c1[S+]([O-])c1ccccc1
132631,CCCCCCCCCCC#Cc1csc([C@@H](O)[C@@H](N)CO)c1.O=C(O)CCC(=O)O
132916,C[C@@](O)(C(=O)N1CCCN(C(=O)c2ccccc2)CC1)C(F)(F)F
1611000,c1ccc(-c2cnc3[nH]cc(-c4ccccc4)c3c2)cc1
1611001,COc1ccc(-c2cnc3[nH]cc(-c4ccccc4)c3c2)cc1
1611002,Oc1ccc(-c2cnc3[nH]cc(-c4ccccc4)c3c2)cc1
1611003,COc1cccc(-c2cnc3[nH]cc(-c4ccccc4)c3c2)c1
1611004,Oc1cccc(-c2cnc3[nH]cc(-c4ccccc4)c3c2)c1
1611005,COc1ccccc1-c1cnc2[nH]cc(-c3ccccc3)c2c1
1611006,Oc1ccccc1-c1cnc2[nH]cc(-c3ccccc3)c2c1
1611007,COc1ccc(-c2cnc3[nH]cc(-c4ccccc4)c3c2)c(OC)c1
1611008,COc1ccc(-c2cnc3[nH]cc(-c4ccccc4)c3c2)cc1OC
1611009,Oc1ccc(-c2cnc3[nH]cc(-c4ccccc4)c3c2)cc1O
1611010,COc1ccc(-c2cnc3[nH]cc(-c4ccc(OC)cc4)c3c2)cc1
1611011,COc1ccc(-c2c[nH]c3ncc(-c4ccc(OC)cc4OC)cc23)cc1
1611012,COc1ccc(-c2c[nH]c3ncc(-c4ccc(OC)c(OC)c4)cc23)cc1
1611013,COc1ccc(-c2cnc3[nH]cc(-c4ccc(OC)c(OC)c4)c3c2)c(OC)c1
1611014,COc1ccc(OC)c(-c2cnc3[nH]cc(-c4ccc(OC)c(OC)c4)c3c2)c1
1611015,COc1ccc(-c2cnc3[nH]cc(-c4ccc(OC)c(OC)c4)c3c2)cc1OC
1611016,COc1cccc(-c2cnc3[nH]cc(-c4cccc(OC)c4)c3c2)c1
132855,CC(O)(C(=O)N1CCCCC1)C(F)(F)F
1611017,Oc1ccc(-c2cnc3[nH]cc(-c4ccc(O)cc4)c3c2)cc1
1611018,Oc1ccc(-c2c[nH]c3ncc(-c4ccc(O)cc4O)cc23)cc1
1611019,Oc1ccc(-c2c[nH]c3ncc(-c4ccc(O)c(O)c4)cc23)cc1
1611020,Oc1ccc(-c2cnc3[nH]cc(-c4ccc(O)c(O)c4)c3c2)c(O)c1
1611021,Oc1ccc(O)c(-c2cnc3[nH]cc(-c4ccc(O)c(O)c4)c3c2)c1
1611022,Oc1ccc(-c2cnc3[nH]cc(-c4ccc(O)c(O)c4)c3c2)cc1O
1611023,Oc1cccc(-c2cnc3[nH]cc(-c4cccc(O)c4)c3c2)c1
1611024,Oc1ccc(-c2cnc3[nH]cc(-c4ccccc4)c3c2)c(O)c1
132061,CCCCCCCCCCc1cc([C@@H](O)[C@@H](N)CO)on1
132621,CC(C)(O)C(=O)NC1C2CC3CC(C2)CC1C3
127889,Nc1ncnc(N[C@@H]2O[C@H](CO)[C@@H](O)[C@H]2O)c1S(=O)(=O)c1ccccc1
1614200,Cc1nc2cc(-c3nn(C(C)(C)C)c(N)c3C(N)=O)ccc2n1C
132372,C[C@@H]1CN(C(=O)[C@@](C)(O)C(F)(F)F)[C@@H](C)CN1C(=O)c1ccc(C(=O)c2ccccc2)cc1
1614025,Cc1cc(NS(=O)(=O)c2cccc(NC(=O)Cc3ccc(Cl)c(Cl)c3)c2)no1
1614026,Cc1cc(NS(=O)(=O)C2CCN(C(=O)Cc3ccc(Cl)c(Cl)c3)CC2)no1
1614027,Cc1cc(NS(=O)(=O)CCNC(=O)Cc2ccc(Cl)c(Cl)c2)no1
1614028,Cc1cc(NC(=O)c2csc(NC(=O)Cc3ccc(Cl)c(Cl)c3)n2)no1
1614029,Cc1cc(NS(=O)(=O)c2ccc(N(C)C(=O)Cc3ccc(Cl)c(Cl)c3)cc2)no1
1614030,Cc1cc(NS(=O)(=O)c2ccc(NCCc3ccc(Cl)c(Cl)c3)cc2)no1
1614031,Cc1cc(NS(=O)(=O)c2ccc(C(=O)NCc3ccc(Cl)c(Cl)c3)cc2)no1
1614032,Cc1cc(NS(=O)(=O)c2ccc(NS(=O)(=O)Cc3ccc(Cl)c(Cl)c3)cc2)no1
1614033,Cc1cc(N(C)S(=O)(=O)c2ccc(NC(=O)Cc3ccc(Cl)c(Cl)c3)cc2)no1
1614034,Cc1cc(NC(=O)c2ccc(NC(=O)Cc3ccc(Cl)c(Cl)c3)cc2)no1
1614035,Cc1cc(NS(=O)(=O)Cc2ccc(NC(=O)Cc3ccc(Cl)c(Cl)c3)cc2)no1
1614036,Cc1cc(NS(=O)(=O)c2ccc(NC(=O)Cc3ccccc3)cc2)no1
1614037,Cc1cc(NS(=O)(=O)c2ccc(NC(=O)Cc3cccc(Cl)c3)cc2)no1
1614038,Cc1cc(NS(=O)(=O)c2ccc(NC(=O)Cc3ccc(Cl)cc3)cc2)no1
1614039,Cc1cc(NS(=O)(=O)c2ccc(NC(=O)Cc3ccc(Cl)cc3Cl)cc2)no1
1614040,Cc1cc(NS(=O)(=O)c2ccc(NC(=O)Cc3ccc(Cl)c(C(F)(F)F)c3)cc2)no1
1614041,Cc1cc(NS(=O)(=O)c2ccc(NC(=O)Cc3ccc(Cl)c(F)c3)cc2)no1
1614042,Cc1cc(NS(=O)(=O)c2ccc(NC(=O)Cc3ccc(F)c(Cl)c3)cc2)no1
1614043,Cc1cc(NS(=O)(=O)c2ccc(NC(=O)Cc3ccc(C)c(F)c3)cc2)no1
1614044,Cc1cc(NS(=O)(=O)c2ccc(NC(=O)Cc3ccc(C)c(C)c3)cc2)no1
1614045,COc1ccc(CC(=O)Nc2ccc(S(=O)(=O)Nc3cc(C)on3)cc2)cc1C
1614046,Cc1cc(NS(=O)(=O)c2ccc(NC(=O)Cc3ccc4ccccc4c3)cc2)no1
1614047,Cc1cc(NS(=O)(=O)c2ccc(NC(=O)c3ccc(Cl)c(Cl)c3)cc2)no1
1614048,Cc1cc(NS(=O)(=O)c2ccc(NC(=O)CCc3ccc(Cl)c(Cl)c3)cc2)no1
1614049,Cc1cc(NS(=O)(=O)c2ccc(NC(=O)C(C)(C)c3ccc(Cl)c(Cl)c3)cc2)no1
1614050,O=C(Cc1ccc(Cl)c(Cl)c1)Nc1ccc(S(=O)(=O)O)cc1
1614051,O=C(Cc1ccc(Cl)c(Cl)c1)Nc1ccc(S(=O)(=O)Nc2ccccc2)cc1
1614052,O=C(Cc1ccc(Cl)c(Cl)c1)Nc1ccc(S(=O)(=O)Nc2ccon2)cc1
1614053,O=C(Cc1ccc(Cl)c(Cl)c1)Nc1ccc(S(=O)(=O)Nc2cc[nH]n2)cc1
1614054,Cc1cc(NS(=O)(=O)c2ccc(NC(=O)Cc3ccc(Cl)c(Cl)c3)cc2)n(C)n1
1614055,O=C(Cc1ccc(Cl)c(Cl)c1)Nc1ccc(S(=O)(=O)Nc2cccc(C(=O)O)c2)cc1
1614056,CCOC(=O)c1cccc(NS(=O)(=O)c2ccc(NC(=O)Cc3ccc(Cl)c(Cl)c3)cc2)c1
1614057,O=C(Cc1ccc(Cl)c(Cl)c1)Nc1ccc(S(=O)(=O)Nc2ccc(C(=O)O)cc2)cc1
1614058,O=C(Cc1ccc(Cl)c(Cl)c1)Nc1ccc(S(=O)(=O)Nc2cncnc2)cc1
1614059,O=C(Cc1ccc(Cl)c(Cl)c1)Nc1ccc(S(=O)(=O)Nc2cccc(O)c2)cc1
1614060,CN(C)c1cccc(NS(=O)(=O)c2ccc(NC(=O)Cc3ccc(Cl)c(Cl)c3)cc2)c1
1614061,O=C(Cc1ccc(Cl)c(Cl)c1)Nc1ccc(S(=O)(=O)Nc2nccs2)cc1
1614062,O=C(Cc1ccc(F)c(Cl)c1)Nc1ccc(S(=O)(=O)Nc2nccs2)cc1
1614063,O=C(Cc1ccc(Cl)c(Cl)c1)Nc1ccc(S(=O)(=O)Nc2nncs2)cc1
1614064,O=C(Cc1ccc(F)c(Cl)c1)Nc1ccc(S(=O)(=O)Nc2nncs2)cc1
1614107,CC(C)(C)n1nc(-c2ccc3ccccc3c2)c(C(N)=O)c1N
1614108,CCOc1ccc2cc(-c3nn(C(C)(C)C)c(N)c3C(N)=O)ccc2c1
1614109,CCOc1ccc2cc(-c3nn(C(C)(C)C)cc3C(N)=O)ccc2c1
1614110,NC(=O)c1c(-c2ccc3ccccc3c2)nn(CC2CCNCC2)c1N
1614111,CCOc1ccc2cc(-c3nn(CC4CCN(C)CC4)c(N)c3C(N)=O)ccc2c1
1614112,COc1ccc2cc(-c3nn(CC4CCN(C)CC4)c(N)c3C(N)=O)ccc2c1
1614179,COc1ccc2cc(-c3n[nH]c(N)c3C(N)=O)ccc2c1
1614180,CCn1nc(-c2ccc3ccccc3c2)c(C(N)=O)c1N
1614181,CC(C)n1nc(-c2ccc3ccccc3c2)c(C(N)=O)c1N
1614182,CC(C)Cn1nc(-c2ccc3ccccc3c2)c(C(N)=O)c1N
1614183,NC(=O)c1c(-c2ccc3ccccc3c2)nn(CC2CC2)c1N
1614184,NC(=O)c1c(-c2ccc3ccccc3c2)nn(CC2CCCCC2)c1N
1614185,NC(=O)c1c(-c2ccc3ccccc3c2)nn(C2CCCCC2)c1N
1614186,NC(=O)c1c(-c2ccc3ccccc3c2)nn(CC(F)(F)F)c1N
1614187,CC(C)(C)Cn1nc(-c2ccc3ccccc3c2)c(C(N)=O)c1N
1614188,CN1CCC(n2nc(-c3ccc4ccccc4c3)c(C(N)=O)c2N)CC1
1614189,CN1CCC(Cn2nc(-c3ccc4ccccc4c3)c(C(N)=O)c2N)CC1
1614190,NC(=O)c1c(-c2ccc3ccccc3c2)nn(CCO)c1N
1614191,NC(=O)c1c(-c2ccc3ccccc3c2)nn(CCN2CCOCC2)c1N
1614192,CC(C)(C)n1nc(-c2ccc3cc(O)ccc3c2)c(C(N)=O)c1N
1614193,COc1ccc2cc(-c3nn(C(C)(C)C)c(N)c3C(N)=O)ccc2c1
1614194,CCCOc1ccc2cc(-c3nn(C(C)(C)C)c(N)c3C(N)=O)ccc2c1
1614195,Cc1oc2ccccc2c1-c1nn(C(C)(C)C)c(N)c1C(N)=O
1614196,CC(C)(C)n1nc(-c2ccc3c(N)n[nH]c3c2)c(C(N)=O)c1N
1614197,Cn1nc(N)c2ccc(-c3nn(C(C)(C)C)c(N)c3C(N)=O)cc21
1614198,Cn1ncc2cc(-c3nn(C(C)(C)C)c(N)c3C(N)=O)ccc21
1614199,Cn1c(=O)[nH]c2cc(-c3nn(C(C)(C)C)c(N)c3C(N)=O)ccc21
1614201,Cn1c(N)nc2cc(-c3nn(C(C)(C)C)c(N)c3C(N)=O)ccc21
1614202,CC(C)(C)n1nc(-c2ccc3oc(=O)ccc3c2)c(C(N)=O)c1N
1614203,CC(C)(C)n1nc(-c2ccc3ccccc3n2)c(C(N)=O)c1N
1614204,CCOc1ccc2nc(-c3nn(C(C)(C)C)c(N)c3C(N)=O)ccc2c1
1614205,CC(C)(C)n1nc(-c2ccc3ncccc3c2)c(C(N)=O)c1N
1614206,CC(C)(C)n1nc(-c2cnc3ccccc3c2)c(C(N)=O)c1N
1614207,CCOc1ccc2cc(-c3nn(C(C)(C)C)c(N)c3C(N)=O)cnc2c1
1614399,CC(C)(C)c1cc(NC(=O)Nc2ccc(-c3cccc4c(N)nccc34)cc2)no1
132747,CCC(C)(O)C(=O)Nc1ccccc1Cl
43290,COc1cc2ncnc(Nc3ccc4c(ccn4Cc4ccccc4)c3)c2cc1OC
132437,C[C@@H]1CN(C(=O)[C@@](C)(O)C(F)(F)F)[C@@H](C)CN1S(=O)(=O)c1cccc2ccccc12
133072,CC(=O)O.CCCCCCCCCCC#Cc1ccc([C@@H](O)[C@@H](N)CO)s1
132212,O=C(NC1C2CC3CC(C2)CC1C3)C(O)(C(F)(F)F)C(F)(F)F
127931,COC(=O)c1c(N)ncnc1N[C@@H]1O[C@H](C)[C@@H](O)[C@H]1O
124682,CC(C)n1cnc2/c(=N/c3cccc(Cl)c3)nc(NCCO)[nH]c21
132105,N[C@@H](CO)[C@H](O)c1ccc(C#CCCCCc2ccccc2)s1
145610,CNC[C@@H]1CCn2cc(c3ccccc32)C2=C(C(=O)NC2=O)c2cn(c3ccccc23)CCO1
1619035,C[C@H](Nc1nc(Nc2cn(C)cn2)c2cc[nH]c2n1)c1ncc(F)cn1
136738,C[C@@H]1C[C@H]2O[C@@H]2/C=C\C=C\C(=N/OCC(=O)Nc2ccccc2)Cc2c(Cl)c(O)cc(O)c2C(=O)O1
43291,COc1cc2ncnc(Nc3ccc4nn(Cc5ccccc5)cc4c3)c2cc1OC
132976,CC1CCCCN1C(=O)[C@@](C)(O)C(F)(F)F
132077,CC(O)(C(=O)N1CCC(Cc2ccccc2)CC1)C(F)(F)F
131995,C[C@@](O)(C(=O)N1CCN(C(=O)c2cccc3ccccc23)CC1)C(F)(F)F
127269,Nc1ncnc(N[C@@H]2O[C@H](CO)[C@@H](O)[C@H]2O)c1C(=O)NCCO
132097,CCCCCCCCCCC#Cc1csc([C@@H](O)[C@@H](N)CO)n1
127581,NC[C@H]1O[C@@H](Nc2ncnc(N)c2[N+](=O)[O-])[C@H](O)[C@@H]1O
1621957,C#CCOCCSc1nc2c(c(=O)n1CC=C)C(C)(C)Cc1cc(C(=O)c3ccccc3)ccc1-2
1621959,C#CCOCCSc1nc2c(c(=O)n1CC=C)C(C)(C)Cc1cc(OCCC3(C)N=N3)ccc1-2
1621962,C#CCOCCSc1nc2c(c(=O)n1CC=C)C(C)(C)Cc1ccc(N=[N+]=[N-])cc1-2
1621963,C=CCn1c(SCC)nc2c(c1=O)C(C)(C)Cc1ccc(OC)cc1-2
132078,CCCCCCCCCCC#Cc1csc([C@@H](O)[C@@H](N)CO)c1
126893,O=[N+]([O-])c1c(Nc2ccccc2)ncnc1N[C@@H]1O[C@H](CO)[C@@H](O)[C@H]1O
1624396,COc1cc2ncnc(Nc3ccc(C)c(C)c3)c2cc1OC
1624397,COc1cc2ncnc(Nc3ccc(C(C)=O)cc3)c2cc1OC
1624701,Cc1nc([C@](C)(O)CO)sc1-c1cnc(N)c(O[C@H](C)c2cc(F)ccc2-n2nccn2)c1
143495,O=C(NC1CCCC1OC(=O)c1cc(O)c(C(=O)c2c(O)cccc2NS(=O)(=O)C(F)(F)F)c(O)c1)c1ccc(O)cc1
146521,O=[N+]([O-])c1ccc(-c2cc(-c3ccncc3)c(-c3ccccc3)[nH]2)cc1
1626258,Cc1cc(CS(=O)(=O)c2ccccc2)cc(OCc2ccc(CN3CCC[C@@H]3CO)cc2)c1
1626481,OC[C@H]1O[C@@H](n2ccc3c(-c4cc5ccccc5[nH]4)ncnc32)[C@H](O)[C@@H]1O
1626482,OC[C@H]1O[C@@H](n2ccc3c(-c4cccc5c4sc4ccccc45)ncnc32)[C@H](O)[C@@H]1O
1626483,OC[C@H]1O[C@@H](n2ccc3c(-c4cccc5c4Oc4ccccc4S5)ncnc32)[C@H](O)[C@@H]1O
1626484,OC[C@H]1O[C@@H](n2cc(Cl)c3c(-c4ccc(F)cc4)ncnc32)[C@H](O)[C@@H]1O
1626485,CCCCCCCCCCCCCCCCCCOP(=O)(O)OC[C@H]1O[C@@H](n2ccc3c(-c4ccccc4)ncnc32)[C@H](O)[C@@H]1O
1626486,CCCCCCCCCCCCCCCCCCOP(=O)(O)OC[C@H]1O[C@@H](n2ccc3c(-c4ccco4)ncnc32)[C@H](O)[C@@H]1O
1626487,CCCCCCCCCCCCCCCCCCOP(=O)(O)OC[C@H]1O[C@@H](n2ccc3c(-c4ccoc4)ncnc32)[C@H](O)[C@@H]1O
1626488,CCCCCCCCCCCCCCCCCCOP(=O)(O)OC[C@H]1O[C@@H](n2ccc3c(-c4cccs4)ncnc32)[C@H](O)[C@@H]1O
1626489,CCCCCCCCCCCCCCCCCCOP(=O)(O)OC[C@H]1O[C@@H](n2ccc3c(-c4ccsc4)ncnc32)[C@H](O)[C@@H]1O
1626490,CCCCCCCCCCCCCCCCCCOP(=O)(O)OC[C@H]1O[C@@H](n2ccc3c(-c4cc5ccccc5o4)ncnc32)[C@H](O)[C@@H]1O
1626491,OC[C@H]1O[C@@H](n2ccc3c(-c4cc5ccccc5o4)ncnc32)[C@H](O)[C@@H]1O
1626492,OC[C@H]1O[C@@H](n2ccc3c(-c4cc5ccccc5s4)ncnc32)[C@H](O)[C@@H]1O
143886,O=C(NC1CNCCC[C@H]1OC(=O)c1cc(O)c(C(=O)C2CCCC[C@H]2C(=O)O)c(O)c1)c1ccc(O)cc1
136830,C[C@@H]1C[C@H]2O[C@@H]2/C=C\C=C\C(=N/OCC(=O)NC2CCCC2)Cc2c(Cl)c(O)cc(O)c2C(=O)O1
143736,O=C(NC1CNCCC[C@H]1OC(=O)c1cc(O)c(Cc2c(O)cccc2C(=O)O)c(O)c1)c1ccc(O)cc1
132114,C[C@@](O)(C(=O)N1CCN(C(=O)c2ccccc2)CC1)C(F)(F)F
132408,C[C@@](O)(C(=O)N1CCN(c2ccccn2)CC1)C(F)(F)F
132369,C[C@@H]1CN(C(=O)[C@@](C)(O)C(F)(F)F)[C@@H](C)CN1C(=O)OCc1ccccc1
136825,C[C@@H]1C[C@H]2O[C@@H]2/C=C\C=C\C(=N/OCC(=O)NC2CCCCC2)Cc2c(Cl)c(O)cc(O)c2C(=O)O1
42780,COc1cc2ncnc(Nc3ccc4nc(Cc5ccccc5)[nH]c4c3)c2cc1OC
147286,Clc1ccc(-c2[nH]c(-c3ccccc3)cc2-c2ccncc2)cc1Cl
132470,C[C@@H]1CN(C(=O)[C@@](C)(O)C(F)(F)F)CCN1C(=O)C1CCCCC1
146537,Fc1ccc(-c2[nH]c(-c3ccccc3)cc2-c2ccncc2)cc1
137287,Fc1ccc(-c2[nH]c(-c3ccc(Cl)cc3)nc2-c2ccncc2)cc1
1632515,O=c1[nH]c(=O)n([C@H]2C[C@H](O)[C@@H](CO)O2)cc1-c1sc(Br)cc1Br
1632517,O=c1[nH]c(=O)n([C@H]2C[C@H](O)[C@@H](CO)O2)cc1-c1sccc1Br
1632520,O=c1[nH]c(=O)n([C@H]2C[C@H](O)[C@@H](CO)O2)cc1-c1ccns1
1632738,O=C1N=C(Nc2cccc(C(F)(F)F)c2)N=C2C1N=CN2[C@H]1C[C@H](O)[C@@H](CO)O1
1632777,Cc1cn([C@H]2C[C@H](OCc3ccccc3)[C@@H](CO)O2)c(=O)[nH]c1=O
1632781,CCCCCn1c(=O)c(C)cn([C@H]2C[C@H](O)[C@@H](CO)O2)c1=O
1632782,Nc1cn([C@H]2C[C@H](O)[C@@H](CO)O2)c(=O)[nH]c1=O
1632783,CC1CN([C@H]2C[C@H](O)[C@@H](CO)O2)C(=O)NC1=O
1632976,CCO[C@H]1C[C@H](n2cc(C)c(=O)[nH]c2=O)O[C@@H]1CO
1633226,O=C1N=C(Nc2ccccc2)N=C2C1N=CN2[C@H]1C[C@H](O)[C@@H](CO)O1
1633863,CCCCCCNC1=NC(=O)C2N=CN([C@H]3C[C@H](O)[C@@H](CO)O3)C2=N1
136342,C[C@@H]1C[C@H]2O[C@@H]2/C=C\C=C\C(=N/OCC(=O)N2CCCC2)Cc2c(Cl)c(O)cc(O)c2C(=O)O1
146398,Clc1cccc(-c2[nH]c(-c3ccccc3)cc2-c2ccncc2)c1
147162,c1ccc(-c2cc(-c3ccncc3)c(-c3cccs3)[nH]2)cc1
132115,C[C@@H]1CN(S(=O)(=O)c2cccc3ccccc23)[C@@H](C)CN1C(=O)[C@@](C)(O)C(F)(F)F
146394,CSc1ccc(-c2[nH]c(-c3ccccc3)cc2-c2ccncc2)cc1
132254,CCCCCCCCCc1ccc([C@@H](O)[C@@H](N)CO)s1
132948,C[C@@](O)(C(=O)N1CCN(S(=O)(=O)c2ccccc2)CC1)C(F)(F)F
145391,O=C1NC(=O)C2=C1c1cn(c3ccccc13)CCO[C@H](CNS(=O)(=O)c1ccccc1)CCn1cc2c2ccccc21
136760,COc1ccc(NC(=O)CO/N=C2\C=C\C=C/[C@H]3O[C@@H]3C[C@@H](C)OC(=O)c3c(O)cc(O)c(Cl)c3C2)cc1
132209,N[C@@H](CO)[C@H](O)c1cccc(C#CCCCCCc2ccccc2)n1
136305,C[C@@H]1C[C@H]2O[C@@H]2/C=C\C=C\C(=N/OCC(=O)N2CCN(C)CC2)Cc2c(Cl)c(O)cc(O)c2C(=O)O1
42756,O=c1c(O)c(-c2ccc(O)c(O)c2)oc2cc(O)ccc12
146890,C[S+]([O-])c1ccc(-n2nc(-c3ccncc3)c(-c3ccc(F)cc3)c2O)cc1
151602,COc1cc2ncnc(Nc3cccc(C(F)(F)F)c3)c2cc1OC
143964,NCCOc1cccc(O)c1C(=O)c1c(O)cc(C(=O)OC2CCCC2NC(=O)c2ccc(O)cc2)cc1O
42853,c1ccc(Cn2cnc3cc(Nc4ncnc5ccccc45)ccc32)cc1
133148,O=C(NC1C2CC3CC(C2)CC1C3)C1(O)CC1
145394,NC[C@@H]1CCn2cc(c3ccccc32)C2=C(C(=O)NC2=O)c2cn(c3ccccc23)CCO1
147146,CS(=O)(=O)c1ccc(-c2cc(-c3ccncc3)c(-c3ccc(F)cc3)[nH]2)cc1
42503,O=c1[nH]c(=O)n([C@H]2C[C@H](O)[C@@H](CO)O2)cc1/C=C/Br
132772,C[C@@H]1CN(C(=O)[C@@](C)(O)C(F)(F)F)[C@@H](C)CN1C(=O)c1ccc(C#N)cc1
42743,Nc1cc2c(Nc3ccc4[nH]c(Cc5ccccc5)nc4c3)ncnc2cn1
159179,O=c1c2cccnc2sn1-c1ccccc1
160504,Cn1cc(C2=C(c3c4n(c5ccccc35)CC(CN)C4)C(=O)NC2=O)c2ccccc21
161074,CCN(CC)CCNc1ccnc2cc(Cl)ccc12
159846,Cn1cc(C2=C(c3c4n(c5ccccc35)CCC(CCN)C4)C(=O)NC2=O)c2ccccc21
160677,Cn1cc(C2=C(c3c4n(c5ccccc35)CC[C@H](CN)C4)C(=O)NC2=O)c2ccccc21
159845,Cn1cc(C2=C(c3c4n(c5ccccc35)CCC4)C(=O)NC2=O)c2ccccc21
165433,Oc1[nH]c(Nc2ccc(Cl)c(C(F)(F)F)c2)nc2ncnc1-2
169382,CCc1cn([C@H]2C[C@H](O)[C@@H](CO)O2)c(=O)[nH]c1=O
1676054,CN1CCN(C)/C(=N/c2ccc([N+](=O)[O-])cc2C(=O)Nc2ccccc2)C1
171838,CC(C)(C)c1cc(NC(=O)Nc2ccc(OCCN3CCOCC3)c3ccccc23)n(-c2ccccc2)n1
163791,O=C(Nc1ccc(Cl)c(C(F)(F)F)c1)c1cc(Cl)cc(Cl)c1O
164851,CCCCc1ccc(Nc2nc(O)c3[nH]cnc3n2)cc1C
169782,Cc1cn([C@H]2C[C@H](O)[C@@H](CN)O2)c(=O)[nH]c1=O
162645,CCCCCCCCCCCCC(=O)N1CCCCC1CNC(=O)[C@@H](N)CCCN
167577,O=C(O)c1cc(NCc2cc(O)ccc2O)ccc1O
41764,C=CC(=O)Nc1cc2c(Nc3ccc(F)c(Cl)c3)ncnc2cc1OCCCN1CCOCC1
162680,CCCCCCCCCCCCC(=O)N1CCCCC1CNC(=O)[C@@H](N)Cc1ncc[nH]1
160442,Cn1cc(C2=C(c3c4n(c5ccccc35)CCCCC4)C(=O)NC2=O)c2ccccc21
160443,Cn1cc(C2=C(c3c4n(c5ccccc35)CC[C@@H](CN)C4)C(=O)NC2=O)c2ccccc21
153570,O=C(CCc1ccccc1)c1ccccc1OCC(O)CN1CCCCC1
183224,CC[N+]([O-])(CC)CCOc1ccc(Nc2ncc3cc(-c4c(Cl)cccc4Cl)c(=O)n(C)c3n2)cc1
183147,COc1ccccc1Nc1ncc2cc(-c3c(Cl)cccc3Cl)c(=O)n(C)c2n1
183102,Cn1c(=O)c(-c2c(Cl)cccc2Cl)cc2cnc(Nc3cccc(O)c3)nc21
1705420,COc1ccc(O)c(C(=O)c2ccc(C(=O)O[C@@H]3CCCNCC3NC(=O)c3ccncc3)cc2)c1F.Cl.Cl
1724780,CNc1nc(C)c2cc(-c3ccc(OC)nc3)c(=O)n(C3CCCC3)c2n1
1724781,COc1ccc(-c2cc3c(C)nc(N)nc3n([C@H]3CC[C@H](O)CC3)c2=O)cn1
1724782,COc1ccc(-c2cc3c(C)nc(N)nc3n([C@H]3CC[C@@H](O)CC3)c2=O)cn1
1724783,COc1ccc(-c2cc3c(C)nc(N)nc3n(C3CCOCC3)c2=O)cn1
1724784,COc1ccc(-c2cc3c(C)nc(N)nc3n(C3CCOC3)c2=O)cn1
1724962,Cc1nc(NC(=O)N2CCC[C@H]2C(N)=O)sc1-c1csc(C(C)(C)C)n1
1725328,Cc1nc(N)nc2c1cc(-c1cccc(CO)c1)c(=O)n2C1CCCC1
1726895,COc1cc(N2CCOCC2)ccc1Nc1ncc(Cl)c(Nc2ccccc2C(N)=O)n1
1728221,COc1ccc2c(c1)C[C@H](C(=O)Nc1ccc(-c3cn[nH]c3)cc1OCCN(C)C)CO2
1728222,COc1ccc2c(c1)C[C@@H](C(=O)Nc1ccc(-c3cn[nH]c3)cc1OCCN(C)C)CO2
1728223,COc1ccc2c(c1)C[C@H](C(=O)Nc1ccc(-c3cn[nH]c3)cc1OCCN1CCCC1)CO2
1728224,COc1ccc2c(c1)C[C@@H](C(=O)Nc1ccc(-c3cn[nH]c3)cc1OCCN1CCCC1)CO2
1728225,COc1ccc2c(c1)C[C@H](C(=O)Nc1ccc(-c3cn[nH]c3)cc1O[C@@H]1CCN(C)C1)CO2
1728226,COc1ccc2c(c1)C[C@@H](C(=O)Nc1ccc(-c3cn[nH]c3)cc1O[C@@H]1CCN(C)C1)CO2
1728227,COc1ccc2c(c1)C[C@H](C(=O)Nc1ccc(-c3cn[nH]c3)cc1O[C@H]1CCN(C)C1)CO2
1728228,COc1ccc2c(c1)C[C@@H](C(=O)Nc1ccc(-c3cn[nH]c3)cc1O[C@H]1CCN(C)C1)CO2
1728229,COc1ccc2c(c1)C[C@H](C(=O)Nc1ccc(-c3cn[nH]c3)cc1OCCCO)CO2
1728230,COc1ccc2c(c1)C[C@@H](C(=O)Nc1ccc(-c3cn[nH]c3)cc1OCCCO)CO2
182884,CCn1c(=O)c(-c2c(Cl)cccc2Cl)cc2cnc(Nc3ccccc3)nc21
162835,CCCCCCCCCCCCC(=O)N1CCCCC1CNC(=O)[C@@H](N)CCCN=C(N)N
169858,CC(=O)NC[C@H]1O[C@@H](n2cc(C)c(=O)[nH]c2=O)C[C@@H]1O
1730434,CCC(=O)NCC(O)[C@H]1O[C@@H](n2cc(C)c(=O)[nH]c2=O)C[C@@H]1O
1730452,CCS[C@H]1C[C@H](n2cc(C)c(=O)[nH]c2=O)O[C@@H]1CO
1731702,Nc1nc2nc(SCC(=O)c3ccccc3)[nH]c2c(=O)[nH]1
1731703,N#Cc1ccc(CSc2nc3nc(N)[nH]c(=O)c3[nH]2)cc1
1731704,Cc1ccc(C(=O)CSc2nc3nc(N)[nH]c(=O)c3[nH]2)cc1
1731705,Nc1nc2nc(SCC(=O)c3ccc(O)cc3)[nH]c2c(=O)[nH]1
1731706,Nc1nc2nc(SCC(=O)c3ccc(F)cc3)[nH]c2c(=O)[nH]1
1731707,N#Cc1ccc(C(=O)CSc2nc3nc(N)[nH]c(=O)c3[nH]2)cc1
1731708,COc1ccc(C(=O)CSc2nc3nc(N)[nH]c(=O)c3[nH]2)cc1
1731709,Cc1cccc(C(=O)CSc2nc3nc(N)[nH]c(=O)c3[nH]2)c1
1731710,Cc1ccccc1C(=O)CSc1nc2nc(N)[nH]c(=O)c2[nH]1
1731712,COc1ccccc1C(=O)CSc1nc2nc(N)[nH]c(=O)c2[nH]1
1731713,CC(Sc1nc2nc(N)[nH]c(=O)c2[nH]1)C(=O)c1ccccc1
1731717,Cc1nc2c(=O)[nH]c(N)nc2[nH]1
1731718,NC1N=C(O)c2nc(CO)cnc2N1
183101,Cn1c(=O)c(-c2c(Cl)cccc2Cl)cc2cnc(Nc3ccc(O)cc3)nc21
1734114,CCCCCCCCCCCC(=O)C1=C(O)COC1=O
1734115,CCCCCCCCCCCCCC(=O)C1=C(O)COC1=O
1734121,CCCCCCCCCCC/C(O)=C1/C(=O)N[C@@H](CCO)C1=O
1734122,CCCCCCCCCCCCC/C(O)=C1/C(=O)N[C@@H](CCO)C1=O
196740,O=C1Cc2c([nH]c3ccc(Br)cc23)-c2sccc2N1
183511,Cn1c(=O)c(-c2c(Cl)cccc2Cl)cc2cnc(NCCc3ccccn3)nc21
183382,Cn1c(=O)c(-c2c(Cl)cccc2Cl)cc2cnc(Nc3ccc(OCCN4CCCCC4)cc3)nc21
196509,C[C@H](Nc1cc(-c2oc(C3(O)CCN(C)CC3)nc2-c2ccc(F)cc2)ccn1)c1ccccc1
183222,CC[N+](C)(CC)CCOc1ccc(Nc2ncc3cc(-c4c(Cl)cccc4Cl)c(=O)n(C)c3n2)cc1.[I-]
42794,c1ccc(Cc2nc3ccc(Nc4ncnc5ccccc45)cc3[nH]2)cc1
183120,COc1cc(Nc2ncc3cc(-c4c(Cl)cccc4Cl)c(=O)n(C)c3n2)cc(OC)c1
1744022,CCSc1nc2c(N)ncnc2n1[C@@H]1O[C@H](COP(=O)(O)OP(=O)(O)OP(=O)(O)O)[C@@H](O)[C@H]1O
1744023,CCCSc1nc2c(N)ncnc2n1[C@@H]1O[C@H](COP(=O)(O)OP(=O)(O)OP(=O)(O)O)[C@@H](O)[C@H]1O
1744024,CCCCCSc1nc2c(N)ncnc2n1[C@@H]1O[C@H](COP(=O)(O)OP(=O)(O)OP(=O)(O)O)[C@@H](O)[C@H]1O
182917,Cn1c(=O)c(-c2c(Cl)cccc2Cl)cc2cnc(Nc3cccnc3)nc21
194631,Cc1ccccc1-n1nc(-c2c(-c3cccc(Cl)c3Cl)nc3ccccn23)ccc1=O
194734,Cc1ccccc1N1N=C(c2c(-c3ccc(F)cc3F)nc3ccccn23)CCC1=O
183027,Cn1c(=O)c(-c2c(Cl)cccc2Cl)cc2cnc(NCc3ccccn3)nc21
197579,OC1(c2nc(-c3ccc(F)cc3)c(-c3ccnc(NC4CCCCC4)n3)o2)CCNCC1
1747907,CC(C)C(CC(=O)OCC1(CO)C/C(=C\c2cccc(C(=O)O)c2)C(=O)O1)C(C)C
1747908,CC(C)C(CC(=O)OCC1(CO)C/C(=C\c2ccc(C(=O)O)cc2)C(=O)O1)C(C)C
1747909,CC(C)C(CC(=O)OCC1(CO)C/C(=C/c2ccc(C(=O)O)cc2)C(=O)O1)C(C)C
1747910,CC(C)(C)C(=O)OCC1(CO)C/C(=C\c2cccc(C(=O)O)c2)C(=O)O1
1747911,CC(C)(C)C(=O)OCC1(CO)C/C(=C\c2ccc(C(=O)O)cc2)C(=O)O1
1747912,CC(C)CC(CC(=O)OCC1(CO)C/C(=C\c2cccc(C(=O)O)c2)C(=O)O1)CC(C)C
1747913,CC(C)CC(CC(=O)OCC1(CO)C/C(=C\c2ccc(C(=O)O)cc2)C(=O)O1)CC(C)C
1747914,CC(C)CC(CC(=O)OCC1(CO)C/C(=C\c2ccccc2C(C(=O)OC(C)(C)C)C(=O)OC(C)(C)C)C(=O)O1)CC(C)C
1747915,CC(C)CC(CC(=O)OCC1(CO)C/C(=C\c2cccc(C(C(=O)OC(C)(C)C)C(=O)OC(C)(C)C)c2)C(=O)O1)CC(C)C
1747916,CC(C)CC(CC(=O)OCC1(CO)C/C(=C\c2ccc(C(C(=O)OC(C)(C)C)C(=O)OC(C)(C)C)cc2)C(=O)O1)CC(C)C
1747917,CC(C)CC(C/C=C1\CC(CO)(COC(=O)C(C)(CO)CO)OC1=O)CC(C)C
1748621,Cc1c(NC(=O)c2ccc(C(C)(C)C)cc2)cccc1-c1nc(Nc2ccc(C(=O)N3CCOCC3)cc2)c2nc[nH]c2n1
193114,Nc1ccn2c(-c3ccncn3)c(-c3ccccc3)nc2n1
49095,NC(N)=NCCC[C@@H](N)C(=O)N[C@H](CCCN=C(N)N)C(=O)N[C@H](CCCN=C(N)N)C(=O)N[C@H](CCCN=C(N)N)C(=O)N[C@H](CCCN=C(N)N)C(=O)N[C@H](CCCN=C(N)N)C(=O)O
183155,Cn1c(=O)c(-c2c(Cl)cccc2Cl)cc2cnc(Nc3cccc(CO)c3)nc21
152128,COc1cc(Nc2c(C#N)cnc3cc4c(cc23)ncn4CCN2CCOCC2)c(Br)cc1Cl
147196,c1ccc(-c2cc(-c3ccncc3)c(-c3cccnc3)[nH]2)cc1
159229,COc1ccc(-n2sc3ccccc3c2=O)cc1
159933,Cn1cc(C2=C(c3c4n(c5ccccc35)CCC(C[N+](C)(C)C)C4)C(=O)NC2=O)c2ccccc21
151685,O=C1NCc2nc(Sc3ccc(F)cc3F)c(N3CC4CC3CN4C3CC3)cc2N1c1c(Cl)cccc1Cl
160422,Cn1cc(C2=C(c3c4n(c5ccccc35)CCC(CN)CC4)C(=O)NC2=O)c2ccccc21
163201,Cc1cc(C(C#N)c2ccc(Cl)cc2)c(Cl)cc1NC(=O)c1cccc(O)c1O
147185,Fc1ccccc1-c1cc(-c2ccncc2)c(-c2ccccc2)[nH]1
143235,COc1cccc(OC)c1C(=O)c1c(O)cc(C(=O)O[C@@H]2CCCNCC2NC(=O)c2ccc(O)cc2)cc1O
146971,Fc1ccc(-c2cc(-c3ccc(Cl)cc3)[nH]c2-c2ccncc2)cc1
146891,N#Cc1cccc(-c2[nH]c(-c3ccccc3)cc2-c2ccncc2)c1
146339,Clc1ccc(-c2[nH]c(-c3ccccc3)cc2-c2ccncc2)cc1
144848,O=C1NC(=O)C2=C1c1cn(c3ccccc13)CCO[C@H](CNCc1ccccc1)CCn1cc2c2ccccc21
147297,Fc1cccc(-c2cc(-c3ccncc3)c(-c3ccccc3)[nH]2)c1
146655,Clc1ccc(-c2cc(-c3ccncc3)c(-c3ccccc3)[nH]2)cc1
160533,Cn1cc(C2=C(c3c4n(c5ccccc35)CC(N)CC4)C(=O)NC2=O)c2ccccc21
1761800,CCCCCc1c2n(c3ccccc13)CC(O)CNC2=O
143236,O=C(NC1CNCCC[C@H]1OC(=O)c1cc(O)c(C(=O)c2c(O)cccc2O)c(O)c1)c1ccc(O)cc1
1760145,O=C1Cc2c([nH]c3c(/C=C/C(=O)c4ccccc4)cccc23)-c2cccnc2N1
1760149,O=C(/C=C/c1cccc2c3c([nH]c12)-c1cccnc1NC(=O)C3)Nc1ccccc1
1760336,CC(C)C[C@@H]1NC(=O)[C@H](CO)NC(=O)[C@H](CO)NC(=O)[C@@H](NC(=O)[C@H](C)NC(=O)[C@H](CC(N)=O)NC(=O)[C@@H](NC(=O)CN)C(C)C)CSC(=O)[C@H](Cc2ccccc2)NC1=O
151165,O=C1NCc2nc(Sc3ccc(F)cc3F)c(N3CCCCC3)cc2N1c1c(Cl)cccc1Cl
1761512,O=C1NCC(O)Cn2c1c(I)c1ccccc12
1761513,COc1cccc2c1c(I)c1n2CC(O)CNC1=O
1761788,COc1ccc2c(c1)c(I)c1n2CC(O)CNC1=O
1761789,COc1ccc2c(I)c3n(c2c1)CC(O)CNC3=O
1761790,O=C1NCC(O)Cn2c1c(I)c1ccc(OCc3ccccc3)cc12
1761791,O=C1NCC(O)Cn2c1c(Br)c1ccccc12
1761792,COc1ccc2c(Br)c3n(c2c1)CC(O)CNC3=O
1761793,O=C1NCC(O)Cn2c1c(I)c1ccc(O)cc12
1761794,O=C1NCC(O)Cn2c1cc1ccccc12
1761795,Cc1c2n(c3ccccc13)CC(O)CNC2=O
1761796,N#Cc1c2n(c3ccccc13)CC(O)CNC2=O
1761797,O=C1NCC(O)Cn2c1c(-c1ccccc1)c1ccccc12
1761798,CCCC#Cc1c2n(c3ccccc13)CC(O)CNC2=O
1761799,COC(=O)/C=C/c1c2n(c3ccccc13)CC(O)CNC2=O
1761801,O=C1NCC(O)Cc2c1[nH]c1ccccc21
1761802,Cn1c2c(c3ccccc31)CC(O)CNC2=O
152187,COc1ccc(C)c(Nc2c(C#N)cnc3cc4[nH]c(NCCN5CCOCC5)nc4cc23)c1
143825,O=C(NC1CNCCC[C@H]1OC(=O)c1cc(O)c2c(=O)c3c(C(=O)O)cccc3oc2c1)c1ccc(O)cc1
150469,O=C1NCc2nc(Sc3ccc(F)cc3F)c(N3CCOCC3)cc2N1c1c(Cl)cccc1Cl
162497,CCCCCCCCCCCCC(=O)N1CCCCC1CNC(=O)[C@@H](N)CCCCN
1762163,COc1c(O)ccc2c(=O)c3c(O)cc4c(c3[nH]c12)C=CC(C)(C)O4
1762171,COc1cccc(Nc2nc3cccc(-c4c(F)cccc4OC)c3o2)c1
1762172,COc1cccc(F)c1-c1cccc2nc(N)oc12
1762173,COc1cccc(F)c1-c1cccc2nc(Nc3ccccc3)oc12
1762174,COc1cccc(F)c1-c1cccc2nc(NC3CCCCC3)oc12
1762175,COc1cccc(F)c1-c1cccc2nc(NC3CCOCC3)oc12
1762176,COc1cccc(Nc2nc3cccc(-c4c(F)cccc4OC)c3o2)n1
1762177,CCOc1cccc(Nc2nc3cccc(-c4c(F)cccc4OC)c3o2)c1
151687,O=C1NCc2nc(Sc3ccc(F)cc3F)c(OC3CCNCC3)cc2N1c1c(Cl)cccc1Cl
150093,C[C@@](O)(C(=O)NC1CCCCC1)C(F)(F)F
1762277,COc1cc(Nc2nc3cccc(-c4c(F)cccc4OC)c3o2)cc(OC)c1OC
1762278,COc1ccc(Nc2nc3cccc(-c4c(F)cccc4OC)c3o2)cc1
1762279,COc1cc(Nc2nc3cccc(-c4c(F)cccc4OC)c3o2)cc(OC)c1
1762280,COc1ccc(Nc2nc3cccc(-c4c(F)cccc4OC)c3o2)cc1OC
1762281,COc1cccc(F)c1-c1cccc2nc(Nc3cccc(S(N)(=O)=O)c3)oc12
1762282,COc1ccc(Nc2nc3cccc(-c4c(F)cccc4OC)c3o2)cc1N
1762283,COc1ccc(Nc2nc3cccc(-c4c(F)cccc4OC)c3o2)cc1O[C@H]1CCNC1
1762372,COc1ccccc1-c1cccc2nc(Nc3cc(OC)c(OC)c(OC)c3)oc12
1762373,COc1cc(Nc2nc3cccc(-c4ccccc4F)c3o2)cc(OC)c1OC
1762374,COc1cc(Nc2nc3cccc(-c4ccccc4OC(F)(F)F)c3o2)cc(OC)c1OC
1762375,CCOc1cccc(F)c1-c1cccc2nc(Nc3cc(OC)c(OC)c(OC)c3)oc12
1762376,COc1cc(Nc2nc3cccc(-c4c(F)cccc4OC(C)C)c3o2)cc(OC)c1OC
1762377,COc1cc(Nc2nc3cccc(-c4c(OC)cccc4OC)c3o2)cc(OC)c1OC
1762378,COc1ccc(F)cc1-c1cccc2nc(Nc3cc(OC)c(OC)c(OC)c3)oc12
1762379,COc1cc(C)ccc1-c1cccc2nc(Nc3cc(OC)c(OC)c(OC)c3)oc12
1762380,COc1ccc(C)cc1-c1cccc2nc(Nc3cc(OC)c(OC)c(OC)c3)oc12
1762526,COc1cc(Nc2nc3cccc(-c4ccccc4-c4cn[nH]c4)c3o2)cc(OC)c1OC
1762527,COc1cc(Nc2nc3cccc(-c4nc(C)[nH]c4C)c3o2)cc(OC)c1OC
1762528,COc1cc(Nc2nc3cccc(-c4cccc5cn[nH]c45)c3o2)cc(OC)c1OC
1762529,COc1cc(Nc2nc3cccc(-c4cccc5[nH]cnc45)c3o2)cc(OC)c1OC
147249,COc1ccc(OC)c(-c2cc(-c3ccncc3)c(-c3ccc(F)cc3)[nH]2)c1
146910,Oc1c(-c2ccncc2)c(-c2ccc(F)cc2)nn1-c1ccc(Cl)cc1
160454,Cn1cc(C2=C(c3c4n(c5ccccc35)CCC(N)C4)C(=O)NC2=O)c2ccccc21
146938,N#Cc1ccc(-c2[nH]c(-c3ccccc3)cc2-c2ccncc2)cc1
152030,COc1cc(Nc2c(C#N)cnc3cc4c(cc23)ncn4CCN2CCOCC2)c(C)cc1Cl
147326,Fc1ccc(-c2[nH]c(-c3ccc(Br)cc3)cc2-c2ccncc2)cc1
152238,COc1cc(Nc2c(C#N)cnc3cc4[nH]c(CN5CCOCC5)nc4cc23)cc(OC)c1OC
1779606,C/C=C1\NC(=O)[C@H]2CSSCC/C=C/[C@@H](CC(=O)N[C@H](C(C)C)C(=O)N2)OC(=O)[C@H](C(C)C)NC1=O
193286,Fc1ccc(-c2[nH]c3ccc4[nH]c(Cc5ccccc5)nc4c3c2-c2ccncc2)cc1
193755,C[C@H](Nc1nccc(-c2c(-c3ccccc3)nc3nc(N)ccn23)n1)c1ccccc1
198484,Cc1nc2cc(C(=O)c3ccc(Nc4ccc(F)cc4F)cc3)c(Cl)cc2[nH]1
183780,Cn1c(=O)c(-c2c(Cl)cccc2Cl)cc2cnc(Nc3ccc(OCCN)cc3)nc21
198976,CN(c1cccc(Br)c1)c1c(N)ncnc1C#Cc1ccc(N2CCOCC2)nc1
194262,O=c1ccc(-c2c(-c3cccc(Cl)c3Cl)nc3ccccn23)nn1-c1c(Cl)cccc1Cl
197771,O=C1NCc2cc(NCc3ccccc3)ccc2N1c1c(Cl)cccc1Cl
183342,CCCCNc1ncc2cc(-c3c(Cl)cccc3Cl)c(=O)n(C)c2n1
197903,COc1ccc(CCC2(O)CCN(C)CC2)cc1C(=O)c1ccc(Nc2ccc(F)cc2F)cc1
197809,O=C1NCc2cc(NS(=O)(=O)c3cc(Cl)ccc3Cl)ccc2N1c1c(Cl)cccc1Cl
1787135,CCOc1cccc(-c2cc(=O)c3ccccc3o2)c1N
1787136,COc1cccc(-c2cc(=O)c3cc(Cl)ccc3o2)c1N
1787138,COc1cccc(-c2cc(=O)c3cc(Cl)cc(NC(C)C)c3o2)c1N
1787139,CCCCNc1cc(Cl)cc2c(=O)cc(-c3cccc(OC)c3N)oc12
1787140,COCCCNc1cc(Cl)cc2c(=O)cc(-c3cccc(OC)c3N)oc12
1787141,COc1cccc(-c2cc(=O)c3cc(Cl)cc(NCCCO)c3o2)c1N
1787142,COc1cccc(-c2cc(=O)c3cc(Cl)cc(NCC[C@H](O)CO)c3o2)c1N
1787143,COc1cccc(-c2cc(=O)c3cc(Cl)cc(NCCCN(C)C)c3o2)c1N
1787144,COc1cccc(-c2cc(=O)c3cc(Cl)cc(NCCCN)c3o2)c1N
1787145,COc1cccc(-c2cc(=O)c3cc(Cl)cc(NCc4ccccc4)c3o2)c1N
1787146,COc1cccc(-c2cc(=O)c3cc(Cl)cc(NC4CCOCC4)c3o2)c1N
1787147,COc1cccc(-c2cc(=O)c3cccc(NCCCO)c3o2)c1N
1787148,COc1cccc(-c2cc(=O)c3cccc(NCC[C@H](O)CO)c3o2)c1N
194263,O=c1ccc(-c2c(-c3cccc(C(F)(F)F)c3)nc3ccccn23)nn1-c1c(Cl)cccc1Cl
200373,Nc1ncnc(C#Cc2ccc(N3CCOCC3)nc2)c1CN1CCc2ccccc2C1
197784,CC(C)(N)C#Cc1ccc(Cl)c(C(=O)c2ccc(Nc3ccc(F)cc3F)nc2)c1
194775,O=c1ccc(-c2c(-c3ccc(F)cc3F)nc3ccccn23)nn1-c1c(Cl)cccc1Cl
197900,Cc1nc2cc(C(=O)c3ccc(Nc4ccc(F)cc4F)nc3)c(Cl)cc2[nH]1
1792339,O=C(Nc1nc2cc3c(cc2[nH]1)OC(F)(F)O3)c1csc(NC(=O)c2ccccc2OC(F)(F)F)n1
1792340,COc1cccc(C(=O)Nc2nc3cc4c(cc3[nH]2)OC(F)(F)O4)c1
1792341,COc1cncc(C(=O)Nc2nc3cc4c(cc3[nH]2)OC(F)(F)O4)c1
1792342,COc1cc(C(=O)Nc2nc3cc4c(cc3[nH]2)OC(F)(F)O4)ccn1
1792343,CN(C)c1cccc(C(=O)Nc2nc3cc4c(cc3[nH]2)OC(F)(F)O4)c1
1792344,CN(C)c1cc(C(=O)Nc2nc3cc4c(cc3[nH]2)OC(F)(F)O4)ccn1
1792345,O=C(Nc1nc2cc3c(cc2[nH]1)OC(F)(F)O3)c1cccc(OC(F)F)c1
1792346,COC(=O)c1cccc(C(=O)Nc2nc3cc4c(cc3[nH]2)OC(F)(F)O4)c1
1792347,O=C(Nc1nc2cc3c(cc2[nH]1)OC(F)(F)O3)c1cccc(-c2nnn[nH]2)c1
1792348,O=C(Nc1nc2ccc(C(F)(F)F)cc2[nH]1)c1csc(NC(=O)c2ccccc2OC(F)(F)F)n1
1792349,COc1ccc(C(=O)Nc2nc3cc4c(cc3[nH]2)OC(F)(F)O4)cc1
1792350,CN(C)c1ccc(C(=O)Nc2nc3cc4c(cc3[nH]2)OC(F)(F)O4)cc1
1792956,NNC(=O)CC(=O)Nc1ccc(F)c(Cl)c1
1792957,NNC(=O)CC(=O)Nc1ccccc1[N+](=O)[O-]
1792958,NNC(=O)CC(=O)Nc1cccc([N+](=O)[O-])c1
1792959,NNC(=O)CC(=O)Nc1ccc([N+](=O)[O-])cc1
1792960,NNC(=O)CC(=O)Nc1ccc([N+](=O)[O-])cc1[N+](=O)[O-]
1792961,NNC(=O)CC(=O)Nc1cc(Cl)cc(Cl)c1
1792962,NNC(=O)CC(=O)Nc1ccc(Cl)c(Cl)c1
1792963,COc1ccc(OC)c(NC(=O)CC(=O)NN)c1
1792964,COc1ccc(NC(=O)CC(=O)NN)c(OC)c1
1792965,CCN(CC)c1ccc(NC(=O)CC(=O)NN)cc1
1792966,CCCCc1ccc(NC(=O)CC(=O)NN)cc1
1792967,CCCc1ccc(NC(=O)CC(=O)NN)cc1
1792968,NNC(=O)CC(=O)Nc1ccc(S(=O)(=O)O)cc1
1792969,NNC(=O)CC(=O)Nc1ccccc1C(=O)O
1792970,NNC(=O)CC(=O)NCc1ccco1
196833,FC(F)(F)c1cccc(-c2nc(C3CCNCC3)cn2-c2ccnc(NC3CCCCC3)n2)c1
1793706,c1ccc2c(CCc3c[nH]c4ccccc34)c[nH]c2c1
1793707,Cc1ccc2[nH]cc(CCc3c[nH]c4ccccc34)c2c1
1793708,COc1ccc2[nH]cc(CCc3c[nH]c4ccccc34)c2c1
1793709,Clc1ccc2[nH]cc(CCc3c[nH]c4ccccc34)c2c1
1793710,Fc1ccc2[nH]cc(CCc3c[nH]c4ccccc34)c2c1
1793711,FC(F)(F)c1ccc2[nH]cc(CCc3c[nH]c4ccccc34)c2c1
1793712,N#Cc1ccc2[nH]cc(CCc3c[nH]c4ccccc34)c2c1
1793713,O=[N+]([O-])c1ccc2c(CCc3c[nH]c4ccccc34)c[nH]c2c1
1793714,O=[N+]([O-])c1cccc2[nH]cc(CCc3c[nH]c4ccccc34)c12
1793715,Fc1cc(Cl)cc2c(CCc3c[nH]c4ccccc34)c[nH]c12
1793716,O=C(C(=O)c1c[nH]c2ccccc12)c1c[nH]c2ccccc12
193290,C[C@H](Nc1cc(-c2c(-c3ccccc3)nc3nc(N)ccn23)ccn1)c1ccccc1
198657,CC(C)(N)C#Cc1ccc(Cl)c(C(=O)c2ccc(Nc3ccc(F)cc3F)cc2)c1
194174,O=c1ccc(-c2c(-c3ccc(F)cc3Cl)nc3ccccn23)nn1-c1ccccc1Cl
198187,O=C1NCc2ccccc2N1c1c(Cl)cccc1Cl
202477,CCCCCC(=O)Nc1ccc2c(c1)C[C@@H](CO)NC(=O)[C@H](C(C)C)N2C
194629,O=C1CCC(c2c(-c3ccc(F)cc3F)nc3ccccn23)=NN1c1c(Cl)cccc1Cl
198514,COc1cc2[nH]c(C)nc2cc1C(=O)c1ccc(Nc2ccc(F)cc2F)nc1
213770,Cc1cccc(Cl)c1NC(=O)c1sc(NC(=O)OC(C)(C)C)nc1C
214009,Cc1nc(NC(=O)OC(C)(C)C)sc1C(=O)Nc1c(C(C)C)cccc1C(C)C
1796104,O=C(O)c1cccc(-c2ccc(/C=c3\sc4n(c3=O)C(c3ccc(F)cc3)C=C(c3ccccc3)N=4)o2)c1
222290,CC(C)[C@H]1C(=O)N[C@H](CO)Cc2cc(NC(=O)COCCOCCOCCOCCOCC(=O)Nc3ccc4c(c3)N(C)[C@@H](C(C)C)C(=O)N[C@H](CO)C4)ccc2N1C
222289,CC(C)[C@H]1C(=O)N[C@H](CO)Cc2cc(NC(=O)CCCCCCCCCCCCCCC(=O)Nc3ccc4c(c3)N(C)[C@@H](C(C)C)C(=O)N[C@H](CO)C4)ccc2N1C
219258,CN1CC[C@H](c2c(O)cc(O)c3c(=O)cc(Sc4ccccc4Cl)oc23)[C@H](O)C1
1797936,C[C@@H]1CN(C(=O)[C@@](C)(O)C(F)(F)F)[C@@H](C)CN1/C(=N/C#N)Oc1ccccc1
1797937,C[C@@H]1CN(C(=O)[C@@](C)(O)C(F)(F)F)CCN1/C(=N/C#N)Oc1ccccc1
1797938,C[C@@](O)(C(=O)N1CCN(/C(=N/C#N)Oc2ccccc2)CC1)C(F)(F)F
1798300,O=P(O)(O)O[C@H]1[C@H](OP(=O)(O)O)[C@H](O)[C@H](O)[C@@H](O)[C@@H]1OP(=O)(O)O
1798301,O=P(O)(O)O[C@H]1[C@H](OP(=O)(O)O)[C@H](OP(=O)(O)O)[C@H](O)[C@@H](O)[C@H]1OP(=O)(O)O
1798302,O=P(O)(O)O[C@H]1[C@@H](O)[C@@H](OP(=O)(O)O)[C@H](OP(=O)(O)O)[C@@H](OP(=O)(O)O)[C@@H]1O
1798303,O=P(O)(O)O[C@H]1[C@H](O)[C@@H](OP(=O)(O)O)[C@H](O)[C@@H](OP(=O)(O)O)[C@H]1O
1799699,O=P(O)(O)O[C@H]1[C@H](OP(=O)(O)O)[C@@H](OP(=O)(O)O)[C@H](O)[C@@H](O)[C@H]1OP(=O)(O)O
221510,CC(C)[C@H]1C(=O)N[C@H](CO)Cc2cc(NC(=O)CCCCC(=O)Nc3ccc4c(c3)N(C)[C@@H](C(C)C)C(=O)N[C@H](CO)C4)ccc2N1C
1819133,CCOc1cc(=O)[nH]cc1-c1ccc(CC(=O)Nc2cc(C(C)(C)C(F)(F)F)on2)c(F)c1
1819153,O=S(=O)(Nc1ccc(-c2nc(O[C@H]3CC[C@H](O)CC3)c3cn[nH]c3n2)cc1)c1cc(Cl)ccc1F
1823201,Nc1nc(=O)n(C2CCCS2)cc1C#CCNS(=O)(=O)C1CC1
1823324,Nc1nc2[nH]c(SCC(=O)c3ccc(-c4ccccc4)cc3)nc2c(=O)[nH]1
1823325,COc1ccc(CCSc2nc3c(=O)[nH]c(N)nc3[nH]2)cc1
1823326,CC(=O)CSc1nc2c(=O)[nH]c(N)nc2[nH]1
1823327,Nc1nc2[nH]c(SCc3ccccc3)nc2c(=O)[nH]1
1823328,Nc1nc2[nH]c(SCc3ccccc3F)nc2c(=O)[nH]1
1823329,Nc1nc2[nH]c(SCc3ccccc3C(F)(F)F)nc2c(=O)[nH]1
236385,Cc1ccc(-n2nc(C(C)(C)C)cc2NC(=O)Nc2ccc(OCCn3ccnc3)c3ccccc23)cc1
227005,Nc1ncc2cc(-c3c(Cl)cccc3Cl)c(=O)n(Cc3ccncc3)c2n1
214539,Cc1cccc(C(C)C)c1NC(=O)c1sc(NC(=O)OC(C)(C)C)nc1C
214247,Cc1nc(NC(=O)OC(C)(C)C)sc1C(=O)Nc1ccc(Cl)cc1Cl
236228,Cc1ccc(-n2nc(C(C)(C)C)cc2NC(=O)Nc2ccc(OCCN3CCNCC3)c3ccccc23)cc1
220184,O=C1Cc2c([nH]c3ccc(Br)cc23)-c2ncccc2N1
222578,CC(C)[C@H]1C(=O)N[C@H](CO)C1c1ccc(OC(=O)CCCCCCCCCCCCC(=O)Oc2ccc([C@H]3[C@@H](C(C)C)C(=O)N[C@@H]3CO)c3ccccc23)c2ccccc12
228100,Cn1c(=O)c(-c2ccc(-c3ccccc3)cc2)cc2cnc(Nc3ccccc3)nc21
227046,CC(C)Cn1c(=O)c(-c2c(Cl)cccc2Cl)cc2cnc(N)nc21
222689,CC(C)[C@H]1C(=O)N[C@H](CO)C1c1ccc(OC(=O)CCCCCCCCC(=O)Oc2ccc([C@H]3[C@@H](C(C)C)C(=O)N[C@@H]3CO)c3ccccc23)c2ccccc12
221482,CC(C)[C@H]1C(=O)N[C@H](CO)Cc2cc(NC(=O)CCCCCCCCCCCCC(=O)Nc3ccc4c(c3)N(C)[C@@H](C(C)C)C(=O)N[C@H](CO)C4)ccc2N1C
209967,O=C1Nc2ccccc2/C1=C\c1ccc(C(F)(F)F)cc1
209830,O=C1c2ccccc2-c2nnc(-c3ccc(Br)cc3)cc21
213836,CNC(=O)Nc1nc(C)c(C(=O)Nc2c(C)cc(C)cc2C)s1
209934,O=C1NC(=S)S/C1=C1\C(=O)Nc2ccc(F)cc21
219055,Nc1ncnc2c1ncn2[C@@H]1O[C@H](CO)[C@@H](N)[C@H]1O
213849,Cc1cccc(C(C)(C)C)c1NC(=O)c1sc(NC(=O)OC(C)(C)C)nc1C
200198,Nc1ncnc(C#Cc2ccc(N3CCOCC3)nc2)c1CCCc1ccccc1
209354,O=C1Nc2ccccc2/C1=C\C1CCCCN1
1827407,COc1cc(NC(=O)c2cccc(-n3cc(NC(=O)Nc4cccc(C)c4)cn3)c2)cc(OC)c1OC
1827412,COc1ccc2c(c1)OCC(C(=O)NC(=O)N(CC(=O)NCCCCCCNC(=O)c1ccc(-c3n[nH]c4ccccc34)cc1)CC(C)C)O2
222097,CC(C)[C@H]1C(=O)N[C@H](CO)C1c1ccc(OC(=O)CCCCCCC(=O)Oc2ccc([C@H]3[C@@H](C(C)C)C(=O)N[C@@H]3CO)c3ccccc23)c2ccccc12
1827958,CSc1cc(-c2cccs2)[nH]c(=O)c1C#N
1827959,CSc1cc(-c2cccc(Cl)c2)[nH]c(=O)c1C#N
1827960,COc1ccccc1-c1cc(SC)c(C#N)c(=O)[nH]1
1827961,COc1cccc(-c2cc(SC)c(C#N)c(=O)[nH]2)c1
1827962,COc1ccc(-c2cc(SC)c(C#N)c(=O)[nH]2)cc1
1827963,CSc1cc(-c2ccccn2)[nH]c(=O)c1C#N
1827964,COc1cccc(-c2cc(-c3ccc(C(=O)O)cc3)c(C#N)c(=O)[nH]2)c1
1827965,COc1cccc(-c2cc(-c3cccc(C(=O)O)c3)c(C#N)c(=O)[nH]2)c1
1827966,COc1cccc(-c2cc(-c3ccc(N)cc3)c(C#N)c(=O)[nH]2)c1
1827967,COc1cccc(-c2cc(-c3cccc(N)c3)c(C#N)c(=O)[nH]2)c1
1827968,CCNC(=O)Nc1ccc(-c2cc(-c3cccc(OC)c3)[nH]c(=O)c2C#N)cc1
1827969,COc1cccc(-c2cc(-c3cccnc3)c(C#N)c(=O)[nH]2)c1
1827970,COc1cccc(-c2cc(-c3ccc(NC(C)=O)cc3)c(C#N)c(=O)[nH]2)c1
1827971,COc1cccc(-c2nc(SC)c(C#N)c(=O)[nH]2)c1
1827972,CSc1cc(-c2cccc(Cl)c2)[nH]c(=O)c1C(N)=O
1827973,COc1cccc(-c2cc(-c3ccc(C(=O)O)cc3)c(C)c(=O)[nH]2)c1
1827974,CC(C)c1ccc(COc2cccc(-c3cc(-c4ccc(C(=O)O)cc4)c(C#N)c(=O)[nH]3)c2)cc1
1827975,N#Cc1c(-c2ccc(C(=O)O)cc2)c2c([nH]c1=O)-c1ccccc1CC2
1827976,N#Cc1c(-c2ccc(C(=O)O)cc2)c2c([nH]c1=O)-c1cccc(O)c1CC2
1828046,COc1cccc2c1CCc1c-2[nH]c(=O)c(C#N)c1-c1ccc(C(=O)O)cc1
1828047,N#Cc1c(-c2ccc(C(=O)O)cc2)c2c([nH]c1=O)-c1cccc(-c3cn[nH]c3)c1CC2
1828048,CC(C)c1ccc(COc2cccc3c2CCc2c-3[nH]c(=O)c(C#N)c2-c2ccc(C(=O)O)cc2)cc1
1828049,CCNC(=O)Nc1ccc(-c2c3c([nH]c(=O)c2C#N)-c2cccc(OC)c2CC3)cc1
1828050,N#Cc1c(-c2ccc(C(=O)NS(=O)(=O)c3ccccc3)cc2)c2c([nH]c1=O)-c1ccccc1OC2
1828051,CS(=O)(=O)NC(=O)c1ccc(-c2c3c([nH]c(=O)c2C#N)-c2ccccc2OC3)cc1
1828054,CCc1cc2[nH]c(=O)c(C#N)c(-c3ccccc3)c2c(C)n1
1828055,CCCc1cc2[nH]c(=O)c(C#N)c(-c3ccccc3)c2c(C)n1
1828056,CCc1cc2[nH]c(=O)c(C#N)c(-c3ccc(NS(C)(=O)=O)cc3)c2c(C)n1
1828057,CCCc1cc2[nH]c(=O)c(C#N)c(-c3ccc(NS(C)(=O)=O)cc3)c2c(C)n1
1828058,C[S+]([O-])c1cc(-c2cccs2)[nH]c(=O)c1C#N
1828059,C[S+]([O-])c1cc(-c2cccc(OC(F)(F)F)c2)[nH]c(=O)c1C#N
1828060,C[S+]([O-])c1cc(-c2cccc(Br)c2)[nH]c(=O)c1C#N
1828061,CS(=O)(=O)c1cc(-c2cccc(Br)c2)[nH]c(=O)c1C#N
1828062,CC(C)CCOc1cccc(-c2cc([S+](C)[O-])c(C#N)c(=O)[nH]2)c1
1828063,CS(=O)(=O)c1cc(-c2cccc(OCc3cccc(Cl)c3)c2)[nH]c(=O)c1C#N
1828064,CC(C)c1ccc(COc2cccc(-c3cc([S+](C)[O-])c(C#N)c(=O)[nH]3)c2)cc1
1828065,CS(=O)(=O)c1cc(-c2cccc(Br)c2)[nH]c(=O)c1
1828066,CS(=O)(=O)c1c2c([nH]c(=O)c1C#N)-c1ccccc1OC2
221993,COc1cc(OC)cc(-c2cc3cnc(NCCCN4CCOCC4)cc3nc2NC(=O)NC(C)(C)C)c1
1831316,C[C@@H]1COCCN1c1nc(-c2ccncc2F)cc(=O)n1C
1831465,Cc1c(NC(=O)c2ccc(N(C)C)cc2)cccc1-c1cn(C)c(=O)c(Nc2ccc(C(=O)N3CCOCC3)cc2)n1
1831466,CCC(C)(C)c1ccc(C(=O)Nc2cccc(-c3cn(C)c(=O)c(Nc4ccc(C(=O)N5CCOCC5)cc4)n3)c2C)cc1
1831468,Cc1c(NC(=O)c2ccc(C3(C)CC3)cc2)cccc1-c1cn(C)c(=O)c(Nc2ccc(C(=O)N3CCOCC3)cc2)n1
1831469,Cc1c(NC(=O)c2ccc(C(C)(C)O)cc2)cccc1-c1cn(C)c(=O)c(Nc2ccc(C(=O)N3CCOCC3)cc2)n1
1831470,Cc1c(NC(=O)c2ccc([Si](C)(C)C)cc2)cccc1-c1cn(C)c(=O)c(Nc2ccc(C(=O)N3CCOCC3)cc2)n1
1831471,Cc1c(NC(=O)c2ccc(C(C)(C)C)s2)cccc1-c1cn(C)c(=O)c(Nc2ccc(C(=O)N3CCOCC3)cc2)n1
1831472,Cc1c(NC(=O)c2cnc(C(C)(C)C)nc2)cccc1-c1cn(C)c(=O)c(Nc2ccc(C(=O)N3CCOCC3)cc2)n1
1831474,Cc1c(NC(=O)c2ccc(C(C)(C)C)nc2)cccc1-c1cn(C)c(=O)c(Nc2ccc(C(=O)N3CCOCC3)cc2)n1
1831475,Cc1c(NC(=O)c2cnc(C(C)(C)C)cn2)cccc1-c1cn(C)c(=O)c(Nc2ccc(C(=O)N3CCOCC3)cc2)n1
1831476,Cc1c(NC(=O)c2cc3c(s2)CCCC3)cccc1-c1cn(C)c(=O)c(Nc2ccc(C(=O)N3CCOCC3)cc2)n1
1831477,Cc1c(NC(=O)c2cc3c(s2)CCOC3)cccc1-c1cn(C)c(=O)c(Nc2ccc(C(=O)N3CCOCC3)cc2)n1
1831482,Cc1c(NC(=O)c2cc3c(s2)CCCC3)cccc1-c1cn(C)c(=O)c(Nc2cccnc2)n1
1831485,Cc1c(NC(=O)c2cc3c(s2)CCCC3)cccc1-c1cn(C)c(=O)c(Nc2ccc3[nH]ccc3c2)n1
1831487,Cc1c(NC(=O)c2cc3c(s2)CCCC3)cccc1-c1cn(C)c(=O)c(Nc2ccn3ccnc3c2)n1
1831488,Cc1c(NC(=O)c2cc3c(s2)CCCC3)cccc1-c1cn(C)c(=O)c(Nc2ccc(C3CCN(C)CC3)cc2)n1
1831489,Cc1c(NC(=O)c2cc3c(s2)CCCC3)cccc1-c1cn(C)c(=O)c(Nc2ccc(N3CC[C@@H](N(C)C)C3)cc2)n1
1831490,Cc1c(NC(=O)c2cc3c(s2)CCCC3)cccc1-c1cn(C)c(=O)c(Nc2ccc(-c3ncc[nH]3)cc2)n1
1831491,Cc1c(NC(=O)c2cc3c(s2)CCCC3)cccc1-c1cn(C)c(=O)c(Nc2ccc([C@H]3C(=O)N(C)CCN3C)cc2)n1
213886,Cc1cc(Br)cc(C)c1NC(=O)c1sc(NC(=O)OC(C)(C)C)nc1C
1833902,C[C@H](Nc1ncnc(N)c1C#N)c1nc2ccc(F)cc2c(-c2ccccn2)c1-c1ccccn1
207042,Cc1cn([C@H]2C[C@H](CN=[N+]=[N-])[C@@H](CO)O2)c(=O)[nH]c1=O
1836800,Cc1c[nH]c2ncnc(-c3ccc(NC(=O)Nc4cccc(C(=O)NC(C)C)c4)c(F)c3)c12
209533,CCOC(=O)/C(C#N)=C1/C(=O)Nc2ccccc21
209351,O=C1Nc2ccccc2/C1=C\c1c(Cl)cccc1Cl
1835555,Cc1ccc(-c2cnc3sc4c(N)ncnc4c3c2)cc1
1835556,COc1ccc(-c2cnc3sc4c(N)ncnc4c3c2)cc1
1835557,Nc1ncnc2c1sc1ncc(-c3ccc(Cl)cc3)cc12
1835558,Nc1ncnc2c1sc1ncc(-c3cccc(Cl)c3)cc12
1835559,Nc1ncnc2c1sc1ncc(-c3ccc(Cl)c(Cl)c3)cc12
1835560,Nc1ncnc2c1sc1ncc(-c3ccc(Cl)cc3Cl)cc12
1835561,Nc1ncnc2c1sc1ncc(-c3ccc(C(F)(F)F)cc3)cc12
1835562,Nc1ncnc2c1sc1ncc(-c3ccc(F)cc3F)cc12
1835563,Nc1ncnc2c1sc1ncc(-c3ccc(Cl)cc3F)cc12
1835564,Nc1ncnc2c1sc1ncc(-c3ccc(F)cc3Cl)cc12
1835565,COc1ccc(-c2cnc3sc4c(N)ncnc4c3c2)c(F)c1
1835566,Nc1ncnc2c1sc1ncc(-c3ccc(Br)cc3)cc12
1835567,Nc1ncnc2c1sc1ncc(-c3ccc([N+](=O)[O-])cc3)cc12
1835568,Nc1ncnc2c1sc1ncc(-c3ccc4c(c3)OCO4)cc12
1835569,Nc1ncnc2c1sc1ncc(-c3cccs3)cc12
1835570,Nc1ncnc2c1sc1ncc(-c3cncnc3)cc12
1835571,Nc1ncnc2c1sc1nc(-c3ccc(Cl)cc3Cl)ccc12
1836810,Cc1c[nH]c2ncnc(-c3ccc(NC(=O)N(CCO)c4ccccc4)cc3)c12
1836814,Cc1c[nH]c2ncnc(-c3ccc(NC(=O)N(CCO)c4ccccc4Cl)cc3)c12
1836815,Cc1c[nH]c2ncnc(-c3ccc(NC(=O)N(CCO)c4cccc(Cl)c4)cc3)c12
1836816,Cc1c[nH]c2ncnc(-c3ccc(NC(=O)N(CCO)c4ccc(Cl)cc4)cc3)c12
1836819,Cc1ccc(N(CCO)C(=O)Nc2ccc(-c3ncnc4[nH]cc(C)c34)cc2)cc1
1836822,COc1ccc(N(CCO)C(=O)Nc2ccc(-c3ncnc4[nH]cc(C)c34)cc2)cc1
1836827,Cc1[nH]c2ncnc(-c3ccc(NC(=O)N(CCO)c4ccc(Cl)cc4)c(F)c3)c2c1C
1836829,Cc1[nH]c2ncnc(-c3ccc(NC(=O)N(CCN(C)C)c4ccc(Cl)cc4)c(F)c3)c2c1C
1836830,COCCN(C(=O)Nc1ccc(-c2ncnc3[nH]c(C)c(C)c23)cc1F)c1ccc(Cl)cc1
214656,Cc1nc(NC(=O)OC(C)(C)C)sc1C(=O)NCC1CCCCC1
207002,Cc1cn([C@H]2C[C@H](CN)[C@@H](CO)O2)c(=O)[nH]c1=O
236259,CC(=O)Nc1ccc(-n2nc(C(C)(C)C)cc2NC(=O)Nc2ccc(OCCN3CCOCC3)c3ccccc23)cc1
226938,Nc1ncc2cc(-c3c(Cl)cccc3Cl)c(=O)n(Cc3ccccc3)c2n1
249503,COc1ccc(-c2c(-c3ccc(N(C)C)cc3)nc3ncnc(N)c3c2-c2cccc(Br)c2)cc1OC
227481,CCn1c(=O)c(-c2ccsc2)cc2cnc(Nc3ccccc3)nc21
236517,CC(=O)Nc1cccc(-n2nc(C(C)(C)C)cc2NC(=O)Nc2ccc(OCCN3CCOCC3)c3ccccc23)c1
1843046,COc1cc(N2CCN(C)CC2)ccc1Nc1ncc(Cl)c(Oc2cccc(NC(C)=O)c2)n1
236540,CCOc1ccc(NC(=O)Nc2cc(C(C)(C)C)nn2-c2ccc(C)cc2)c2ccccc12
237028,Cc1ccc(-n2nc(C(C)(C)C)cc2NC(=O)Nc2ccc(OCCc3cccnc3)c3ccccc23)cc1
227743,CNc1ncc2cc(-c3ccsc3)c(=O)n(C)c2n1
243494,NCCNS(=O)(=O)c1cccc2cnccc12
236491,CC(C)(C)c1cc(NC(=O)Nc2ccc(OCCN3CCOCC3)c3ccccc23)n(-c2ccc(N)cc2)n1
243369,CCCCCc1ccc(-c2cc3cn([C@H]4C[C@H](O)[C@@H](CO)O4)c(=O)nc3o2)cc1
236518,CC(C)(C)c1cc(NC(=O)Nc2ccc(OCCN3CCOCC3)c3ccccc23)n(-c2cccc(N)c2)n1
259039,COc1ccc2c(c1)c1c3c(c4c5ccccc5n(C)c4c1n2CCC#N)C(=O)NC3=O
259079,COc1ccc2c(c1)c1c3c(c4c5ccccc5n(C)c4c1n2CC(O)CN(C)C)C(=O)NC3
259106,CN(C)CC(O)Cn1c2ccccc2c2c3c(c4c5ccccc5n(C)c4c21)C(=O)NC3
259203,COc1ccc2c(c1)c1c3c(c4c5cc(OC)ccc5n(CCC#N)c4c1n2C)CNC3=O
249096,COC(=O)Cc1c(-c2cccs2)nc2ncnc(N)c2c1-c1cccc(Br)c1
255078,OCCn1cnc2c(O)nc(Nc3ccccc3)nc21
259046,COc1ccc2c(c1)c1c3c(c4c5ccccc5n(CCC#N)c4c1n2C)C(=O)NC3=O
268508,C[C@]1(C(=O)N2CCOCC2)CO[C@H](c2nc(-c3ccc(F)cc3)c(-c3ccnc(NCc4ccccc4)n3)[nH]2)OC1
259078,Cn1c2ccccc2c2c3c(c4c5ccccc5n(CCC#N)c4c21)C(=O)NC3=O
236830,CC1(c2cc(NC(=O)Nc3ccc(OCCN4CCOCC4)c4ccccc34)n(-c3ccccc3)n2)CCCCC1
259044,Cn1c2ccc(O)cc2c2c3c(c4c5cc(O)ccc5n(CCC#N)c4c21)CNC3=O
249217,Nc1ncnc2nc(-c3cccs3)c(-c3ccccc3)c(-c3ccccc3)c12
259038,COc1ccc2c(c1)c1c3c(c4c5cc(OC)ccc5n(CCC#N)c4c1n2C)C(=O)NC3=O
282204,COc1ccc(-c2cn(C3CCN(C(=O)OC(C)(C)C)C3)c3ncnc(N)c23)cc1
282584,CCOC(=O)C[C@H]1C[C@H](n2cc(-c3ccc(O)cc3)c3c(N)ncnc32)CN1C(=O)OC(C)(C)C
282690,Nc1ncnc2nc(-c3ccc(N4CCOCC4)nc3)cc(-c3cc(Cl)ccc3Cl)c12
283151,CN(C)c1ccc(-c2cc(-c3cccc(I)c3)c3c(N)ncnc3n2)cc1
281925,COc1cccc(-c2cn(C3CC(CO)C3)c3ncnc(N)c23)c1
282675,CCOC(=O)C[C@H]1C[C@@H](n2cc(-c3ccccc3)c3c(N)ncnc32)CN1
282344,Nc1ncnc2c1c(-c1ccccc1)cn2C1CCCC1
282738,Nc1ncnc2nc(-c3ccc(N4CCOCC4)nc3)cc(-c3cccc(Cl)c3Cl)c12
282214,CC(C)(C)OC(=O)N1CCC(n2cc(-c3ccccc3)c3c(N)ncnc32)C1
282205,Nc1ncnc2c1c(-c1ccc(O)cc1)cn2C1CCNC1
282725,Nc1ncnc2nc(-c3ccc(N4CCOCC4)nc3)cc(C3CCCCC3)c12
282346,COc1cccc(-c2cn(C3CC(C(=O)NCCO)C3)c3ncnc(N)c23)c1
282849,Nc1ncnc2nc(-c3ccc(N4CCOCC4)nc3)cc(-c3ccco3)c12
1927064,CCn1c(C(=O)N(C2CC2)C2CC2)cc2c3c(ncn3C)c(Nc3cc(C)n(C)n3)nc21
50222,COc1cccc(-c2cc(=O)c3ccccc3o2)c1N
282850,Nc1ncnc2nc(-c3ccc(N4CCOCC4)nc3)cc(-c3ccsc3)c12
281740,COC(=O)CN1CCC(n2cc(-c3cccc(O)c3)c3c(N)ncnc32)C1
282182,COc1cccc(-c2cn(C3CCC3)c3ncnc(N)c23)c1
282663,COc1cccc(-c2cn(C3CCN(CC(=O)N(C)C)CC3)c3ncnc(N)c23)c1
281736,COc1cccc(-c2cn(C3CCN(CC(N)=O)C3)c3ncnc(N)c23)c1
281928,Nc1ncnc2c1c(-c1cccc(O)c1)cn2C1CCC1
281737,COC(=O)CN1CCC(n2cc(-c3cccc(OC)c3)c3c(N)ncnc32)C1
1942061,NCCCNc1nc(Nc2cccc(C(N)=O)c2)c2c(=O)[nH]ccc2n1.O=C(O)C(F)(F)F.O=C(O)C(F)(F)F
1942834,O=C(O)C(F)(F)F.O=C(O)C(F)(F)F.O=c1[nH]ccc2nc(N[C@@H]3CCCNC3)nc(Nc3ccc(S(=O)(=O)N4CCOCC4)cc3)c12
1943086,NS(=O)(=O)c1cccc(Nc2nc(N[C@@H]3CCNC3)nc3cc[nH]c(=O)c23)c1.O=C(O)C(F)(F)F.O=C(O)C(F)(F)F
1943326,Cc1cccc(Nc2nc(NCCCCN)nc3cc[nH]c(=O)c23)c1.O=C(O)C(F)(F)F.O=C(O)C(F)(F)F
1943597,Cc1cccc(Nc2nc(N[C@@H]3CCCNC3)nc3cc[nH]c(=O)c23)c1.O=C(O)C(F)(F)F.O=C(O)C(F)(F)F
249219,CN(C)c1ccc(-c2nc3ncnc(N)c3c(-c3ccccc3)c2-c2ccccc2)cc1
249534,COCCN(C)c1ccc(-c2nc3ncnc(N)c3c(-c3cc(Br)cs3)c2-c2ccc(OC)c(OC)c2)cc1
450506,CCCC(CCC)C(=O)OCC1(CO)C/C(=C\c2ccc(F)cc2)C(=O)O1
1949687,O=C(O)c1ccc(Nc2ncc3c(n2)-c2ccc(Cl)cc2C(c2ccccc2F)=NC3)cc1
1949692,COc1cccc(F)c1C1=NCc2cnc(Nc3ccc(C(=O)O)cc3)nc2-c2ccc(Cl)cc21
249327,CN(C)c1ccc(-c2c(-c3ccc(N4CCOCC4)nc3)nc3ncnc(N)c3c2-c2cccc(Cl)c2)cc1
52793,CCc1cccc(Nc2nc(O)c3[nH]cnc3n2)c1
1950468,CCN1C(=S)N2CCCC2c2c(N3CCOCC3)nc(-c3cccc(OC)c3)nc21
1950469,CCN1C(=S)N2CCCC2c2c(N3CCOCC3)nc(-c3ccc(OC)cc3)nc21
1950470,COc1cccc(-c2nc(N3CCOCC3)c3c(n2)N(c2ccccc2)C(=S)N2CCCC32)c1
1950471,COc1ccc(-c2nc(N3CCOCC3)c3c(n2)N(c2ccccc2)C(=S)N2CCCC32)cc1
1950472,CCN1C(=S)N2CCCC2c2c1nc(CN1CCOCC1)[nH]c2=O
1950519,CCN1C(=S)N2CCCC2c2c1nc(C(C)N1CCOCC1)[nH]c2=O
1950520,O=c1[nH]c(CN2CCOCC2)nc2c1C1CCCN1C(=S)N2c1ccccc1
1950521,CC(c1nc2c(c(=O)[nH]1)C1CCCN1C(=S)N2c1ccccc1)N1CCOCC1
1950522,S=C1N(c2ccccc2)c2nc(CN3CCOCC3)nc(N3CCOCC3)c2C2CCCN12
1950523,CC(c1nc(N2CCOCC2)c2c(n1)N(c1ccccc1)C(=S)N1CCCC21)N1CCOCC1
1950524,CCN1C(=S)N2CCCC2c2c1nc(-c1cccc(O)c1)c(C#N)c2N1CCOCC1
1950525,CCN1C(=S)N2CCCC2c2c1nc(-c1cccc(OC)c1)c(C#N)c2N1CCOCC1
1950526,CCN1C(=S)N2CCCC2c2c1nc(-c1ccc(OC)cc1)c(C#N)c2N1CCOCC1
1950527,CCN1C(=S)N2CCCC2c2c1nc(-c1ccc(OC)c(O)c1)c(C#N)c2N1CCOCC1
1950528,CCN1C(=S)N2CCCC2c2c1nc(-c1ccc(OC)c(OC)c1)c(C#N)c2N1CCOCC1
1950812,O=C(O)c1nc2ccccc2c2[nH]c3c(Cl)cccc3c12
1950813,O=C(O)c1nc2ccccc2c2[nH]c3c(Br)cccc3c12
1950814,O=C(O)c1nc2ccccc2c2[nH]c3c(I)cccc3c12
1950815,COc1cccc2c1[nH]c1c3ccccc3nc(C(=O)O)c21
1950816,COc1ccc2c(c1)nc(C(=O)O)c1c3cccc(F)c3[nH]c21
1950817,COc1ccc2c(c1)nc(C(=O)O)c1c3cccc(Cl)c3[nH]c21
1950818,COc1ccc2c(c1)nc(C(=O)O)c1c3cccc(Br)c3[nH]c21
1950819,COc1ccc2c(c1)nc(C(=O)O)c1c3cccc(I)c3[nH]c21
1950820,O=C(O)c1nc2cc(Cl)ccc2c2[nH]c3c(Cl)cccc3c12
1950821,CCOc1ccc2c(c1)nc(C(=O)O)c1c3cccc(Cl)c3[nH]c21
1950822,O=C(O)c1nc2ccc(I)cc2c2[nH]c3c(F)cccc3c12
1950823,O=C(O)c1nc2ccc(I)cc2c2[nH]c3c(Cl)cccc3c12
1950824,O=C(O)c1nc2ccc(I)cc2c2[nH]c3c(Br)cccc3c12
1950825,COc1ccc2nc(C(=O)O)c3c4cccc(Cl)c4[nH]c3c2c1
1950826,COc1cccc(-c2ccc3nc(C(=O)O)c4c5cccc(Cl)c5[nH]c4c3c2)c1
1950827,COc1ccc(-c2ccc3nc(C(=O)O)c4c5cccc(Cl)c5[nH]c4c3c2)cc1
1950927,O=C(O)c1nc2ccsc2c2[nH]c3c(Cl)cccc3c12
1950928,O=C(O)c1nc2cccnc2c2[nH]c3c(Br)cccc3c12
296955,CN(C)CCCn1nc(C2=C(c3cn(-c4cnc5ccccc5c4)c4ccccc34)C(=O)NC2=O)c2ccccc21
305629,CC(C)C[C@H]1NC(=O)[C@H](CO)NC(=O)[C@@H](CO)NC(=O)[C@H](NC(=O)[C@@H](NC(=O)[C@H](CO)NC(=O)[C@@H](N)Cc2ccc(O)cc2)[C@@H](C)O)CSC(=O)[C@H](Cc2ccccc2)NC1=O
314380,O=C1c2ccc(Cl)cc2-n2c1nc1ncccc1c2=O
306574,N#Cc1c(C2CCCNC2)cc(-c2ccccc2O)nc1N
296917,CN(C)CCCn1nc(C2=C(c3cn(-c4cccc5ccccc45)c4ccccc34)C(=O)NC2=O)c2ccccc21
299502,COc1cc2nccc(Oc3ccc(NC(=O)Nc4ccc(F)cc4F)cc3)c2cc1OC
305772,CC[C@H](C)[C@H](N)C(=O)N[C@@H](CC(N)=O)C(=O)N[C@@H](CS)C(=O)N[C@@H](CC(=O)O)C(=O)N[C@@H](Cc1ccccc1)C(=O)N[C@@H](CC(C)C)C(=O)N[C@@H](CC(C)C)C(=O)O
1960400,CC(=O)Nc1nc(C)c(-c2csc(C(C)C)n2)s1
1959782,Cc1nc(NC(=O)N2CCC[C@@]2(C)C(N)=O)sc1-c1csc(C(C)(C)C)n1
1959783,Cc1nc(NC(=O)N2CCC[C@@]2(C)C(N)=O)sc1-c1csc(C2(C(F)(F)F)CC2)n1
1959784,Cc1nc(NC(=O)N2CC[C@H](C)[C@H]2C(N)=O)sc1-c1csc(C(C)(C)C)n1
1959785,Cc1nc(NC(=O)N2CC[C@@H](C)[C@H]2C(N)=O)sc1-c1csc(C2(C(F)(F)F)CC2)n1
1959786,Cc1nc(NC(=O)N2CC[C@H](O)[C@H]2C(N)=O)sc1-c1csc(C(C)(C)C)n1
1959787,Cc1nc(NC(=O)N2CC[C@@H](O)[C@H]2C(N)=O)sc1-c1csc(C2(C(F)(F)F)CC2)n1
1959788,Cc1nc(NC(=O)N2C[C@H](F)C[C@H]2C(N)=O)sc1-c1csc(C(C)(C)C)n1
1959789,Cc1nc(NC(=O)N2C[C@H](O)C[C@H]2C(N)=O)sc1-c1csc(C(C)(C)C)n1
1959790,Cc1nc(NC(=O)N2C[C@@H](O)C[C@H]2C(N)=O)sc1-c1csc(C(C)(C)C)n1
1959791,Cc1nc(NC(=O)N2C[C@H](N(C)C)C[C@H]2C(N)=O)sc1-c1csc(C(C)(C)C)n1
1959792,Cc1nc(NC(=O)N2C[C@H](N(C)C)C[C@H]2C(N)=O)sc1-c1csc(C2(C)CC2)n1
1959793,Cc1nc(NC(=O)N2C[C@@H](N(C)C)C[C@H]2C(N)=O)sc1-c1csc(C(C)(C)C)n1
1959794,Cc1nc(NC(=O)N2CC[C@@H]3C[C@@]32C(N)=O)sc1-c1csc(C(C)(C)C)n1
1960401,Cc1nc(NC(=O)N2CCC[C@H]2C(N)=O)sc1-c1csc(C(C)C)n1
1960402,Cc1nc(NC(=O)N2CCC[C@H]2C(N)=O)sc1-c1csc(CC2CC2)n1
1960403,Cc1nc(NC(=O)N2CCC[C@H]2C(N)=O)sc1-c1csc(C2CCC2)n1
1960404,CCC(CC)c1nc(-c2sc(NC(=O)N3CCC[C@H]3C(N)=O)nc2C)cs1
1960405,Cc1nc(NC(=O)N2CCC[C@H]2C(N)=O)sc1-c1csc(C2(C)CC2)n1
1960406,Cc1nc(NC(=O)N2CCC[C@H]2C(N)=O)sc1-c1csc(N(C)C)n1
1960407,Cc1nc(NC(=O)N2CCC[C@H]2C(N)=O)sc1-c1csc(-c2cccnc2)n1
1960408,Cc1nc(NC(=O)N2CCC[C@H]2C(N)=O)sc1-c1csc(-c2ccccc2F)n1
1960409,Cc1nc(NC(=O)N2CCC[C@H]2C(N)=O)sc1-c1csc(CN(C)C)n1
1960410,Cc1nc(NC(=O)N2CCC[C@H]2C(N)=O)sc1-c1csc(C2(C(F)(F)F)CC2)n1
1960429,O=C(Nc1ccccn1)Nc1cccc2c1C1CC3(CCN1C2=O)OCCO3
1960430,O=C(Nc1ccccn1)Nc1cccc2c1C1CC3(CCN1C2=O)SCCS3
1960431,CO[C@@H]1CCN2C(=O)c3cccc(NC(=O)Nc4ccccn4)c3[C@@H]2C1
1960432,O=C1CCN2C(=O)c3cccc(NC(=O)Nc4ccccn4)c3C2C1
1960433,O=C(Nc1ccccn1)Nc1cccc2c1[C@@H]1C[C@H](O)CCN1C2=O
1960434,O=C(Nc1cnccn1)Nc1cccc2c1C1CC3(CCN1C2=O)OCCO3
1960520,O=C(Nc1cnccn1)Nc1cccc2c1C1CC3(CCN1C2=O)SCCS3
1960521,CO[C@@H]1CCN2C(=O)c3cccc(NC(=O)Nc4cnccn4)c3[C@@H]2C1
1960522,O=C1CCN2C(=O)c3cccc(NC(=O)Nc4cnccn4)c3C2C1
1960523,O=C(Nc1cnccn1)Nc1cccc2c1[C@@H]1C[C@H](O)CCN1C2=O
1960524,Cc1cccc(NC(=O)Nc2cccc3c2C2CC4(CCN2C3=O)OCCO4)n1
1960525,Cc1cccc(NC(=O)Nc2cccc3c2C2CC4(CCN2C3=O)SCCS4)n1
1960526,CO[C@@H]1CCN2C(=O)c3cccc(NC(=O)Nc4cccc(C)n4)c3[C@@H]2C1
1960528,Cc1cccc(NC(=O)Nc2cccc3c2[C@@H]2C[C@H](O)CCN2C3=O)n1
1960529,COc1cc(NC(=O)Nc2cccc3c2C2CC4(CCN2C3=O)OCCO4)nc2ccccc12
1960530,COc1cc(NC(=O)Nc2cccc3c2C2CC4(CCN2C3=O)SCCS4)nc2ccccc12
1960531,COc1cc(NC(=O)Nc2cccc3c2[C@@H]2C[C@H](OC)CCN2C3=O)nc2ccccc12
1960533,COc1cc(NC(=O)Nc2cccc3c2[C@@H]2C[C@H](O)CCN2C3=O)nc2ccccc12
1960534,Cc1cccnc1NC(=O)Nc1cccc2c1C1CC3(CCN1C2=O)OCCO3
1960535,CO[C@@H]1CCN2C(=O)c3cccc(NC(=O)Nc4ncccc4C)c3[C@@H]2C1
1960537,Cc1cccnc1NC(=O)Nc1cccc2c1[C@@H]1C[C@H](O)CCN1C2=O
1960538,Cn1ccc(NC(=O)Nc2cccc3c2C2CC4(CCN2C3=O)SCCS4)n1
1960539,CO[C@@H]1CCN2C(=O)c3cccc(NC(=O)Nc4ccn(C)n4)c3[C@@H]2C1
1960540,Cc1cnc(NC(=O)Nc2cccc3c2C2CC4(CCN2C3=O)SCCS4)cn1
1960541,CO[C@@H]1CCN2C(=O)c3cccc(NC(=O)Nc4cnc(C)cn4)c3[C@@H]2C1
1960611,CO[C@@H]1CCN2C(=O)c3cccc(NC(=O)Nc4cc(C)ccn4)c3[C@@H]2C1
1960612,O=C(Nc1cccc(Br)n1)Nc1cccc2c1C1CC3(CCN1C2=O)SCCS3
1960613,O=C(Nc1ccc(Br)cn1)Nc1cccc2c1C1CC3(CCN1C2=O)SCCS3
318104,N#C/C(=C1/Nc2ccccc2S1)c1ccnc(NCCc2ccc(Br)cc2)n1
314376,Cc1ccc2nc(N)ccc2c1
307979,NC1=NC(=O)/C(=C2\CCNC(=O)c3[nH]c(Br)cc32)N1
317875,CN1CCN(CCCNc2cc3nc(NCCCN4CCN(C)CC4)c(-c4ccccc4)cc3cn2)CC1
1966512,NCCn1c(C2CCNCC2)nc2cc(C(N)=O)ccc21
318098,COc1cc(OC)cc(-c2cc3cnc(N(CCCO)C(C)=O)cc3nc2NC(=O)NC(C)(C)C)c1
314033,COc1ccc2c(c1)/C(=C1\SC(=S)NC1=O)C(=O)N2
305703,CC[C@H](C)[C@@H]1NC(=O)[C@@H](Cc2ccccc2)NC(=O)[C@H](C)NC(=O)[C@@H](NC(=O)[C@@H](NC(=O)[C@H](CO)NC(=O)[C@@H](N)Cc2ccc(O)cc2)[C@@H](C)O)CSC(=O)[C@@H](CCSC)NC1=O
305704,CC[C@H](C)[C@H]1NC(=O)[C@H](Cc2ccccc2)NC(=O)[C@@H](CC(=O)O)NC(=O)[C@H](NC(C)=O)CSC(=O)[C@H](CCSC)NC1=O
317808,CCO/C(O)=C(\c1ccnc(Cl)n1)c1nc2ccccc2s1
318018,N#C/C(=C1/Nc2ccccc2S1)c1ccnc(NCCc2ccc(Cl)c(Cl)c2)n1
318251,N#C/C(=C1/Nc2ccccc2S1)c1ccnc(N2CCNCC2)n1
323189,OCCCCCn1cnc2c(O)nc(Nc3ccccc3)nc21
317985,N#C/C(=C1/Nc2cc(C(F)(F)F)ccc2S1)c1ccnc(Cl)n1
317867,N#C/C(=C1/Nc2ccccc2S1)c1ccnc(NCCc2ccccc2F)n1
317868,Cn1cnc(CCNc2nccc(/C(C#N)=C3\Nc4ccccc4S3)n2)c1
313983,O=S(=O)(O)c1cc(O)c(/N=N/c2ccc(O)cc2O)c2ccccc12
317922,COc1cc(OC)cc(C2Cc3cnc(N(CCCO)C(C)=O)cc3N=C2NC(=O)NC(C)(C)C)c1
318038,N#C/C(=C1/Nc2ccccc2S1)c1ccnc(NCCc2ccc(S(N)(=O)=O)cc2)n1
314348,O=[N+]([O-])c1cc(S(=O)(=O)Nc2ccc(C(F)(F)F)cc2)sc1Cl
1971635,CN(C)c1nccn2c(-c3ccncc3)c(-c3ccc(F)cc3)nc12
314123,O=C1Nc2ccc(Br)cc2/C1=C/C(=O)c1ccccc1
314155,N#C/C(=C1\OC(=O)N(c2ccc(Cl)cc2)C1=O)c1ccc(Cl)cc1
318216,CCN(CC)CCCNc1cc2nc(NC(=O)NC(C)(C)C)c(-c3cc(OC)cc(OC)c3)cc2cn1
318154,N#C/C(=C1/Nc2ccccc2S1)c1ccnc(NCCN)n1
319849,Cc1cc(-c2cc(C3CCN(C)CC3)[nH]c2-c2ccc(F)cc2)on1
314015,O=C(CCl)Nc1nc2c(Cl)cccc2s1
1984000,COc1cccc(F)c1CN1C[C@H](NC(=O)c2ccc3[nH]nc(-c4ccnc(C)c4)c3c2)CC[C@H]1C(=O)NC1(C)CC1
1987300,CC(C)Oc1ccc(-c2n[nH]c3ccc(C(=O)NC4CCCN(Cc5ccccc5F)C4)cc23)cn1
1987400,COc1cccc(F)c1CN1CCC(O[Si](C)(C)C(C)(C)C)C(NC(=O)c2ccc3[nH]nc(-c4ccc5nccn5c4)c3c2)C1
1987500,CCN(CC)C(=O)[C@@H]1CC[C@@H](NC(=O)c2ccc3[nH]nc(-c4ccc5nn(C)cc5c4)c3c2)CN1Cc1c(F)cccc1OC
1991300,COc1cccc(F)c1CN1C[C@H](NC(=O)c2ccc3[nH]nc(-c4ccnc(C)c4)c3c2)CC[C@H]1C(=O)N1CCN(C(=O)OC(C)(C)C)CC1
1993100,Cc1n[nH]c(C)c1-c1cc(C(=O)c2nc3nc(N4CCCNCC4)ccc3[nH]2)ccn1
2005800,Cn1c(OC2CCN(c3cccc(CN4CCOCC4)c3)CC2)nc(-c2ccncn2)cc1=O
314211,N/C(S)=N/C1(c2ccccc2)OC(=O)c2ccccc21
318062,N#C/C(=C1/Nc2ccccc2S1)c1ccnc(NCc2ccccc2)n1
1976076,COc1ncc(N2CCc3ncnc(O[C@H]4CCN(C(=O)C5CCOCC5)C4)c3C2)cc1C
1976135,COc1ncc(N2CCc3ncnc(O[C@H]4CCN(C(=O)C5CCOCC5)C4)c3C2)cc1C(F)(F)F
1976141,CCC(=O)N1CC[C@H](Nc2ncnc3c2CN(c2cnc(OC)c(C(F)(F)F)c2)CC3)C1
1976142,COc1ncc(N2CCc3ncnc(N[C@H]4CCN(C(=O)C5CCOCC5)C4)c3C2)cc1C(F)(F)F
1976155,CCC(=O)N1CC[C@H](Nc2ncnc3c2CN(c2cnc(OC)c(C)c2)CC3)C1
1976157,COc1ncc(N2CCc3ncnc(N[C@H]4CCN(C(=O)C5CCOCC5)C4)c3C2)cc1C
320059,CC(N)CN1CCC(c2cc(-c3ccncc3)c(-c3ccc(F)cc3)[nH]2)CC1
1977973,COC[C@@]1(C(=O)Nc2ccc3[nH]nc(-c4ccnc(C5CC5)c4)c3c2)CCN(CC(=O)N2CC=C(c3ccc(-c4ncccn4)cc3)CC2)C1
1977974,COC[C@@]1(C(=O)Nc2ccc3[nH]nc(-c4ccc(F)cc4)c3c2)CCN(CC(=O)N2CC=C(c3ccc(-c4ncccn4)cc3)CC2)C1
1977975,COC[C@@]1(C(=O)Nc2ccc3[nH]nc(-c4ccnc(C(F)(F)F)c4)c3c2)CCN(CC(=O)N2CC=C(c3ccc(-c4ncccn4)cc3)CC2)C1
1977976,CO[C@@]1(C(=O)Nc2ccc3[nH]nc(-c4ccnc(C5CC5)c4)c3c2)CCN(CC(=O)N2CC=C(c3ccc(-c4ncccn4)cc3)CC2)C1
1977977,CO[C@@]1(C(=O)Nc2ccc3[nH]nc(-c4ccc(F)cc4)c3c2)CCN(CC(=O)N2CC=C(c3ccc(-c4ncccn4)cc3)CC2)C1
1977978,CO[C@@]1(C(=O)Nc2ccc3[nH]nc(-c4ccnc(C)c4)c3c2)CCN(CC(=O)N2CC=C(c3ccc(-c4ncccn4)cc3)CC2)C1
1977979,CO[C@@]1(C(=O)Nc2ccc3[nH]nc(-c4ccc(F)cc4)c3c2)CCN(CC(=O)N2CCN(c3ccc(-c4ncccn4)cc3)CC2)C1
1977980,CCNc1nnc(-c2ccc(C3=CCN(C(=O)CN4CC[C@@](OC)(C(=O)Nc5ccc6[nH]nc(-c7ccc(F)cc7)c6c5)C4)CC3)c(F)c2)o1
1977981,CS[C@@]1(C(=O)Nc2ccc3[nH]nc(-c4ccc(F)cc4)c3c2)CCN(CC(=O)N2CC=C(c3ccc(-c4ncccn4)cc3)CC2)C1
1977982,CO[C@@]1(C(=O)Nc2ccc3[nH]nc(-c4ccc(F)cc4)c3c2)CCN(CC(=O)N2CC=C(c3ccc(-c4ncccn4)cc3F)CC2)C1
1977983,C#CC1(C(=O)Nc2ccc3[nH]nc(-c4ccc(F)cc4)c3c2)CCN(CC(=O)N2CCN(c3ccc(-c4ncccn4)cn3)C[C@H]2C)C1
1977984,O=C(Nc1ccc2[nH]nc(-c3ccncc3)c2c1)[C@H]1CCN(CC(=O)N2CCN(c3ccc(-c4ncccn4)cc3)CC2)C1
1977985,CO[C@@]1(C(=O)Nc2ccc3[nH]nc(-c4ccc(F)cc4)c3c2)CCN(CC(=O)N2CCC(c3ccc(-c4ncccn4)cc3)CC2)C1
1977986,CO[C@@]1(C(=O)Nc2ccc3[nH]nc(-c4ccnc(C5CC5)c4)c3c2)CCN(CC(=O)N2CCC(c3ccc(-c4ncccn4)cc3)CC2)C1
319852,CC(C)S(=O)(=O)n1c(N)nc2ccc(-c3[nH]c(-c4c(F)cccc4F)nc3-c3ccccc3)cc21
312479,Cc1cc(Nc2ncc(C(=O)Nc3c(C)cccc3Cl)s2)nc(C)n1
317811,N#C/C(=C1/Nc2ccccc2S1)c1ccnc(NCCc2ccccn2)n1
317803,N#C/C(=C1/Nc2ccccc2S1)c1ccnc(Cl)n1
1980754,N=C(N)c1ccc(CNC(=O)CNC(=O)[C@@H](CO)NS(=O)(=O)Cc2cccc(C(=O)O)c2)cc1
1980755,COC(=O)c1ccc(CS(=O)(=O)N[C@H](CO)C(=O)NCC(=O)NCc2ccc(C(=N)N)cc2)cc1
1980756,N=C(N)c1ccc(CNC(=O)CNC(=O)[C@@H](CO)NS(=O)(=O)Cc2ccc(C(=O)O)cc2)cc1
1980757,COC(=O)c1ccccc1CS(=O)(=O)N[C@H](CO)C(=O)NCC(=O)NCc1ccc(C(=N)N)cc1
1980758,N=C(N)c1ccc(CNC(=O)CNC(=O)[C@@H](CO)NS(=O)(=O)Cc2ccccc2C(=O)O)cc1
1980759,C[C@H](NC(=O)[C@@H](CO)NS(=O)(=O)Cc1ccc(C(=O)O)cc1)C(=O)NCc1ccc(C(=N)N)cc1
1980760,C[C@H](NC(=O)[C@@H](CO)NS(=O)(=O)Cc1cccc(C(=O)O)c1)C(=O)NCc1ccc(C(=N)N)cc1
1980761,C[C@H](NC(=O)[C@@H](CO)NS(=O)(=O)Cc1ccc(C#N)cc1)C(=O)NCc1ccc(C(=N)N)cc1
1980762,N=C(N)c1ccc(CNC(=O)CNC(=O)[C@@H](CO)NS(=O)(=O)Cc2ccc(CN)cc2)cc1
1980763,N=C(N)c1ccc(CNC(=O)[C@H](CN)NC(=O)[C@@H](CO)NS(=O)(=O)Cc2ccccc2)cc1
1980764,CC(O)[C@H](NC(=O)[C@@H](CO)NS(=O)(=O)Cc1ccccc1)C(=O)NCc1ccc(C(=N)N)cc1
1980765,CC(OCc1ccccc1)[C@H](NC(=O)[C@@H](CO)NS(=O)(=O)Cc1ccccc1)C(=O)NCc1ccc(C(=N)N)cc1
1980766,N=C(N)c1ccc(CNC(=O)[C@H](CO)NC(=O)[C@@H](CO)NS(=O)(=O)Cc2cccc(C(=O)O)c2)cc1
1980767,N=C(N)c1ccc(CNC(=O)[C@H](CO)NC(=O)[C@@H](CO)NS(=O)(=O)Cc2ccc(C(=O)O)cc2)cc1
1980768,COC(=O)c1ccc(CS(=O)(=O)N[C@H](CO)C(=O)N[C@@H](CO)C(=O)NCc2ccc(C(=N)N)cc2)cc1
1980769,N=C(N)c1ccc(CNC(=O)CNC(=O)[C@@H](CO)NS(=O)(=O)Cc2ccc(Cl)cc2)cc1
1980770,Cc1ccc(CS(=O)(=O)N[C@H](CO)C(=O)NCC(=O)NCc2ccc(C(=N)N)cc2)cc1
1980771,N=C(N)c1ccc(CNC(=O)CNC(=O)[C@@H](CO)NS(=O)(=O)Cc2ccc(F)cc2)cc1
1980772,N=C(N)c1ccc(CNC(=O)CNC(=O)[C@@H](CO)NS(=O)(=O)Cc2ccc(Cl)c(Cl)c2)cc1
1980773,N=C(N)c1ccc(CNC(=O)CNC(=O)[C@@H](CO)NS(=O)(=O)Cc2ccncc2)cc1
1980774,N=C(N)c1ccc(CNC(=O)[C@H](CCCCN)NC(=O)[C@@H](CO)NS(=O)(=O)Cc2ccccc2)cc1
1980775,N=C(N)c1ccc(CNC(=O)[C@H](CCCCNC(=O)COCC(=O)NCCOCCOCCOCCOCCOCCOCCOCCN)NC(=O)[C@@H](CO)NS(=O)(=O)Cc2ccccc2)cc1
1980776,N=C(N)c1ccc(CNC(=O)CNC(=O)C(N)CNS(=O)(=O)Cc2ccccc2)cc1
1980777,N=C(N)c1ccc(CNC(=O)[C@H](Cc2cnc[nH]2)NC(=O)[C@H](CO)NS(=O)(=O)Cc2ccccc2)cc1
1980778,N=C(N)c1ccc(CNC(=O)CNC(=O)[C@H](CO)NS(=O)(=O)Cc2ccc(CC(=O)O)cc2)cc1
315349,Cc1n[nH]c(-c2cc(Cl)c(O)cc2O)c1-c1ccccc1
320010,Cc1cn(Cc2ccc(CCC(N)=O)cc2)c(=O)[nH]c1=O
318182,N#C/C(=C1/Nc2ccccc2S1)c1ccnc(NCc2ccccn2)n1
319638,CN1CCC(c2nc(-c3ccc(F)cc3)c(-c3ccncc3)[nH]2)CC1
320126,Cc1cn(Cc2ccc(F)c(F)c2)c(=O)[nH]c1=O
1983789,C=C(C)C(=O)Nc1cccc(-c2ncnc3[nH]cc(C(=O)OCC)c23)c1
1983965,O=C(NC1CNCCC1c1cccc(F)c1)c1ccc2[nH]nc(-c3ccncc3)c2c1
1983966,O=C(NC1CCCCNC1=O)c1ccc2[nH]nc(-c3ccncc3)c2c1
1983967,O=C(NC1CN(C(=O)OCc2ccccc2)CCNC1=O)c1ccc2[nH]nc(-c3ccncc3)c2c1
1983968,O=C(N[C@@H]1CCCN(Cc2ccccc2F)C1)c1ccc2[nH]nc(-c3ccnc(Cl)c3)c2c1
1983969,CC(C)Oc1ccc(-c2n[nH]c3ccc(C(=O)N[C@@H]4CCCN(Cc5ccccc5F)C4)cc23)cc1
1983970,CC(C)Oc1ccc(-c2n[nH]c3ccc(C(=O)N[C@@H]4CCCN(Cc5ccccc5F)C4)cc23)cn1
1983971,O=C(N[C@@H]1CCCN(Cc2ccccc2F)C1)c1ccc2[nH]nc(-c3ccc4c(c3)CCO4)c2c1
1983972,COc1cccc(F)c1CN1CCC[C@@H](NC(=O)c2ccc3[nH]nc(C4=CCOCC4)c3c2)C1
1983973,COc1cccc(F)c1CN1CCC[C@@H](NC(=O)c2ccc3[nH]nc(C4=CCS(=O)(=O)CC4)c3c2)C1
1983974,COc1cccc(F)c1CN1CCC[C@@H](NC(=O)c2ccc3[nH]nc(C4CCOCC4)c3c2)C1
1983975,O=C(Nc1ccc2[nH]nc(-c3ccncc3)c2c1)C1CNCC(c2ccccc2)C1
1983976,O=C(NC1CNCC(c2ccccc2)C1)c1ccc2[nH]nc(-c3ccncc3)c2c1
1983977,O=C(N[C@H]1CCCN(Cc2ccccc2)C1)c1ccc2[nH]nc(-c3ccncc3)c2c1
1983978,O=C(N[C@H]1CCCN(Cc2ccccc2F)C1)c1ccc2[nH]nc(-c3ccncc3)c2c1
1983979,O=C(N[C@@H]1CCCN(Cc2ccccc2)C1)c1ccc2[nH]nc(-c3ccncc3)c2c1
1983980,O=C(N[C@@H]1CCCN(Cc2ccccc2F)C1)c1ccc2[nH]nc(-c3ccncc3)c2c1
1983981,CN1CC(NC(=O)c2ccc3[nH]nc(-c4ccncc4)c3c2)CC(c2ccccc2)C1
1983982,O=C(N[C@@H]1CCCN(Cc2ccccn2)C1)c1ccc2[nH]nc(-c3ccc4c(c3)CCO4)c2c1
1983983,O=C(N[C@@H]1CCCN(Cc2ccccc2C(F)(F)F)C1)c1ccc2[nH]nc(-c3ccc4c(c3)CCO4)c2c1
1983984,N#Cc1ccc(CN2CCC[C@@H](NC(=O)c3ccc4[nH]nc(-c5ccc6c(c5)CCO6)c4c3)C2)cc1
1983985,O=C(N[C@@H]1CCCN(Cc2ccncc2)C1)c1ccc2[nH]nc(-c3ccc4c(c3)CCO4)c2c1
1983986,N#Cc1cccc(CN2CCC[C@@H](NC(=O)c3ccc4[nH]nc(-c5ccc6c(c5)CCO6)c4c3)C2)c1
1983987,O=C(N[C@@H]1CCCN(Cc2nccs2)C1)c1ccc2[nH]nc(-c3ccc4c(c3)CCO4)c2c1
1983988,CN(C)c1ccc(CN2CCC[C@@H](NC(=O)c3ccc4[nH]nc(-c5ccc6c(c5)CCO6)c4c3)C2)cc1
1983989,O=C(N[C@@H]1CCCN(Cc2c(F)cccc2F)C1)c1ccc2[nH]nc(-c3ccc4c(c3)CCO4)c2c1
1983990,O=C(N[C@@H]1CCCN(Cc2ccc3occc3c2)C1)c1ccc2[nH]nc(-c3ccc4c(c3)CCO4)c2c1
1983991,O=C(N[C@@H]1CCCN(CC2CC2)C1)c1ccc2[nH]nc(-c3ccncc3)c2c1
1983992,COc1cccc(F)c1CN1C[C@H](NC(=O)c2ccc3[nH]nc(-c4ccnc(C)c4)c3c2)CC[C@H]1C(=O)NOCC1CC1
1983993,COc1cccc(F)c1CN1C[C@H](NC(=O)c2ccc3[nH]nc(-c4ccnc(C)c4)c3c2)CC[C@H]1C(=O)N1CC(C)(O)C1
1983994,COc1cccc(F)c1CN1C[C@H](NC(=O)c2ccc3[nH]nc(-c4ccnc(C)c4)c3c2)CC[C@H]1C(=O)NC[C@H]1CC[C@H](O)C1
1983995,COc1cccc(F)c1CN1C[C@H](NC(=O)c2ccc3[nH]nc(-c4ccnc(C)c4)c3c2)CC[C@H]1C(=O)NC1CC1
1983996,COc1cccc(F)c1CN1C[C@H](NC(=O)c2ccc3[nH]nc(-c4ccnc(C)c4)c3c2)CC[C@H]1C(=O)N(C)C1CC1
1983997,COc1cccc(F)c1CN1C[C@H](NC(=O)c2ccc3[nH]nc(-c4ccnc(C)c4)c3c2)CC[C@H]1C(=O)NC[C@@H]1CC[C@@H](O)C1
1983998,COc1cccc(F)c1CN1C[C@H](NC(=O)c2ccc3[nH]nc(-c4ccnc(C)c4)c3c2)CC[C@H]1C(=O)Nc1ccncc1
1983999,COc1cccc(F)c1CN1C[C@H](NC(=O)c2ccc3[nH]nc(-c4ccnc(C)c4)c3c2)CC[C@H]1C(=O)NCC1CC1
320038,Cc1cn(Cc2ccccc2)c(=O)[nH]c1=O
318071,COc1cc(OC)cc(-c2cc3cnc(N(CCCCCO)C(C)=O)cc3nc2NC(=O)NC(C)(C)C)c1
317805,COc1cc(OC)cc(-c2cc3cnc(NCCCO)nc3nc2NC(=O)NC(C)(C)C)c1
318074,CN1CCN(c2nccc(/C(C#N)=C3\Nc4ccccc4S3)n2)CC1
317837,N#C/C(=C1/Nc2ccccc2S1)c1ccnc(NCCN2CCCCC2)n1
319318,NC1(CN2CCC(c3cc(-c4ccncc4)c(-c4ccc(F)cc4)[nH]3)CC2)CC1
318245,CCN(CC)CCCCNc1cc2nc(NC(=O)NC(C)(C)C)c(-c3c(Cl)cccc3Cl)cc2cn1
1987286,COc1cccc(F)c1CN1C[C@H](NC(=O)c2ccc3[nH]nc(-c4ccnc(C)c4)c3c2)CC[C@H]1C(=O)Nc1ccc(C)nc1
1987287,COc1cccc(F)c1CN1C[C@H](NC(=O)c2ccc3[nH]nc(-c4ccnc(C)c4)c3c2)CC[C@H]1C(=O)Nc1cccnc1
1987288,COc1cccc(F)c1CN1C[C@H](NC(=O)c2ccc3[nH]nc(-c4ccnc(C)c4)c3c2)CC[C@H]1C(=O)Nc1nccs1
1987289,COc1ccc(N(C)C(=O)[C@@H]2CC[C@@H](NC(=O)c3ccc4[nH]nc(-c5ccnc(C)c5)c4c3)CN2Cc2c(F)cccc2OC)cc1
1987290,COc1ccc(NC(=O)[C@@H]2CC[C@@H](NC(=O)c3ccc4[nH]nc(-c5ccnc(C)c5)c4c3)CN2Cc2c(F)cccc2OC)cc1
1987291,COc1cccc(F)c1CN1C[C@H](NC(=O)c2ccc3[nH]nc(-c4ccnc(C)c4)c3c2)CC[C@H]1C(=O)NCC1(CO)CCCC1
1987292,COc1ccnc(NC(=O)[C@@H]2CC[C@@H](NC(=O)c3ccc4[nH]nc(-c5ccnc(C)c5)c4c3)CN2Cc2c(F)cccc2OC)c1
1987293,COc1cccc(F)c1CN1C[C@H](NC(=O)c2ccc3[nH]nc(-c4ccnc(C)c4)c3c2)CC[C@H]1C(=O)Nc1cccc(F)c1
1987294,COc1ccc(NC(=O)[C@@H]2CC[C@@H](NC(=O)c3ccc4[nH]nc(-c5ccnc(C)c5)c4c3)CN2Cc2c(F)cccc2OC)cc1F
1987295,COc1cccc(F)c1CN1C[C@H](NC(=O)c2ccc3[nH]nc(-c4ccnc(C)c4)c3c2)CC[C@H]1C(=O)Nc1ccc(F)cc1
1987296,COc1cccc(F)c1CN1C[C@H](NC(=O)c2ccc3[nH]nc(-c4ccnc(C)c4)c3c2)CC[C@H]1C(=O)Nc1ccc(C)cc1C
1987297,COc1cccc(F)c1CN1C[C@H](NC(=O)c2ccc3[nH]nc(-c4ccnc(C)c4)c3c2)CC[C@H]1C(=O)N1CCC(O)CC1
1987298,O=C(NC1CCCN(Cc2ccccc2F)C1)c1ccc2[nH]nc(-c3ccncc3)c2c1
1987299,O=C(NC1CCCN(Cc2ccccc2)C1)c1ccc2[nH]nc(-c3ccncc3)c2c1
1987301,O=C(NC1CCCN(Cc2ccccc2)C1)c1ccc2[nH]nc(-c3ccc4c(c3)CCO4)c2c1
1987302,O=C(NC1CCCN(Cc2ccccc2F)C1)c1ccc2[nH]nc(-c3ccc4c(c3)CCO4)c2c1
1987303,CC(c1ccccc1)N1CCC[C@@H](NC(=O)c2ccc3[nH]nc(-c4ccncc4)c3c2)C1
1987304,O=C(N[C@@H]1CNCC[C@H]1c1ccccc1)c1ccc2[nH]nc(-c3ccc4c(c3)CCO4)c2c1
1987305,CN1CC[C@@H](c2ccccc2)[C@H](NC(=O)c2ccc3[nH]nc(-c4ccc5c(c4)CCO5)c3c2)C1
1987306,O=C(N[C@@H]1CNCC[C@H]1c1ccccc1)c1ccc2[nH]nc(-c3ccc4c(c3)OCO4)c2c1
1987307,O=C(N[C@@H]1CNCC[C@H]1c1ccccc1)c1ccc2[nH]nc(-c3ccc4[nH]c(=O)[nH]c4c3)c2c1
1987308,CC(C)Oc1ccc(-c2n[nH]c3ccc(C(=O)N[C@@H]4CNCC[C@H]4c4ccccc4)cc23)cc1
1987309,CCN1CC[C@@H](c2ccccc2)[C@H](NC(=O)c2ccc3[nH]nc(-c4ccc(OC(C)C)cc4)c3c2)C1
1987310,CC(C)Oc1ccc(-c2n[nH]c3ccc(C(=O)N[C@@H]4CN(C)CC[C@H]4c4ccccc4)cc23)cc1
1987311,CC(C)Oc1ccc(-c2n[nH]c3ccc(C(=O)N[C@@H]4CNCC[C@H]4c4ccccc4)cc23)cn1
1987312,CC(C)Oc1ccc(-c2n[nH]c3ccc(C(=O)N[C@@H]4CN(C)CC[C@H]4c4ccccc4)cc23)cn1
1987313,CCN1CC[C@@H](c2ccccc2)[C@H](NC(=O)c2ccc3[nH]nc(-c4ccc(OC(C)C)nc4)c3c2)C1
1987314,CC(C)(C)OC(=O)N1CC[C@@H](c2ccccc2)[C@H](NC(=O)c2ccc3[nH]nc(-c4ccc5c(c4)CCO5)c3c2)C1
1987315,O=C(N[C@@H]1CNCC[C@H]1c1ccccc1)c1ccc2[nH]nc(-c3ccc4[nH]ncc4c3)c2c1
1987316,CC(C)Oc1cc(-c2n[nH]c3ccc(C(=O)N[C@@H]4CNCC[C@H]4c4ccccc4)cc23)ccn1
1987317,COc1cc(-c2n[nH]c3ccc(C(=O)N[C@@H]4CCCN(Cc5ccccc5F)C4)cc23)ccn1
1987318,O=C(N[C@@H]1CCCN(Cc2ccccc2F)C1)c1ccc2[nH]nc(-c3ccnc(C4CC4)c3)c2c1
1987319,CCc1cc(-c2n[nH]c3ccc(C(=O)N[C@@H]4CCCN(Cc5ccccc5F)C4)cc23)ccn1
1987320,Cc1cc(-c2n[nH]c3ccc(C(=O)N[C@@H]4CCCN(Cc5ccccc5F)C4)cc23)ccn1
1987321,O=C(N[C@@H]1CCCN(Cc2ccccc2F)C1)c1ccc2[nH]nc(-c3ccnc(C(F)(F)F)c3)c2c1
1987322,COc1cccc(F)c1CN1CCCC(NC(=O)c2ccc3[nH]nc(-c4ccc5c(c4)CCO5)c3c2)C1
1987323,CC1CC(NC(=O)c2ccc3[nH]nc(-c4ccncc4)c3c2)CN(Cc2ccccc2F)C1
1987324,Cn1cc(CN2CCC[C@@H](NC(=O)c3ccc4[nH]nc(-c5ccc6c(c5)CCO6)c4c3)C2)c2ccccc21
1987325,Cc1cc(-c2n[nH]c3ccc(C(=O)N[C@@H]4CCCN(Cc5ccccc5O)C4)cc23)ccn1
1987326,COc1cccc(F)c1CN1CCC[C@@H](NC(=O)c2ccc3[nH]nc(-c4ccnc(C)c4)c3c2)C1
1987327,Cc1cc(-c2n[nH]c3ccc(C(=O)N[C@@H]4CCCN(Cc5c(F)cccc5F)C4)cc23)ccn1
1987328,CC(=O)Nc1cc(-c2n[nH]c3ccc(C(=O)N[C@@H]4CCCN(Cc5ccccc5F)C4)cc23)ccc1O
1987329,COc1cccc(F)c1CN1CCC[C@@H](NC(=O)c2ccc3[nH]nc(-c4ccc(O)c(NC(C)=O)c4)c3c2)C1
1987330,CC(=O)Nc1cc(-c2n[nH]c3ccc(C(=O)N[C@@H]4CCCN(Cc5c(F)cccc5F)C4)cc23)ccc1O
1987331,COc1ccccc1CN1CCC[C@@H](NC(=O)c2ccc3[nH]nc(-c4ccc(O)c(NC(C)=O)c4)c3c2)C1
1987332,CCCOc1ccccc1CN1CCC[C@@H](NC(=O)c2ccc3[nH]nc(-c4ccnc(C)c4)c3c2)C1
1987333,COc1cccc(F)c1CN1CCC[C@@H](NC(=O)c2ccc3[nH]nc(-c4ccc5sccc5c4)c3c2)C1
1987334,COc1cccc(F)c1CN1CCC[C@@H](NC(=O)c2ccc3[nH]nc(-c4ccc5occc5c4)c3c2)C1
1987335,COc1cccc(F)c1CN1CCC[C@@H](NC(=O)c2ccc3[nH]nc(-c4ccc5cn[nH]c5c4)c3c2)C1
1987336,COc1cccc(F)c1CN1CCC[C@@H](NC(=O)c2ccc3[nH]nc(-c4ccc(S(=O)(=O)N(C)C)cc4)c3c2)C1
1987337,COc1cccc(F)c1CN1CCC[C@@H](NC(=O)c2ccc3[nH]nc(-c4cccc(NC(C)=O)c4)c3c2)C1
1987338,COc1cccc(F)c1CN1CCC[C@@H](NC(=O)c2ccc3[nH]nc(-c4ccc(C(C)=O)cc4)c3c2)C1
1987339,COc1cccc(F)c1CN1CCC[C@@H](NC(=O)c2ccc3[nH]nc(-c4cccc(C(C)=O)c4)c3c2)C1
1987340,COc1cccc(F)c1CN1CCC[C@@H](NC(=O)c2ccc3[nH]nc(-c4ccc(C#N)cc4)c3c2)C1
1987341,COc1cccc(F)c1CN1CCC[C@@H](NC(=O)c2ccc3[nH]nc(-c4cccc(C#N)c4)c3c2)C1
1987342,COc1cccc(F)c1CN1CCC[C@@H](NC(=O)c2ccc3[nH]nc(-c4ccc(S(C)(=O)=O)cc4)c3c2)C1
1987343,COc1cccc(F)c1CN1CCC[C@@H](NC(=O)c2ccc3[nH]nc(-c4ccc(N)c(OC(C)=O)c4)c3c2)C1
1987344,Cc1cc(-c2n[nH]c3ccc(C(=O)N[C@@H]4CCCN(Cc5csc6ccccc56)C4)cc23)ccn1
1987345,Cc1cc(-c2n[nH]c3ccc(C(=O)N[C@@H]4CCCN(Cc5ccccc5Cl)C4)cc23)ccn1
1987346,CC(=O)n1cc(CN2CCC[C@@H](NC(=O)c3ccc4[nH]nc(-c5ccnc(C)c5)c4c3)C2)c2ccccc21
1987347,Cc1cc(-c2n[nH]c3ccc(C(=O)N[C@@H]4CCCN(Cc5c(C)cccc5C)C4)cc23)ccn1
1987348,Cc1cc(-c2n[nH]c3ccc(C(=O)N[C@@H]4CCCN(Cc5cn(C)c6ccccc56)C4)cc23)ccn1
1987349,Cc1cc(-c2n[nH]c3ccc(C(=O)N[C@@H]4CCCN(Cc5cc6ccccc6n5C)C4)cc23)ccn1
1987350,CCn1cc(-c2n[nH]c3ccc(C(=O)N[C@@H]4CCCN(Cc5c(F)cccc5OC)C4)cc23)cn1
1987351,COc1cccc(F)c1CN1CCC[C@@H](NC(=O)c2ccc3[nH]nc(-c4ccc5cncn5c4)c3c2)C1
1987352,COc1cccc(F)c1CN1CCC[C@@H](NC(=O)c2ccc3[nH]nc(-c4ccc5nc(C)oc5c4)c3c2)C1
1987353,COc1cccc(F)c1CN1CCC[C@@H](NC(=O)c2ccc3[nH]nc(-c4ccc5oc(C)nc5c4)c3c2)C1
1987354,Cc1cc(-c2n[nH]c3ccc(C(=O)N[C@@H]4CCCN(Cc5cc6ccccc6o5)C4)cc23)ccn1
1987355,Cc1cc(-c2n[nH]c3ccc(C(=O)N[C@@H]4CCCN(Cc5cc(F)c(Cl)cc5Cl)C4)cc23)ccn1
1987356,Cc1cc(-c2n[nH]c3ccc(C(=O)N[C@@H]4CCCN(Cc5cc6ccccc6s5)C4)cc23)ccn1
1987357,Cc1cc(-c2n[nH]c3ccc(C(=O)N[C@@H]4CCCN(Cc5ccncn5)C4)cc23)ccn1
1987358,COc1cccc(CN2CCC[C@@H](NC(=O)c3ccc4[nH]nc(-c5ccnc(C)c5)c4c3)C2)n1
1987359,Cc1cc(-c2n[nH]c3ccc(C(=O)N[C@@H]4CCCN(C5CCc6ccccc65)C4)cc23)ccn1
1987360,COc1cccc(F)c1CN1C[C@H](C)C[C@@H](NC(=O)c2ccc3[nH]nc(-c4ccnc(C)c4)c3c2)C1
1987361,COc1cccc(F)c1CN1C[C@@H](C)C[C@@H](NC(=O)c2ccc3[nH]nc(-c4ccc5nccn5c4)c3c2)C1
1987362,COc1cccc(F)c1CN1C[C@H](C)C[C@@H](NC(=O)c2ccc3[nH]nc(-c4ccc5nccn5c4)c3c2)C1
1987363,COc1cccc(F)c1CN1C[C@@H](C)C[C@@H](NC(=O)c2ccc3[nH]nc(-c4ccc5nn(C)cc5c4)c3c2)C1
1987364,COc1cccc(F)c1CN1C[C@H](C)C[C@@H](NC(=O)c2ccc3[nH]nc(-c4ccc5nn(C)cc5c4)c3c2)C1
1987365,COc1cccc(F)c1CN1CC(NC(=O)c2ccc3[nH]nc(-c4ccnc(C)c4)c3c2)CC(OC)C1
1987366,COc1cccc(F)c1CN1CCC[C@@H](NC(=O)c2ccc3[nH]nc(-c4ccc5nc(C)sc5c4)c3c2)C1
1987367,COc1cccc(F)c1CN1C[C@@H](NC(=O)c2ccc3[nH]nc(-c4ccnc(C)c4)c3c2)CCC1=O
1987368,COc1cccc(F)c1CN1C[C@@H](NC(=O)c2ccc3[nH]nc(-c4ccc5nccn5c4)c3c2)CCC1=O
1987369,COC(=O)C1CC(NC(=O)c2ccc3[nH]nc(-c4ccnc(C)c4)c3c2)CN(Cc2c(F)cccc2OC)C1
1987370,Cc1cc(-c2n[nH]c3ccc(C(=O)N[C@@H]4CCCN(Cc5ncccc5F)C4)cc23)ccn1
1987371,Cc1cc(-c2n[nH]c3ccc(C(=O)N[C@@H]4CCCN(Cc5scnc5C)C4)cc23)ccn1
1987372,COc1ccsc1CN1CCC[C@@H](NC(=O)c2ccc3[nH]nc(-c4ccnc(C)c4)c3c2)C1
1987373,COc1cccc(F)c1CN1CC(NC(=O)c2ccc3[nH]nc(-c4ccc5nccn5c4)c3c2)CC(C(=O)O)C1
1987374,Cc1cc(-c2n[nH]c3ccc(C(=O)N[C@@H]4CCCN(C(C)c5ccccc5)C4)cc23)ccn1
1987375,Cc1cc(-c2n[nH]c3ccc(C(=O)NC4CCCN(Cc5ncccn5)C4)cc23)ccn1
1987376,COc1cccc(F)c1CN1CC(CO)CC(NC(=O)c2ccc3[nH]nc(-c4ccc5nccn5c4)c3c2)C1
1987377,Cc1cc(-c2n[nH]c3ccc(C(=O)N[C@@H]4CCCN(CCc5ccccc5F)C4)cc23)ccn1
1987378,Cc1cc(-c2n[nH]c3ccc(C(=O)N[C@@H]4CCCN(CCc5ccccc5C(F)(F)F)C4)cc23)ccn1
1987379,Cc1cc(-c2n[nH]c3ccc(C(=O)N[C@@H]4CCCN(CC(=O)c5ccccc5F)C4)cc23)ccn1
1987380,COc1cccc(F)c1CN1C[C@H]2C[C@@H]1[C@H](NC(=O)c1ccc3[nH]nc(-c4ccc5nn(C)cc5c4)c3c1)C2
1987381,Cn1cc2cc(-c3n[nH]c4ccc(C(=O)NC5C[C@@H]6C[C@H]5N(Cc5c(F)cccc5F)C6)cc34)ccc2n1
1987382,CC(C)Oc1ccc(-c2n[nH]c3ccc(C(=O)N[C@@H]4CNC[C@H](c5ccccc5)C4)cc23)cc1
1987383,Cn1cc(-c2n[nH]c3ccc(C(=O)N[C@@H]4CCCN(Cc5ccccc5F)C4)cc23)ccc1=O
1987384,O=C(N[C@@H]1CCCN(c2ccccc2F)C1)c1ccc2[nH]nc(-c3ccncc3)c2c1
1987385,COc1cccc(F)c1CN1CCCCC(NC(=O)c2ccc3[nH]nc(-c4ccncc4)c3c2)C1
1987386,O=C(NC1CCCCN(Cc2c(F)cccc2F)C1)c1ccc2[nH]nc(-c3ccncc3)c2c1
1987387,O=C(NC1CCCCN(Cc2ccccc2F)C1)c1ccc2[nH]nc(-c3ccncc3)c2c1
1987388,O=C(NC1CCCCN(Cc2ccccn2)C1)c1ccc2[nH]nc(-c3ccncc3)c2c1
1987389,O=C(NC1CCCCN(CCc2ccccc2)C1)c1ccc2[nH]nc(-c3ccncc3)c2c1
1987390,O=C(N[C@@H]1CCCN(Cc2c(F)cccc2F)C1)c1ccc2[nH]nc(-c3ccnc(Cl)c3)c2c1
1987391,O=C(NC1CCCCN(Cc2ccccc2)C1)c1ccc2[nH]nc(-c3ccncc3)c2c1
1987392,O=C(NC1CN(C(=O)OCc2ccccc2)CC(F)(F)C1)c1ccc2[nH]nc(-c3ccncc3)c2c1
1987393,COc1cccc(F)c1CN1CC(NC(=O)c2ccc3[nH]nc(-c4ccncc4)c3c2)CC(F)(F)C1
1987394,O=C(NC1CN(Cc2c(F)cccc2F)CC(F)(F)C1)c1ccc2[nH]nc(-c3ccncc3)c2c1
1987395,O=C(NC1CCCNC1)c1ccc2[nH]nc(-c3ccncc3)c2c1
1987396,O=C(NC1CCCCN(CCCc2ccccc2)C1)c1ccc2[nH]nc(-c3ccncc3)c2c1
1987397,Cc1cc(-c2n[nH]c3ccc(C(=O)N[C@@H]4CCCN(CC(O)c5ccccc5F)C4)cc23)ccn1
1987398,COc1cccc(F)c1CN1C[C@H](NC(=O)c2ccc3[nH]nc(-c4ccc5nccn5c4)c3c2)C[C@H](C(F)(F)F)C1
1987399,COc1cccc(F)c1CN1C[C@H](NC(=O)c2ccc3[nH]nc(-c4ccc5nccn5c4)c3c2)C[C@@H](C(F)(F)F)C1
1987401,COc1cccc(F)c1CN1CCC(O)C(NC(=O)c2ccc3[nH]nc(-c4ccc5nccn5c4)c3c2)C1
1987402,COc1cccc(F)c1CN1CCC(F)C(NC(=O)c2ccc3[nH]nc(-c4ccc5nccn5c4)c3c2)C1
1987403,COC(=O)[C@@H]1CC[C@@H](NC(=O)c2ccc3[nH]nc(-c4ccncc4)c3c2)CN1
1987404,O=C(NC1CCCCN(CCc2ccccc2F)C1)c1ccc2[nH]nc(-c3ccncc3)c2c1
1987405,COC(=O)[C@@H]1CC[C@@H](NC(=O)c2ccc3[nH]nc(-c4ccncc4)c3c2)CN1Cc1ccccc1
1987406,COc1cccc(F)c1CN1CCC[C@@H](NC(=O)c2ccc3[nH]nc(-c4ccn5ncnc5c4)c3c2)C1
1987407,COc1cccc(F)c1CN1CCC[C@@H](NC(=O)c2ccc3[nH]nc(-c4ccc5nc(C)nn5c4)c3c2)C1
1987408,COc1cccc(F)c1CN1CCC[C@@H](NC(=O)c2ccc3[nH]nc(-c4ccc5nncn5c4)c3c2)C1
1987409,COc1cccc(F)c1CN1CC(NC(=O)c2ccc3[nH]nc(-c4ccnc(C)c4)c3c2)CCC1C
1987410,COc1cccc(F)c1CN1CCCC(NC(=O)c2ccc3[nH]nc(-c4ccnc(C)c4)c3c2)C1C
1987411,Cc1cc(-c2n[nH]c3ccc(C(=O)N[C@@H]4CCCN(CC(F)(F)c5ccccc5F)C4)cc23)ccn1
1987412,Cc1cc(-c2n[nH]c3ccc(C(=O)N[C@@H]4CCCN(CC(F)(F)c5ccccc5)C4)cc23)ccn1
1987413,O=C(NC1CCCCN(CCc2cccc3ccccc23)C1)c1ccc2[nH]nc(-c3ccncc3)c2c1
1987414,O=C(NC1CCCCN(CCc2cccc(F)c2)C1)c1ccc2[nH]nc(-c3ccncc3)c2c1
1987415,COc1cccc(F)c1CN1CCC[C@@H](NC(=O)c2ccc3[nH]nc(-c4ccc5ncsc5c4)c3c2)C1
1987416,CCc1nnc2ccc(-c3n[nH]c4ccc(C(=O)N[C@@H]5CCCN(Cc6c(F)cccc6OC)C5)cc34)cn12
1987417,CN1CC(NC(=O)c2ccc3[nH]nc(-c4ccc5nccn5c4)c3c2)CCC1C1CC1
1987418,COc1cccc(F)c1CN1CC(NC(=O)c2ccc3[nH]nc(-c4ccc5nccn5c4)c3c2)CCC1C1CC1
1987419,O=C(N[C@@H]1CCCN(Cc2ncon2)C1)c1ccc2[nH]nc(-c3ccncc3)c2c1
1987420,O=C(NC1CN(Cc2ccccc2F)CC(F)(F)C1)c1ccc2[nH]nc(-c3ccncc3)c2c1
1987421,O=C(NC1CN(Cc2ccccc2)CC(F)(F)C1)c1ccc2[nH]nc(-c3ccncc3)c2c1
1987422,O=C(NC1CCCCN(CCc2ccc(F)cc2)C1)c1ccc2[nH]nc(-c3ccncc3)c2c1
1987423,COC(=O)[C@H]1CC[C@@H](NC(=O)c2ccc3[nH]nc(-c4ccncc4)c3c2)CN1Cc1ccccc1
1987424,O=C(CN1CCCCC(NC(=O)c2ccc3[nH]nc(-c4ccncc4)c3c2)C1)c1ccccc1
1987425,COc1cccc(F)c1CN1CCC[C@@H](NC(=O)c2ccc3[nH]nc(-c4ccc5nsnc5c4)c3c2)C1
1987426,COc1cccc(F)c1CN1CCC[C@@H](NC(=O)c2ccc3[nH]nc(-c4ccc5nonc5c4)c3c2)C1
1987427,COc1cccc(F)c1CN1CCC[C@@H](NC(=O)c2ccc3[nH]nc(-c4ccc5nc(C(F)(F)F)nn5c4)c3c2)C1
1987428,COc1cccc(F)c1CN1CCC[C@@H](NC(=O)c2ccc3[nH]nc(-c4nc5ccccc5s4)c3c2)C1
1987429,COc1cccc(F)c1CN1C[C@H](NC(=O)c2ccc3[nH]nc(-c4ccc5nccn5c4)c3c2)CCC1=O
1987430,O=C(NC12CC1CCN(Cc1ccccc1)C2)c1ccc2[nH]nc(-c3ccc4nccn4c3)c2c1
1987431,CN(C)C(=O)[C@@H]1CC[C@@H](NC(=O)c2ccc3[nH]nc(-c4ccncc4)c3c2)CN1Cc1ccccc1
1987432,COc1ccccc1CCN1CCCCC(NC(=O)c2ccc3[nH]nc(-c4ccncc4)c3c2)C1
1987433,O=C(N[C@@H]1CC[C@@H](C(=O)NCc2ccccc2)N(Cc2ccccc2)C1)c1ccc2[nH]nc(-c3ccncc3)c2c1
1987434,CCNC(=O)[C@@H]1CC[C@@H](NC(=O)c2ccc3[nH]nc(-c4ccncc4)c3c2)CN1Cc1ccccc1
1987435,CC(C)C(NC(=O)[C@@H]1CC[C@@H](NC(=O)c2ccc3[nH]nc(-c4ccncc4)c3c2)CN1Cc1ccccc1)C(C)C
1987436,O=C(NC1CCCCN(CC2CCc3ccccc32)C1)c1ccc2[nH]nc(-c3ccncc3)c2c1
1987437,O=C(N[C@@H]1CC[C@H](C(=O)NCc2ccccc2)NC1)c1ccc2[nH]nc(-c3ccncc3)c2c1
1987438,O=C(N[C@@H]1CC[C@@H](C(=O)NCc2ccccc2)NC1)c1ccc2[nH]nc(-c3ccncc3)c2c1
1987439,COc1cccc(F)c1CN1C[C@@H](C)C[C@@H](NC(=O)c2ccc3[nH]nc(-c4ccc5nc(C)sc5c4)c3c2)C1
1987440,COc1cccc(F)c1CN1C[C@H](NC(=O)c2ccc3[nH]nc(-c4ccc5nccn5c4)c3c2)CC(F)(F)C1
1987441,O=C(N[C@H]1CN(Cc2c(F)cccc2F)CC(F)(F)C1)c1ccc2[nH]nc(-c3ccc4nccn4c3)c2c1
1987442,O=C(NC12CC1CCN(Cc1c(F)cccc1F)C2)c1ccc2[nH]nc(-c3ccc4nccn4c3)c2c1
1987443,COc1cccc(F)c1CN1CCC2CC2(NC(=O)c2ccc3[nH]nc(-c4ccc5nccn5c4)c3c2)C1
1987444,CN1C[C@H](NC(=O)c2ccc3[nH]nc(-c4ccncc4)c3c2)CC[C@H]1C(=O)NCc1ccccc1
1987445,COc1ccccc1CN1CC(NC(=O)c2ccc3[nH]nc(-c4ccncc4)c3c2)CC(F)(F)C1
1987446,Cc1cccc(C)c1CN1CC(NC(=O)c2ccc3[nH]nc(-c4ccncc4)c3c2)CC(F)(F)C1
1987447,COC(=O)[C@@H]1CC[C@@H](NC(=O)c2ccc3[nH]nc(-c4ccncc4)c3c2)CN1Cc1c(F)cccc1OC
1987448,COc1cccc(F)c1CN1C[C@H](C)C[C@H](NC(=O)c2ccc3[nH]nc(-c4ccc5ncsc5c4)c3c2)C1
1987449,Cn1cc2cc(-c3n[nH]c4ccc(C(=O)N[C@@H]5C[C@H](C(F)(F)F)CN(Cc6c(F)cccc6F)C5)cc34)ccc2n1
1987450,Cn1cc2cc(-c3n[nH]c4ccc(C(=O)N[C@H]5C[C@@H](C(F)(F)F)CN(Cc6c(F)cccc6F)C5)cc34)ccc2n1
1987451,COc1cccc(F)c1CN1C[C@H](NC(=O)c2ccc3[nH]nc(-c4ccncc4)c3c2)CCC1CO
1987452,O=C(N[C@@H]1CCCN(Cc2c(F)cccc2F)C1)c1ccc2[nH]nc(-c3ccncc3)c2c1
1987453,O=C(NC1CCCCN(CCc2c(F)cccc2F)C1)c1ccc2[nH]nc(-c3ccncc3)c2c1
1987454,COC[C@H]1CC[C@@H](NC(=O)c2ccc3[nH]nc(-c4ccncc4)c3c2)CN1Cc1c(F)cccc1OC
1987455,COc1cccc(F)c1CN1CCC[C@@H](NC(=O)c2ccc3[nH]nc(-c4ccncc4)c3c2)C1
1987456,COc1cccc(F)c1CN1C[C@H](C)C[C@H](NC(=O)c2ccc3[nH]nc(-c4ccc5nsnc5c4)c3c2)C1
1987457,COc1cccc(F)c1CC1C[C@@H](NC(=O)c2ccc3[nH]nc(-c4ccc5nn(C)cc5c4)c3c2)C[C@@H](C(F)(F)F)C1
1987458,COc1cccc(F)c1CN1C[C@@H](C)C[C@@H](NC(=O)c2ccc3[nH]nc(-c4ccn5ncnc5c4)c3c2)C1
1987459,COc1cccc(F)c1CN1C[C@@H](C)C[C@@H](NC(=O)c2ccc3[nH]nc(-c4ccc5nonc5c4)c3c2)C1
1987460,COc1cccc(F)c1CN1C[C@@H](C)C[C@@H](NC(=O)c2ccc3[nH]nc(-c4nc5ccccc5s4)c3c2)C1
1987461,Cn1cnnc1CN1CCC[C@@H](NC(=O)c2ccc3[nH]nc(-c4ccncc4)c3c2)C1
1987462,COCCOc1cccc(F)c1CN1CCC[C@@H](NC(=O)c2ccc3[nH]nc(-c4ccncc4)c3c2)C1
1987463,CNC(=O)[C@@H]1CC[C@@H](NC(=O)c2ccc3[nH]nc(-c4ccncc4)c3c2)CN1Cc1c(F)cccc1OC
1987464,CCOC(=O)C1CCN(Cc2ccccc2)CC1NC(=O)c1ccc2[nH]nc(-c3ccncc3)c2c1
1987465,O=C(NC1COCCN(CCc2c(F)cccc2F)C1)c1ccc2[nH]nc(-c3ccncc3)c2c1
1987466,O=C(NC1COCCN(CCc2ccccc2F)C1)c1ccc2[nH]nc(-c3ccncc3)c2c1
1987467,O=C(NC1COCCN(CCc2cccc(F)c2)C1)c1ccc2[nH]nc(-c3ccncc3)c2c1
1987468,Cc1cc(-c2n[nH]c3ccc(C(=O)NC4CC[C@H]5CC[C@@H]4N5Cc4ccccc4F)cc23)ccn1
1987469,COc1cccc(F)c1CN1C2CCC(NC(=O)c3ccc4[nH]nc(-c5ccnc(C)c5)c4c3)C1CC2
1987470,COc1cccc(F)c1CN1C[C@H](NC(=O)c2ccc3[nH]nc(-c4ccncc4)c3c2)CC[C@H]1C(=O)N(C)C
1987471,COc1cccc(F)c1CN1C[C@H](NC(=O)c2ccc3[nH]nc(-c4ccncc4)c3c2)CC[C@H]1C(N)=O
1987472,CCN(CC)C(=O)[C@@H]1CC[C@@H](NC(=O)c2ccc3[nH]nc(-c4ccncc4)c3c2)CN1Cc1c(F)cccc1OC
1987473,COc1cccc(F)c1CN1C[C@H](NC(=O)c2ccc3[nH]nc(-c4ccncc4)c3c2)CC[C@H]1C(=O)N1CCCCC1
1987474,COc1cccc(F)c1CN1C[C@H](NC(=O)c2ccc3[nH]nc(-c4ccncc4)c3c2)CC[C@H]1C(=O)N1CCCC1
1987475,COc1cccc(F)c1CN1C[C@H](NC(=O)c2ccc3[nH]nc(-c4ccncc4)c3c2)CC[C@H]1C(=O)N1CCC(F)(F)CC1
1987476,COc1cccc(F)c1CN1C[C@H](NC(=O)c2ccc3[nH]nc(-c4ccnc(C)c4)c3c2)CC[C@H]1C(=O)N(C)C
1987477,CCN(CC)C(=O)[C@@H]1CC[C@@H](NC(=O)c2ccc3[nH]nc(-c4ccnc(C)c4)c3c2)CN1Cc1c(F)cccc1OC
1987478,COc1cccc(F)c1CN1C[C@H](NC(=O)c2ccc3[nH]nc(-c4ccnc(C)c4)c3c2)CC[C@H]1C(=O)N1CC(F)(F)C1
1987479,COc1cccc(F)c1CN1C[C@H](NC(=O)c2ccc3[nH]nc(-c4ccnc(C)c4)c3c2)CC[C@H]1C(=O)N1CCC1
1987480,COc1cccc(F)c1CN1C[C@H](NC(=O)c2ccc3[nH]nc(-c4ccnc(C)c4)c3c2)CC[C@H]1C(=O)N1CCOCC1
1987481,COc1cccc(F)c1CN1C[C@H](NC(=O)c2ccc3[nH]nc(-c4ccnc(C)c4)c3c2)CC[C@H]1C(=O)NCCOCc1ccccc1
1987482,COCCNC(=O)[C@@H]1CC[C@@H](NC(=O)c2ccc3[nH]nc(-c4ccnc(C)c4)c3c2)CN1Cc1c(F)cccc1OC
1987483,COc1cccc(F)c1CN1C[C@H](NC(=O)c2ccc3[nH]nc(-c4ccnc(C)c4)c3c2)CC[C@H]1C(=O)NC(C)C
1987484,COc1cccc(F)c1CN1C[C@H](NC(=O)c2ccc3[nH]nc(-c4ccnc(C)c4)c3c2)CC[C@H]1C(=O)NC1CCCC1
1987485,COc1cccc(F)c1CN1C[C@H](NC(=O)c2ccc3[nH]nc(-c4ccnc(C)c4)c3c2)CC[C@H]1C(=O)NCCO
1987486,CCCN(CCC)C(=O)[C@@H]1CC[C@@H](NC(=O)c2ccc3[nH]nc(-c4ccnc(C)c4)c3c2)CN1Cc1c(F)cccc1OC
1987487,CCCCN(CCCC)C(=O)[C@@H]1CC[C@@H](NC(=O)c2ccc3[nH]nc(-c4ccnc(C)c4)c3c2)CN1Cc1c(F)cccc1OC
1987488,CCN(C)C(=O)[C@@H]1CC[C@@H](NC(=O)c2ccc3[nH]nc(-c4ccnc(C)c4)c3c2)CN1Cc1c(F)cccc1OC
1987489,CCCN(C)C(=O)[C@@H]1CC[C@@H](NC(=O)c2ccc3[nH]nc(-c4ccnc(C)c4)c3c2)CN1Cc1c(F)cccc1OC
1987490,CCN(CC)C(=O)[C@@H]1CC[C@@H](NC(=O)c2ccc3[nH]nc(-c4ccnc(C)c4)c3c2)CN1Cc1c(F)cccc1F
1987491,Cc1cc(-c2n[nH]c3ccc(C(=O)N[C@@H]4CC[C@@H](C(=O)N(C)C)N(Cc5c(F)cccc5F)C4)cc23)ccn1
1987492,Cc1cc(-c2n[nH]c3ccc(C(=O)N[C@@H]4CC[C@@H](C(=O)N5CC(F)(F)C5)N(Cc5c(F)cccc5F)C4)cc23)ccn1
1987493,Cc1cc(-c2n[nH]c3ccc(C(=O)N[C@@H]4CC[C@@H](C(=O)N(C)C)N(Cc5ccccc5F)C4)cc23)ccn1
1987494,CCN(CC)C(=O)[C@@H]1CC[C@@H](NC(=O)c2ccc3[nH]nc(-c4ccnc(C)c4)c3c2)CN1Cc1ccccc1F
1987495,Cc1cc(-c2n[nH]c3ccc(C(=O)N[C@@H]4CC[C@@H](C(=O)N5CC(F)(F)C5)N(Cc5ccccc5F)C4)cc23)ccn1
1987496,Cc1cc(-c2n[nH]c3ccc(C(=O)N[C@@H]4CC[C@@H](C(=O)N(C)C)N(Cc5cccs5)C4)cc23)ccn1
1987497,Cc1cc(-c2n[nH]c3ccc(C(=O)N[C@@H]4CC[C@@H](C(=O)N5CC(F)(F)C5)N(Cc5cccs5)C4)cc23)ccn1
1987498,CCN(CC)C(=O)[C@@H]1CC[C@@H](NC(=O)c2ccc3[nH]nc(-c4ccnc(C)c4)c3c2)CN1Cc1cccs1
1987499,COc1cccc(F)c1CN1C[C@H](NC(=O)c2ccc3[nH]nc(-c4ccc5nn(C)cc5c4)c3c2)CC[C@H]1C(=O)N(C)C
1987501,COc1cccc(F)c1CN1C[C@H](NC(=O)c2ccc3[nH]nc(-c4ccc5nn(C)cc5c4)c3c2)CC[C@H]1C(=O)N1CC(F)(F)C1
1987502,COc1cccc(F)c1CN1C[C@H](NC(=O)c2ccc3[nH]nc(-c4ccc5nc(C)sc5c4)c3c2)CC[C@H]1C(=O)N(C)C
1987503,COc1cccc(F)c1CN1C[C@H](NC(=O)c2ccc3[nH]nc(-c4ccc5nn(C)cc5c4)c3c2)CC[C@H]1C(=O)Nc1nccs1
1987504,Cc1cc(-c2n[nH]c3ccc(C(=O)N[C@@H]4CC[C@@H](C(=O)N(C)C)N(CCc5ccccc5)C4)cc23)ccn1
1987505,CCN(CC)C(=O)[C@@H]1CC[C@@H](NC(=O)c2ccc3[nH]nc(-c4ccnc(C)c4)c3c2)CN1CCc1ccccc1
1987506,Cc1cc(-c2n[nH]c3ccc(C(=O)N[C@@H]4CC[C@@H](C(=O)N5CC(F)(F)C5)N(CCc5ccccc5)C4)cc23)ccn1
1987507,Cc1cc(-c2n[nH]c3ccc(C(=O)N[C@@H]4CC[C@@H](C(=O)Nc5nccs5)N(CCc5ccccc5)C4)cc23)ccn1
1987508,CCN(CC)C(=O)[C@@H]1CC[C@@H](NC(=O)c2ccc3[nH]nc(-c4ccc5nc(C)sc5c4)c3c2)CN1Cc1c(F)cccc1OC
1987509,Cc1cc(-c2n[nH]c3cc(NC(=O)N[C@@H](c4ccccc4)C(F)(F)F)ncc23)ccn1
1987510,Cc1cc(-c2n[nH]c3cc(NC(=O)N[C@@H](CO)c4ccccc4)ncc23)ccn1
1987511,Cc1cc(-c2n[nH]c3cc(NC(=O)N[C@H](c4ccccc4)C(F)(F)F)ncc23)ccn1
1987512,Cc1cc(-c2n[nH]c3cc(NC(=O)N[C@H](C)c4ccc(Cl)cc4)ncc23)ccn1
1987513,C[C@@H](NC(=O)Nc1cc2[nH]nc(C3=CCOCC3)c2cn1)c1ccccc1
1987514,COCCCc1n[nH]c2cc(NC(=O)N[C@H](C)c3ccccc3)ncc12
1987515,CCCc1n[nH]c2cc(NC(=O)N[C@H](C)c3ccccc3)ncc12
1987516,Cc1cc(-c2n[nH]c3cc(NC(N)=O)ncc23)ccn1
1987517,C[C@@H](NC(=O)Nc1cc2[nH]ncc2cn1)c1ccc(F)cc1
1987519,Cc1cc(-c2n[nH]c3cc(NC(=O)NCc4ccc(Cl)cc4)ncc23)ccn1
312519,Nc1nc(-c2cccc(Cl)c2)c(-c2ccc3ncccc3n2)s1
314345,O=C1c2cc([N+](=O)[O-])ccc2-n2c1nc1ncccc1c2=O
318166,COc1cc(OC)cc(-c2cc3cnc(NCCCCCO)cc3nc2NC(=O)NC(C)(C)C)c1
1991295,COc1cccc(F)c1CN1C[C@H](NC(=O)c2ccc3[nH]nc(-c4ccc5nc(C)sc5c4)c3c2)CC[C@H]1C(=O)N1CC(F)(F)C1
1991296,COc1cccc(F)c1CN1C[C@H](NC(=O)c2ccc3[nH]nc(-c4ccc5nc(C)sc5c4)c3c2)CC[C@H]1C(N)=O
1991297,COc1cccc(F)c1CN1C[C@H](NC(=O)c2ccc3[nH]nc(-c4ccnc(C)c4)c3c2)CC[C@H]1C(N)=O
1991298,COc1cccc(F)c1CN1C[C@H](NC(=O)c2ccc3[nH]nc(-c4ccnc(C)c4)c3c2)CC[C@H]1C(=O)NN
1991299,COc1cccc(F)c1CN1C[C@H](NC(=O)c2ccc3[nH]nc(-c4ccnc(C)c4)c3c2)CC[C@H]1C(=O)NN(C)C
1991301,COc1cccc(F)c1CN1C[C@H](NC(=O)c2ccc3[nH]nc(-c4ccnc(C)c4)c3c2)CC[C@H]1C(=O)NCCCCl
1991302,COc1cccc(F)c1CN1C[C@H](NC(=O)c2ccc3[nH]nc(-c4ccnc(C)c4)c3c2)CC[C@H]1C(=O)N1CCC(Cl)CC1
1991303,COc1cccc(F)c1CN1C[C@H](NC(=O)c2ccc3[nH]nc(-c4ccnc(C)c4)c3c2)CC[C@H]1C(=O)N(C)OC
1991304,CNNC(=O)[C@@H]1CC[C@@H](NC(=O)c2ccc3[nH]nc(-c4ccnc(C)c4)c3c2)CN1Cc1c(F)cccc1OC
1991305,COc1cccc(F)c1CN1C[C@H](NC(=O)c2ccc3[nH]nc(-c4ccnc(C)c4)c3c2)CC[C@H]1C(=O)N1CCNCC1
1991306,CCNC(=O)N1CCN(C(=O)[C@@H]2CC[C@@H](NC(=O)c3ccc4[nH]nc(-c5ccnc(C)c5)c4c3)CN2Cc2c(F)cccc2OC)CC1
1991307,CNC(=O)[C@@H]1CC[C@@H](NC(=O)c2ccc3[nH]nc(-c4ccnc(C)c4)c3c2)CN1Cc1c(F)cccc1OC
1991308,CNC(=S)NNC(=O)[C@@H]1CC[C@@H](NC(=O)c2ccc3[nH]nc(-c4ccnc(C)c4)c3c2)CN1Cc1c(F)cccc1OC
1991309,COc1cccc(F)c1CN1C[C@H](NC(=O)c2ccc3[nH]nc(-c4ccnnc4)c3c2)CC[C@H]1C(=O)N(C)C
1991310,COc1cccc(F)c1CN1C[C@H](NC(=O)c2ccc3[nH]nc(-c4ccnc(C)c4)c3c2)CC[C@H]1C(=O)NCCF
1991311,COc1cccc(F)c1CN1C[C@H](NC(=O)c2ccc3[nH]nc(-c4ccnc(C)c4)c3c2)CC[C@H]1C(=O)NCC(F)(F)F
1991312,CCN(CC)C(=O)[C@@H]1CC[C@@H](NC(=O)c2ccc3[nH]nc(-c4ccnnc4)c3c2)CN1Cc1c(F)cccc1OC
1991313,COc1cccc(F)c1CN1C[C@H](NC(=O)c2ccc3[nH]nc(-c4ccnnc4)c3c2)CC[C@H]1C(=O)N1CC(F)(F)C1
1991314,COc1cccc(F)c1CN1C[C@H](NC(=O)c2ccc3[nH]nc(-c4ccnc(C)c4)c3c2)CC[C@H]1C(=O)N1CCCO1
1991315,COc1cccc(F)c1CN1C[C@H](NC(=O)c2ccc3[nH]nc(-c4ccnc(C)c4)c3c2)CC[C@H]1C(=O)N1CCCCO1
1991316,COc1cccc(F)c1CN1C[C@H](NC(=O)c2ccc3[nH]nc(-c4ccnc(C)c4)c3c2)CC[C@H]1C(=O)N1CCN(C)CC1
1991317,COc1cccc(F)c1CN1C[C@H](NC(=O)c2ccc3[nH]nc(-c4ccnc(C)c4)c3c2)CC[C@H]1C(=O)N1CCN(C(C)=O)CC1
1991318,COC(=O)N1CCN(C(=O)[C@@H]2CC[C@@H](NC(=O)c3ccc4[nH]nc(-c5ccnc(C)c5)c4c3)CN2Cc2c(F)cccc2OC)CC1
1991319,CCOC(=O)N1CCN(C(=O)[C@@H]2CC[C@@H](NC(=O)c3ccc4[nH]nc(-c5ccnc(C)c5)c4c3)CN2Cc2c(F)cccc2OC)CC1
1991320,COc1cccc(F)c1CN1C[C@H](NC(=O)c2ccc3[nH]nc(-c4ccnc(C)c4)c3c2)CC[C@H]1C(=O)NCCNC(=O)OC(C)(C)C
1991321,COc1cccc(F)c1CN1C[C@H](NC(=O)c2ccc3[nH]nc(-c4ccnc(C)c4)c3c2)CC[C@H]1C(=O)NCCCNC(=O)OC(C)(C)C
1991322,COc1cccc(F)c1CN1C[C@H](NC(=O)c2ccc3[nH]nc(-c4ccnc(C)c4)c3c2)CC[C@H]1C(=O)N1CCN(C(=O)OC2(C)CC2)CC1
1991323,COc1cccc(F)c1CN1C[C@H](NC(=O)c2ccc3[nH]nc(-c4ccnc(C)c4)c3c2)CC[C@H]1C(=O)N1CC(O[Si](C)(C)C(C)(C)C)CO1
1991324,COc1cccc(F)c1CN1C[C@H](NC(=O)c2ccc3[nH]nc(-c4ccnc(C)c4)c3c2)CC[C@H]1C(=O)NOC(C)(C)C
1991325,COc1cccc(F)c1CN1C[C@H](NC(=O)c2ccc3[nH]nc(-c4ccnc(C)c4)c3c2)CC[C@H]1C(=O)N(C)CCCCNC(=O)OC(C)(C)C
1991326,COc1cccc(F)c1CN1C[C@H](NC(=O)c2ccc3[nH]nc(-c4ccnc(C)c4)c3c2)CC[C@H]1C(=O)N1CCN(C(=O)OC2CCCC2)CC1
1991327,COc1cccc(F)c1CN1C[C@H](NC(=O)c2ccc3[nH]nc(-c4ccnc(C)c4)c3c2)CC[C@H]1C(=O)N1CCN(C(=O)OC(C)C)CC1
1991328,COc1cccc(F)c1CN1C[C@H](NC(=O)c2ccc3[nH]nc(-c4ccnc(C)c4)c3c2)CC[C@H]1C(=O)N1CCN(C(=O)OC2CCOCC2)CC1
1991329,CN1CC(Cc2ccccc2)CC(NC(=O)c2ccc3[nH]nc(-c4ccncc4)c3c2)C1
1991330,CN1CC(Cc2c(F)cccc2F)CC(NC(=O)c2ccc3[nH]nc(-c4ccc5nn(C)cc5c4)c3c2)C1
1991331,CCN1CC(Cc2c(F)cccc2F)CC(NC(=O)c2ccc3[nH]nc(-c4ccc5nn(C)cc5c4)c3c2)C1
1991332,Cc1cc(-c2n[nH]c3ccc(C(=O)NC4CC(Cc5c(F)cccc5F)CN(C)C4)cc23)ccn1
1991333,Cc1nc2ccc(-c3n[nH]c4ccc(C(=O)N[C@@H]5C[C@H](Cc6c(F)cccc6F)CN(C)C5)cc34)cn2n1
1991334,Cc1nc2ccc(-c3n[nH]c4ccc(C(=O)N[C@@H]5C[C@@H](Cc6c(F)cccc6F)CN(C)C5)cc34)cn2n1
1991335,CN1C[C@H](Cc2c(F)cccc2F)C[C@H](NC(=O)c2ccc3[nH]nc(-c4ccn5ccnc5c4)c3c2)C1
1991336,CN1C[C@@H](Cc2c(F)cccc2F)C[C@H](NC(=O)c2ccc3[nH]nc(-c4ccn5ccnc5c4)c3c2)C1
1991337,CN1CC(Cc2c(F)cccc2F)CC(NC(=O)c2ccc3[nH]nc(-c4ccn5ncnc5c4)c3c2)C1
1991338,CN1C[C@@H](Cc2c(F)cccc2F)C[C@@H](NC(=O)c2ccc3[nH]nc(-c4ccc5nonc5c4)c3c2)C1
1991339,CN1C[C@H](Cc2c(F)cccc2F)C[C@@H](NC(=O)c2ccc3[nH]nc(-c4ccc5nonc5c4)c3c2)C1
1991340,CN1CC(Cc2c(F)cccc2F)CC(NC(=O)c2ccc3[nH]nc(-c4nc5ccccc5s4)c3c2)C1
1991341,CN1CC(Cc2c(F)cccc2F)CC(NC(=O)c2ccc3[nH]nc(-c4ccc5ncsc5c4)c3c2)C1
1991342,CN1CC(Cc2c(F)cccc2F)CC(NC(=O)c2ccc3[nH]nc(-c4ccc5nsnc5c4)c3c2)C1
1991343,Cn1cc2cc(-c3n[nH]c4ccc(C(=O)N[C@H]5CCN[C@H](Cc6ccccc6)C5)cc34)ccc2n1
1991344,NC(=O)C(c1ccccc1F)N1CCC[C@@H](NC(=O)c2ccc3[nH]nc(-c4ccncc4)c3c2)C1
1991345,CNC(=O)C(c1ccccc1F)N1CCC[C@@H](NC(=O)c2ccc3[nH]nc(-c4ccncc4)c3c2)C1
1991346,NC(=O)C(c1c(F)cccc1F)N1CCC[C@@H](NC(=O)c2ccc3[nH]nc(-c4ccncc4)c3c2)C1
1991347,CNC(=O)C(c1c(F)cccc1F)N1CCC[C@@H](NC(=O)c2ccc3[nH]nc(-c4ccncc4)c3c2)C1
1991348,CN(C)C(=O)C(c1c(F)cccc1F)N1CCC[C@@H](NC(=O)c2ccc3[nH]nc(-c4ccncc4)c3c2)C1
1991349,CN(C)C(=O)C(c1ccccc1F)N1CCC[C@@H](NC(=O)c2ccc3[nH]nc(-c4ccncc4)c3c2)C1
1991350,COC(=O)[C@@H](c1c(F)cccc1F)N1CCC[C@@H](NC(=O)c2ccc3[nH]nc(-c4ccncc4)c3c2)C1
314193,Cc1ccc(C(=O)/C=C2\C(=O)Nc3ccc(Br)cc32)cc1
319699,CN1CCC(c2cc(-c3cccnc3)c(-c3ccc(F)cc3)[nH]2)CC1
318158,N#C/C(=C1/Nc2ccccc2S1)c1ccnc(NCCn2ccc3ccccc32)n1
1992902,c1cc(NC2CCNCC2)c2nc(-c3nnc4ccccn34)ccc2c1
1992903,CC1(C)CC(Nc2cccc3ccc(-c4nnc5ccccn45)nc23)CC(C)(C)N1
1992904,OC1CCC(Nc2cccc3ccc(-c4nnc5ccccn45)nc23)CC1
1992905,c1cc(N[C@H]2CCNC2)c2nc(-c3nnc4ccccn34)ccc2c1
1992906,c1cc(N[C@@H]2CCNC2)c2nc(-c3nnc4ccccn34)ccc2c1
1992907,CC(C)(C)OC(=O)NCCCNc1cccc2ccc(-c3nnc4ccccn34)nc12
1992908,NCCCNc1cccc2ccc(-c3nnc4ccccn34)nc12
1992909,CC(C)CCN(CCCN)c1cccc2ccc(-c3nnc4ccccn34)nc12
1992910,c1cc(OC2CCNCC2)c2nc(-c3nnc4ccccn34)ccc2c1
1992911,NCCCOc1cccc2ccc(-c3nnc4ccccn34)nc12
1992912,c1cc(O[C@@H]2CCNC2)c2nc(-c3nnc4ccccn34)ccc2c1
1992913,c1cc(O[C@H]2CCNC2)c2nc(-c3nnc4ccccn34)ccc2c1
1992914,COC(=O)[C@@H]1C[C@@H](Oc2cccc3ccc(-c4nnc5ccccn45)nc23)CCN1
1992915,c1cc(OCC2CCNCC2)c2nc(-c3nnc4ccccn34)ccc2c1
1992916,c1cc(OCCC2CCCCN2)c2nc(-c3nnc4ccccn34)ccc2c1
1992917,c1cc(OCC2CCCNC2)c2nc(-c3nnc4ccccn34)ccc2c1
1992918,NC1CCC(Oc2cccc3ccc(-c4nnc5ccccn45)nc23)CC1
1992919,CC(C)(CN)COc1cccc2ccc(-c3nnc4ccccn34)nc12
1992920,CC(C)(CO)COc1cccc2ccc(-c3nnc4cc(CN)ccn34)nc12
1992921,CC(C)COc1cccc2ccc(-c3nnc4cc(CN)ccn34)nc12
1992923,OCC1(COc2cccc3ccc(-c4nnc5ccccn45)nc23)CC1
1992924,CC(C)(C)COc1cccc2ccc(-c3nnc4ccccn34)nc12
1992925,CC(C)(CO)COc1cccc2ccc(-c3nnc4ccccn34)nc12
1992926,F[C@H]1CNCCC1Oc1cccc2ccc(-c3nnc4ccccn34)nc12
1992927,F[C@@H]1CNCCC1Oc1cccc2ccc(-c3nnc4ccccn34)nc12
1992928,CCNCC(C)(C)COc1cccc2ccc(-c3nnc4ccccn34)nc12
1992929,CNCC(C)(C)COc1cccc2ccc(-c3nnc4ccccn34)nc12
1992930,c1cc(OC2CC3CCC(C2)N3)c2nc(-c3nnc4ccccn34)ccc2c1
1992931,CCC(Oc1cccc2ccc(-c3nnc4ccccn34)nc12)[C@@H](CC)CN
1992932,CCC(Oc1cccc2ccc(-c3nnc4ccccn34)nc12)[C@H](CC)CN
1992933,CC[C@@H](CN)C(C)Oc1cccc2ccc(-c3nnc4ccccn34)nc12
1992934,CC[C@H](CN)C(C)Oc1cccc2ccc(-c3nnc4ccccn34)nc12
1992935,CCCC(Oc1cccc2ccc(-c3nnc4ccccn34)nc12)[C@@H](CC)CN
1992936,CCCC(Oc1cccc2ccc(-c3nnc4ccccn34)nc12)[C@H](CC)CN
1992938,NC(=O)N1CCC(Oc2cccc3ccc(-c4nnc5ccccn45)nc23)CC1
1992944,FC1CCNCCC1Oc1cccc2ccc(-c3nnc4ccccn34)nc12
1992945,FC1CNCCCC1Oc1cccc2ccc(-c3nnc4ccccn34)nc12
1992946,c1cc(OC2CCCNCC2)c2nc(-c3nnc4ccccn34)ccc2c1
1992947,CN(C)C(=O)[C@@H]1CC(Oc2cccc3ccc(-c4nnc5ccccn45)nc23)CCN1
1992948,CON(C)C(=O)[C@@H]1CC(Oc2cccc3ccc(-c4nnc5ccccn45)nc23)CCN1
1992949,OC[C@@H]1CC(Oc2cccc3ccc(-c4nnc5ccccn45)nc23)CCN1
1992952,Fc1ccc2nnc(-c3ccc4cccc(OC5CCNCC5F)c4n3)n2c1
1992954,c1cc(OC[C@@H]2CCCN2)c2nc(-c3nnc4ccccn34)ccc2c1
1992955,OCC(O)COc1cccc2ccc(-c3nnc4ccccn34)nc12
1992957,CC(C)(CN)COc1cccc2ccc(-c3nnc4ccc(C5CC5)cn34)nc12
1992959,CC1(COc2cccc3ccc(-c4nnc5ccccn45)nc23)CCNCC1
1992960,CCC1(COc2cccc3ccc(-c4nnc5ccccn45)nc23)CCNCC1
1992963,OC1(COc2cccc3ccc(-c4nnc5ccccn45)nc23)CCN(Cc2ccccc2)CC1
1992965,COC1(COc2cccc3ccc(-c4nnc5ccccn45)nc23)CCNCC1
1992978,CC1(COc2cccc3ccc(-c4nnc5ccccn45)nc23)CCN(CCO)CC1
1992979,COC(=O)[C@@H]1C[C@H](Oc2cccc3ccc(-c4nnc5ccccn45)nc23)CN1
1992980,Fc1cc(OC2CCNCC2F)c2nc(-c3nnc4ccccn34)ccc2c1
1992981,Fc1cc(OC2CCNCCC2F)c2nc(-c3nnc4ccccn34)ccc2c1
1992982,Cc1ccn2c(-c3ccc4cccc(OC5CCNCCC5F)c4n3)nnc2c1
1992986,Cc1ccc2nnc(-c3ccc4cccc(OC5CCNCCC5F)c4n3)n2c1
1993090,CN(C)Cc1ccc2nc(C(=O)c3ccnc(-c4cncc5ccccc45)c3)[nH]c2c1
1993091,CN1CCN(Cc2ccc3nc(C(=O)c4ccnc(-c5cncc6ccccc56)c4)[nH]c3c2)CC1
1993092,O=C(c1ccnc(-c2cncc3ccccc23)c1)c1nc2ccc(OCC(O)CO)cc2[nH]1
1993093,CN1CCC(NC(=O)c2ccc3nc(C(=O)c4ccnc(-c5cncc6ccccc56)c4)[nH]c3c2)CC1
1993094,COc1ccc(F)c(F)c1-c1cc(C(=O)c2nc3ccc(N4CCC(N(C)C)CC4)cc3[nH]2)ccn1
1993095,CN(C)C1CCN(c2ccc3[nH]c(C(=O)c4ccc(C#N)c(-c5cncc6[nH]ccc56)c4)nc3n2)CC1
1993096,O=C(c1ccnc(-c2cncc3ccccc23)c1)c1nc2nc(N3CCCNCC3)ccc2[nH]1
1993097,O=C(c1ccnc(-c2cncc3ccccc23)c1)c1nc2nc(N3CCNCC3)ccc2[nH]1
1993098,Cc1n[nH]c(C)c1-c1cc(C(=O)c2nc3nc(N4CCC(N(C)C)CC4)ccc3[nH]2)ccn1
1993099,Cc1n[nH]c(C)c1-c1cc(C(=O)c2nc3nc(N4CCNCC4)ccc3[nH]2)ccn1
1993101,CC(C)(C)OC(=O)N1CCN(C(=O)c2ccc3nc[nH]c3c2)CC1
1993102,O=C(c1ccnc(-c2cncc3ccccc23)c1)c1nc2ccc(S(=O)(=O)N3CCNCC3)cc2[nH]1
1993103,Cc1nn(C)c(C)c1-c1cc(C(=O)c2nc3nc(N4CCNCC4)ccc3[nH]2)ccc1C#N
1993104,COc1ccc(F)c(F)c1-c1cccc(C(=O)c2nc3nc(N4CCC(N(C)C)CC4)ccc3[nH]2)c1
1993105,N#Cc1ccc(C(=O)c2nc3nc(N4CCNCC4)ccc3[nH]2)cc1-c1cncc2ccccc12
314377,Nc1ccc2cc(C3OCCO3)ccc2n1
1997557,CC(C)(COc1cc(F)cc2ccc(-c3nnc4ccccn34)nc12)[C@@H](O)CO
1997558,CC(C)(COc1cccc2ccc(-c3nnc4ccccn34)nc12)[C@@H](O)CO
1997576,FC1(COc2cccc3ccc(-c4nnc5ccccn45)nc23)CCNCC1
292316,CSCC[C@H](NC(=O)[C@H](CC(N)=O)NC(=O)[C@@H](N)CO)C(=O)N[C@@H](Cc1ccccc1)C(=O)N[C@@H](C)C(=O)OCc1ccccc1
2001104,COc1cc2c(C)c(CC(=O)N3CCOCC3)c(=O)oc2c(C=O)c1O
291442,CNc1ncnc2c1c(-c1ccccc1)cn2-c1ccccc1
293505,CC(C)[C@@H](/C=C/[C@@H](Cc1ccccc1)C(=O)N[C@@H](C)C(=O)OCc1ccccc1)NC(=O)[C@H](CC(N)=O)NC(=O)[C@@H](N)CO
2002108,CCOc1ccc(/C=C2\SC(=S)N(CCN)C2=O)cc1
2002109,NCCN1C(=O)/C(=C/C=C/c2ccccc2)SC1=S
2002110,NCCN1C(=O)/C(=C/c2ccc3c(c2)OCO3)SC1=S
2002111,COc1ccc(/C=C2\SC(=S)N(CCN)C2=O)cc1OC
2002112,O=S1(=O)C=CC(OS(=O)(=O)c2ccccc2)C1
2002113,CCOc1ccc(/C=C2\SC(=S)N(CCNCc3ccc(C(=O)O)cc3)C2=O)cc1
2002114,CCOc1ccc(/C=C2\SC(=S)N(CCNc3nc(Cl)nc(Cl)n3)C2=O)cc1
2002115,CCOc1ccc(/C=C2\SC(=S)N(CCNc3nc(C)nc(Cl)n3)C2=O)cc1
282680,Nc1ncnc2nc(-c3ccc(N4CCOCC4)nc3)cc(C3CCCC3)c12
2003078,Cn1cc(-c2cccc(N3CCc4c(sc5c4CCCC5)C3=O)c2CO)cc(Nc2ccncn2)c1=O
2003079,Cn1cc(-c2cccc(N3CCc4c(sc5c4CC(C)(C)C5)C3=O)c2CO)cc(Nc2ccncn2)c1=O
2003083,Cn1cc(-c2cccc(N3CCn4c(cc5c4CCCC5)C3=O)c2CO)cc(Nc2ccncn2)c1=O
2003085,CN1CCN(c2ccc(Nc3cc(-c4cccc(N5CCn6c(cc7c6CCCC7)C5=O)c4CO)cn(C)c3=O)nc2)CC1
2003091,CN1CCN(c2ccc(Nc3cc(-c4cc(F)cc(N5CCn6c(cc7c6CCCC7)C5=O)c4CO)cn(C)c3=O)nc2)CC1
2003092,Cn1cc(-c2cc(F)cc(N3CCn4c(cc5c4CCCC5)C3=O)c2CO)cc(Nc2ccc(N3CCN(C4COC4)CC3)cn2)c1=O
2003137,Cn1cc(-c2cccc(N3CCc4c(sc5c4CC(C)(C)C5)C3=O)c2CO)cc(Nc2ccc(N3CCN(C4COC4)CC3)cn2)c1=O
293489,CC(C)[C@H](NC(=O)[C@H](CC(N)=O)NC(=O)[C@@H](N)CO)C(=O)N[C@@H](Cc1ccc(-c2ccccc2)cc1)C(=O)N[C@@H](C)C(=O)OCc1ccccc1
291365,CC(C)[C@H](NC(=O)[C@H](CC(N)=O)NC(=O)[C@@H](N)CO)C(=O)N[C@@H](Cc1ccccc1)C(=O)N[C@@H](C)C(=O)NCc1ccccc1
2005768,Cn1c(OC2CCCN(c3ccccc3)C2)nc(-c2ccncn2)cc1=O
2005769,COC(=O)N1CCCC(Oc2nc(-c3ccncn3)cc(=O)n2C)C1
2005770,Cn1c(OC2CCCN(c3ccccc3F)C2)nc(-c2ccncn2)cc1=O
2005771,Cn1c(OC2CCCN(c3cccc(F)c3)C2)nc(-c2ccncn2)cc1=O
2005772,Cn1c(OC2CCCN(c3ccc(F)cc3)C2)nc(-c2ccncn2)cc1=O
2005773,COc1cccc(N2CCCC(Oc3nc(-c4ccncn4)cc(=O)n3C)C2)c1
2005774,COc1ccc(N2CCCC(Oc3nc(-c4ccncn4)cc(=O)n3C)C2)cc1
2005775,Cn1c(OC2CCCN(c3ccccn3)C2)nc(-c2ccncn2)cc1=O
2005776,Cn1c(OC2CCCN(S(=O)(=O)c3ccccc3)C2)nc(-c2ccncn2)cc1=O
2005777,Cn1c(OC2CCN(C(=O)OCc3ccccc3)CC2)nc(-c2ccncn2)cc1=O
2005778,Cc1ccc(S(=O)(=O)N2CCC(Oc3nc(-c4ccncn4)cc(=O)n3C)CC2)cc1
2005779,Cn1c(OC2CCN(C(=O)Oc3ccccc3)CC2)nc(-c2ccncn2)cc1=O
2005780,Cn1c(OC2CCN(c3ccc(CN4CCN(C(=O)OC(C)(C)C)CC4)cc3)CC2)nc(-c2ccncn2)cc1=O
2005781,Cn1c(OC2CCN(c3ccc(CN4CCNCC4)cc3)CC2)nc(-c2ccncn2)cc1=O
2005782,CN1CCN(Cc2ccc(N3CCC(Oc4nc(-c5ccncn5)cc(=O)n4C)CC3)cc2)CC1
2005783,Cn1c(OC2CCNCC2)nc(-c2ccncc2F)cc1=O
2005784,Cn1c(OC2CCN(c3ccccc3)CC2)nc(-c2ccncn2)cc1=O
2005785,Cc1ccccc1N1CCC(Oc2nc(-c3ccncn3)cc(=O)n2C)CC1
2005786,Cn1c(OC2CCN(c3ccc(-c4ccncc4)cc3)CC2)nc(-c2ccncc2F)cc1=O
2005787,Cn1c(OC2CCN(c3ccc(N4CCNCC4)cc3)CC2)nc(-c2ccncn2)cc1=O
2005788,CN1CCN(c2ccc(N3CCC(Oc4nc(-c5ccncn5)cc(=O)n4C)CC3)cc2)CC1
2005789,CC(=O)N1CCN(c2ccc(N3CCC(Oc4nc(-c5ccncn5)cc(=O)n4C)CC3)cc2)CC1
2005790,Cn1c(OC2CCN(c3ccc(N4CCN(C(=O)OC(C)(C)C)CC4)cc3)CC2)nc(-c2ccncn2)cc1=O
2005791,CC(=O)N1CCN(Cc2ccc(N3CCC(Oc4nc(-c5ccncn5)cc(=O)n4C)CC3)cc2)CC1
2005792,Cn1c(OC2CCN(c3ccc(CN4CCOCC4)cc3)CC2)nc(-c2ccncn2)cc1=O
2005793,Cn1c(OC2CCN(c3ccc(CN4CCCCC4)cc3)CC2)nc(-c2ccncn2)cc1=O
2005794,Cn1c(OC2CCN(c3ccc(CN4CCCCC4)cc3)CC2)nc(-c2ccncc2)cc1=O
2005795,Cn1c(OC2CCN(c3ccc(CN4CCCCC4)cc3)CC2)nc(-c2ccncc2F)cc1=O
2005796,Cn1c(OC2CCN(c3ccc(CN4CCCC4)cc3)CC2)nc(-c2ccncn2)cc1=O
2005797,Cn1c(OC2CCN(c3ccc(CN4CCCC4=O)cc3)CC2)nc(-c2ccncc2F)cc1=O
2005798,Cn1c(OC2CCN(c3ccc(CN4Cc5ccccc5C4)cc3)CC2)nc(-c2ccncn2)cc1=O
2005799,CN(C)Cc1ccc(N2CCC(Oc3nc(-c4ccncn4)cc(=O)n3C)CC2)cc1
2005801,CN1CCN(Cc2cccc(N3CCC(Oc4nc(-c5ccncn5)cc(=O)n4C)CC3)c2)CC1
2005802,Cn1c(OC2CCN(c3ccc([N+](=O)[O-])s3)CC2)nc(-c2ccncn2)cc1=O
2005803,Cn1c(OC2CCN(c3cccnc3)CC2)nc(-c2ccncn2)cc1=O
2005804,Cn1c(OC2CCN(c3ccc4c(c3)CNC4)CC2)nc(-c2ccncn2)cc1=O
2005805,CN1Cc2ccc(N3CCC(Oc4nc(-c5ccncn5)cc(=O)n4C)CC3)cc2C1
2005806,Cn1c(OC2CCN(c3ccc4c(c3)CN(Cc3ccccc3)C4)CC2)nc(-c2ccncn2)cc1=O
2005807,Cn1c(OC2CCN(c3cncnc3)CC2)nc(-c2ccncc2F)cc1=O
2005808,CC(=O)N1Cc2ccc(N3CCC(Oc4nc(-c5ccncn5)cc(=O)n4C)CC3)cc2C1
2005809,Cn1c(OC2CCN(c3ccc(CN4CCCCC4)cc3)C2)nc(-c2ccncn2)cc1=O
2005810,Cn1c(OCC2CCN(c3ccc(CN4CCCCC4)cc3)CC2)nc(-c2ccncc2)cc1=O
2005811,Cn1c(OCC2CCN(c3ccc(CN4CCCCC4)cc3)CC2)nc(-c2ccncn2)cc1=O
2005812,Cn1c(OCC2CCN(c3ccc(CN4CCCCC4)cc3)CC2)nc(-c2ccncc2F)cc1=O
2005813,Cn1c(OC2CCN(c3ccccc3CN3CCOCC3)CC2)nc(-c2ccncn2)cc1=O
2005814,CN1CCN(Cc2ccccc2N2CCC(Oc3nc(-c4ccncn4)cc(=O)n3C)CC2)CC1
2005815,Cn1c(OC2CCN(c3ccccc3CN3CCCCC3)CC2)nc(-c2ccncn2)cc1=O
2005816,Cn1c(OC2CCN(c3ccccc3CN3Cc4ccccc4C3)CC2)nc(-c2ccncn2)cc1=O
2005817,CN(C)Cc1ccccc1N1CCC(Oc2nc(-c3ccncn3)cc(=O)n2C)CC1
2005818,Cn1c(OC2CCN(c3ccc4c(c3)COC(=O)N4)CC2)nc(-c2ccncn2)cc1=O
2005819,Cn1c(OC2CCN(CCC3CCNCC3)CC2)nc(-c2ccncn2)cc1=O
2005820,Cn1c(OC2CCN(CCC3CCN(Cc4ccccc4)CC3)CC2)nc(-c2ccncn2)cc1=O
2005821,CN1CCC(CCN2CCC(Oc3nc(-c4ccncn4)cc(=O)n3C)CC2)CC1
2005822,Cn1c(OC2CCN(Cc3ccccc3)CC2)nc(-c2ccncn2)cc1=O
2005823,CN1CCC(N2CCC(Oc3nc(-c4ccncn4)cc(=O)n3C)CC2)CC1
2005824,CN(C)Cc1ccc(C(=O)N2CCC(Oc3nc(-c4ccncn4)cc(=O)n3C)CC2)cc1
2005825,Cn1c(OC2CCCN(c3ccc(C#N)cc3)CC2)nc(-c2ccncn2)cc1=O
2005826,CC1CCCCC1Oc1nc(-c2ccncn2)cc(=O)n1C
2005827,Cn1c(OC2CCCCC2)nc(-c2ccncn2)cc1=O
2005828,CCC1CCCCC1Oc1nc(-c2ccncn2)cc(=O)n1C
2005829,Cn1c(OC2CCCC2)nc(-c2ccncn2)cc1=O
2005830,Cn1c(OCCOc2ccccc2)nc(-c2ccncc2)cc1=O
2005831,Cn1c(OCCSc2ccccc2)nc(-c2ccncc2)cc1=O
2005832,Cn1c(OCCNc2ccccc2)nc(-c2ccncc2)cc1=O
2005833,CCN(CCOc1nc(-c2ccncc2F)cc(=O)n1C)c1cccc(C)c1
2005834,CCN(CCOc1nc(-c2ccncn2)cc(=O)n1C)c1cccc(C)c1
2005835,Cn1c(OCCCc2cccnc2)nc(-c2ccncn2)cc1=O
2005836,Cn1c(O[C@H]2CC[C@H](c3ccc(CO)cc3)CC2)nc(-c2ccncn2)cc1=O
2005837,Cn1c(O[C@H]2CC[C@@H](c3ccc(CO)cc3)CC2)nc(-c2ccncn2)cc1=O
2005838,CN1CCN(Cc2ccc([C@H]3CC[C@H](Oc4nc(-c5ccncn5)cc(=O)n4C)CC3)cc2)CC1
2005839,CN1CCN(Cc2ccc([C@H]3CC[C@@H](Oc4nc(-c5ccncn5)cc(=O)n4C)CC3)cc2)CC1
2005840,CCCCCCc1ccc(Oc2nc(-c3ccncn3)cc(=O)n2C)cc1
2005841,CCCCCCOc1nc(-c2ccncc2)cc(=O)n1C
2005842,Cn1c(O[C@H]2C[C@H]3CC[C@@H](C2)N3)nc(-c2ccncn2)cc1=O
2005843,Cn1c(O[C@H]2C[C@H]3CC[C@@H](C2)N3c2ccc(F)cc2)nc(-c2ccncn2)cc1=O
2005844,Cn1c(OC[C@H]2CCCN2C(=O)Oc2ccccc2)nc(-c2ccncn2)cc1=O
2005845,Cn1c(OC[C@H]2CCCN2c2ccc(F)cc2)nc(-c2ccncn2)cc1=O
2005846,Cn1c(OC[C@H]2CCCN2c2ccc(F)cc2)nc(-c2ccncc2F)cc1=O
2005847,Cn1c(OC[C@@H]2CCCN2c2ccc(F)cc2)nc(-c2ccncn2)cc1=O
2005848,Cn1c(OC[C@@H]2CCCN2c2ccc(F)cc2)nc(-c2ccncc2F)cc1=O
2005849,Cn1c(OC[C@H]2CCN(c3ccsc3)C2)nc(-c2ccncc2F)cc1=O
2005850,Cn1c(OC[C@H]2CCN(c3ccsc3)C2)nc(-c2ccncn2)cc1=O
2005851,Cn1c(OC[C@@H]2CCN(c3ccsc3)C2)nc(-c2ccncc2F)cc1=O
2005852,Cn1c(OC[C@H]2CCN(c3ccccc3)C2)nc(-c2ccncn2)cc1=O
2005853,Cn1c(OC[C@H]2CCN(c3ccccc3)C2)nc(-c2ccncc2F)cc1=O
2005854,Cn1c(OC[C@@H]2CCN(c3ccccc3)C2)nc(-c2ccncc2F)cc1=O
2005855,Cn1c(OCC(=O)c2ccccc2)nc(-c2ccncn2)cc1=O
2005856,Cn1c(OCCc2ccccc2)nc(-c2ccncn2)cc1=O
2005857,Cn1c(OCC(=O)c2ccc(Br)cc2)nc(-c2ccncc2F)cc1=O
2005858,Cn1c(OCC(=O)c2ccc(Br)cc2)nc(-c2ccncc2)cc1=O
2005859,Cn1c(OCC(=O)c2ccc(Br)cc2)nc(-c2ccncn2)cc1=O
2005860,Cn1c(OCCc2ccc(CN3CCCCC3)cc2)nc(-c2ccncc2)cc1=O
2005861,CN(C)Cc1ccc(CCOc2nc(-c3ccncc3)cc(=O)n2C)cc1
2005862,Cn1c(OCC2(c3ccccc3)OCCO2)nc(-c2ccncn2)cc1=O
2005863,Cn1c(OCC(OC2CCCCO2)c2ccccc2)nc(-c2ccncn2)cc1=O
2005864,Cn1c(OC2CCN(c3cccc(CN4CCCCC4)c3)CC2)nc(-c2ccncn2)cc1=O
289674,Nc1ncnc2c1c(-c1ccccc1)cn2-c1ccc(CO)cc1
2007626,CCCCCCCC(=O)O[C@H]1/C(=C/C(=O)OC)C[C@H]2C[C@H](CO)OC(=O)C[C@H](O)CCO[C@H](c3ccccc3)C[C@@H]3CCO[C@H](/C=C/C(C)(C)[C@]1(O)O2)O3
2007627,CCCCCCCC(=O)O[C@H]1/C(=C/C(=O)OC)C[C@H]2C[C@H](CO)OC(=O)C[C@H](O)CCO[C@H](c3ccc(Br)cc3)C[C@@H]3CCO[C@H](/C=C/C(C)(C)[C@]1(O)O2)O3
2007628,CCCCCCCC(=O)O[C@H]1/C(=C/C(=O)OC)C[C@H]2C[C@H](CO)OC(=O)C[C@H](O)CCO[C@H](c3ccc(-c4ccccc4)cc3)C[C@@H]3CCO[C@H](/C=C/C(C)(C)[C@]1(O)O2)O3
2007629,CCCCCCCC(=O)O[C@H]1/C(=C/C(=O)OC)C[C@H]2C[C@H](CO)OC(=O)C[C@H](O)CCO[C@H](c3ccc(CCCOCCOCC)cc3)C[C@@H]3CCO[C@H](/C=C/C(C)(C)[C@]1(O)O2)O3
2007630,CCCCCC/C=C/c1ccc([C@@H]2C[C@@H]3CCO[C@H](/C=C/C(C)(C)[C@]4(O)O[C@@H](C/C(=C\C(=O)OC)[C@@H]4OC(=O)CCCCCCC)C[C@H](CO)OC(=O)C[C@H](O)CCO2)O3)cc1
2007631,CCCCCCCCCCCC/C=C/c1ccc([C@@H]2C[C@@H]3CCO[C@H](/C=C/C(C)(C)[C@]4(O)O[C@@H](C/C(=C\C(=O)OC)[C@@H]4OC(=O)CCCCCCC)C[C@H](CO)OC(=O)C[C@H](O)CCO2)O3)cc1
290760,CC(C)[C@H](NC(=O)[C@H](CC(N)=O)NC(=O)[C@@H](N)[C@@H](C)O)C(=O)N[C@@H](Cc1ccccc1)C(=O)N[C@@H](C)C(=O)OCc1ccccc1
292317,CC(C)[C@H](NC(=O)[C@H](C)NC(=O)[C@@H](N)CO)C(=O)N[C@@H](Cc1ccccc1)C(=O)N[C@@H](C)C(=O)OCc1ccccc1
294229,CN1CCN(CCCNc2ncc3cc(-c4c(Cl)cccc4Cl)c(NS(=O)(=O)c4ccccc4)nc3n2)CC1
2015030,NC[C@H]1O[C@@H](n2c(SCC(=O)NC[C@H]3O[C@@H](n4cnc5c(N)ncnc54)[C@@H](O)C3O)nc3c(N)ncnc32)[C@@H](O)C1O
2015031,Nc1ncnc2c1ncn2[C@@H]1O[C@H](CNCC#Cc2nc3c(N)ncnc3n2[C@@H]2O[C@H](CO)C(O)[C@@H]2O)C(O)[C@@H]1O
2015032,Nc1ncnc2c1ncn2[C@@H]1O[C@H](COCC#Cc2nc3c(N)ncnc3n2[C@@H]2O[C@H](CO)C(O)[C@@H]2O)C(O)[C@@H]1O
282613,Nc1ncnc2nc(-c3ccc(N4CCOCC4)nc3)cc(-c3ccccc3Br)c12
299309,COc1cc2nccc(Oc3ccc(NC(=O)Nc4ccccc4)cc3)c2cc1OC
293504,CC(C)[C@H](NC(=O)[C@H](CC(N)=O)NC(=O)[C@@H](N)CO)C(=O)N[C@H](/C=C/[C@@H](C)COCc1ccccc1)Cc1ccccc1
289467,C[C@H](NC(=O)[C@H](Cc1ccccc1)NC(=O)[C@H](Cc1ccccc1)NC(=O)[C@H](CC(N)=O)NC(=O)[C@@H](N)CO)C(=O)OCc1ccccc1
296926,CN(C)CCCn1nc(C2=C(c3cn(-c4cccnc4)c4ccccc34)C(=O)NC2=O)c2ccccc21
52674,Cc1ccc(Nc2nc(O)c3[nH]cnc3n2)cc1
296900,CN(C)CCCn1nc(C2=C(c3cn(-c4ccc5ccccc5c4)c4ccccc34)C(=O)NC2=O)c2ccccc21
52976,CCSCc1ccc2c(c1)c1c3c(c4c5ccccc5n5c4c1n2[C@H]1C[C@](O)(C(=O)OC)[C@]5(C)O1)CNC3=O
289972,CC(C)[C@H](NC(=O)[C@H](CC(N)=O)NC(=O)[C@@H](N)CO)C(=O)N[C@@H](Cc1ccc(O)cc1)C(=O)N[C@@H](C)C(=O)OCc1ccccc1
289306,CCOC(=O)c1ccc(-c2cn(-c3ccccc3)c3ncnc(N)c23)cc1
292819,CC(C)[C@@H](NC(=O)[C@@H](CC(N)=O)NC(=O)[C@H](N)CO)C(=O)N[C@H](Cc1ccccc1)C(=O)N[C@H](C)C(=O)OCc1ccccc1
305277,O=Nc1c(-c2c(O)[nH]c3ccc([N+](=O)[O-])cc23)[nH]c2ccccc12
305612,CC(=O)N[C@@H]1CSC(=O)[C@H](Cc2ccccc2)NC(=O)[C@@H](CC(C)C)NC(=O)[C@H](CO)NC(=O)[C@@H](CO)NC1=O
2032428,CCNC(=O)C#Cc1ccc2c(c1)NC(=O)/C2=C(\Nc1ccc(N2CCN(C)CC2)cc1)c1ccccc1
2032429,CN(C)Cc1ccc(N/C(=C2\C(=O)Nc3cc(C#CC(=O)NCC(F)F)ccc32)c2ccccc2)cc1
2032430,O=C(C#Cc1ccc2c(c1)NC(=O)/C2=C(\Nc1ccc(CN2CCCC2)cc1)c1ccccc1)NCC(F)F
2032431,O=C(C#Cc1ccc2c(c1)NC(=O)/C2=C(\Nc1ccc(CN2CCCC2)cc1)c1ccccc1)NCCF
2032432,CCNC(=O)C#Cc1ccc2c(c1)NC(=O)/C2=C(\Nc1ccc(CN2CCCC2)cc1)c1ccccc1
2032433,CCNC(=O)C#Cc1ccc2c(c1)NC(=O)/C2=C(\Nc1ccc(CN(C)C)cc1)c1ccccc1
334536,COc1ccc(C#CC(C)(C)O)cc1-c1[nH]nc2nc(Nc3ccc(F)cc3F)cnc12
320060,CN1CCC(c2cc(-c3ccncc3)c(-c3nccs3)[nH]2)CC1
320184,NCCCN1CCC(c2cc(-c3ccncc3)c(-c3ccc(F)cc3)[nH]2)CC1
324152,COc1cc(OC)cc(-c2cc3cnc(N(CCCCCOCc4ccccc4)C(C)=O)cc3nc2NC(=O)NC(C)(C)C)c1
2037041,Cc1cc(-c2n[nH]c3cc(NC(=O)NC4CCCNC4)ncc23)ccn1
2037042,COc1cccc(F)c1CN1CCC[C@H](NC(=O)Nc2cc3[nH]nc(-c4ccnc(C)c4)c3cn2)C1
2037043,COc1cccc(F)c1CN1CCCC(NC(=O)Nc2cc3[nH]nc(-c4ccnc(C)c4)c3cn2)C1
2037044,Cc1cc(-c2n[nH]c3cc(NC(=O)NCCc4ccccc4)ncc23)ccn1
2037045,Cc1cc(-c2n[nH]c3cc(NC(=O)N[C@@H](C)c4ccccc4)ncc23)ccn1
2037046,Cc1cc(-c2n[nH]c3cc(NC(=O)NCc4ccc(Cl)c(Cl)c4)ncc23)ccn1
2037047,Cc1cc(-c2n[nH]c3cc(NC(=O)NC(CO)c4ccccc4)ncc23)ccn1
2037048,Cc1cc(-c2n[nH]c3cc(NC(=O)N[C@@H](C)c4ccc(F)cc4)ncc23)ccn1
2037049,Cc1cc(-c2n[nH]c3cc(NC(=O)NCc4ccncc4)ncc23)ccn1
2037050,Cc1cc(-c2n[nH]c3cc(NC(=O)NCc4nnc(C)o4)ncc23)ccn1
2037051,Cc1cc(-c2n[nH]c3cc(NC(=O)NCc4cccnc4)ncc23)ccn1
317988,CNc1nccc(/C(C#N)=C2\Nc3ccccc3S2)n1
317894,COc1ccc(CCNc2nccc(/C(C#N)=C3\Nc4ccccc4S3)n2)cc1
329223,O=P(O)(O)C(Nc1cccc(Br)c1)P(=O)(O)O
334686,COc1ccc(C#CC(C)(C)N)cc1-c1[nH]nc2nc(Nc3ccc(F)cc3F)ncc12
330206,CC(=O)N1C[C@H](O)CC1CN1CCC(c2cc(-c3ccncc3)c(-c3ccc(F)cc3)[nH]2)CC1
317856,N#C/C(=C1/Nc2ccccc2S1)c1ccnc(NCCCn2cccn2)n1
318161,N#C/C(=C1/Nc2ccccc2S1)c1ccnc(NCCN2CCOCC2)n1
318012,N#C/C(=C1/Nc2ccccc2S1)c1ccnc(NCCc2ccccc2)n1
317829,CNCCCN(C)c1nccc(/C(C#N)=C2\Nc3ccccc3S2)n1
318016,Cn1cncc1CCNc1nccc(/C(C#N)=C2\Nc3ccccc3S2)n1
330198,CC(O)[C@H](C)N1CCC(c2cc(-c3ccncc3)c(-c3ccc(F)cc3)[nH]2)CC1
330249,CC(C)OCC(O)CN1CCC(c2cc(-c3ccncc3)c(-c3ccc(F)cc3)[nH]2)CC1
316695,COc1ccc(-c2c(C)n[nH]c2-c2cc(Cl)c(O)cc2O)cc1
55792,COc1ccc(/C=C/c2ccc3ccc(C(=O)O)c(O)c3n2)cc1O
2040655,C[C@H](N)c1nc(-c2ccc(N3CCN(c4nc(-c5ccncc5)cc(=O)n4C)[C@H](C)C3)cc2)no1
2040649,COc1ccccc1N1C[C@@H]2CN(c3nc(-c4ccncc4F)cc(=O)n3C)C[C@@H]2C1
2042203,Cc1cn(Cc2ccc(CSCC(=O)O)cc2)c(=O)[nH]c1=O
2040499,CCOCCCn1c(=S)[nH]c2cc(C(=O)NCC3COc4ccccc4O3)ccc2c1=O
2042204,Cc1cn(Cc2ccc(CCCC=O)c(F)c2)c(=O)[nH]c1=O
2040646,Cn1c(N2CCO[C@H]3CCCC[C@@H]32)nc(-c2ccncn2)cc1=O
2040650,COc1cccc(N[C@@H]2CCN(c3nc(-c4ccncn4)cc(=O)n3C)C2)c1
2040654,C[C@@H]1CN(C(=O)c2ccc(N(C)C)cc2)CCN1c1nc(-c2ccncn2)cc(=O)n1C
2040653,C[C@@H]1CN(c2ncccn2)CCN1c1nc(-c2ccncc2F)cc(=O)n1C
2042205,Cc1cn(Cc2ccc(CCCC(=O)O)c(F)c2)c(=O)[nH]c1=O
2040648,Cl.Cl.Cn1c(N2CCN3CCc4ccccc4C3C2)nc(-c2ccncc2)cc1=O
2040645,Cn1c(N2CCO[C@H]3c4ccccc4OC[C@H]32)nc(-c2ccncn2)cc1=O
2040642,Cn1c(N2CC3CCC2C(c2ccccc2)C3)nc(-c2ccncc2)cc1=O
2040644,COc1ccc2c(c1)CC[C@H]1[C@H]2OCCN1c1nc(-c2ccncc2F)cc(=O)n1C
334374,COc1ccc(C(=O)NC2CCCC2)cc1-c1[nH]nc2nc(Nc3ccc(F)cc3F)ccc12
2040643,COc1ccccc1NC1CC2CCC(C1)N2c1nc(-c2ccncc2F)cc(=O)n1C
2040647,Cn1c(N2C3CCCC2CC3)nc(-c2ccncc2F)cc1=O
2042200,COC(=O)CCCc1ccc(Cn2cc(C)c(=O)[nH]c2=O)cc1
2040595,COc1cccc2c1CC[C@@H]1[C@H]2OCCN1c1nc(-c2ccncc2)cc(=O)n1C
319366,Cc1cc(-c2cc(C3CCN(C)CC3)[nH]c2-c2ccc(F)cc2)ccn1
2040651,Cn1c(N2CCCC2Cc2ccccc2)nc(-c2ccncc2F)cc1=O
2040641,Cn1c(N2CCO[C@H]3c4ccccc4CC[C@@H]32)nc(-c2ccncc2F)cc1=O
2040652,C[C@@H]1CN(c2ccccc2)CCN1c1nc(-c2ccncn2)cc(=O)n1C
318127,CCCNc1nccc(/C(C#N)=C2\Nc3ccccc3S2)n1
320137,CN1CCC(c2cc(-c3ccncc3)c(-c3cccc(F)c3)[nH]2)CC1
330183,CC(O)[C@@H](CO)N1CCC(c2cc(-c3ccncc3)c(-c3ccc(F)cc3)[nH]2)CC1
322773,OCCCCn1cnc2c(O)nc(Oc3ccccc3)nc21
319782,CCN1CCC(c2cc(-c3ccncc3)c(-c3ccc(F)cc3)[nH]2)CC1
318183,N#C/C(=C1/Nc2ccccc2S1)c1ccnc(NCCc2ccc(N)cc2)n1
2044475,CC(=O)N1CCC(Oc2ccc([C@H]3CN(c4nc(-c5ccncc5F)cc(=O)n4C)CCO3)cc2)CC1
2044343,CN(c1ccc([C@H]2CN(c3nc(-c4ccncc4F)cc(=O)n3C)CCO2)cc1)[C@@H]1CCOC1
2044490,CN(C)CC(=O)Nc1ccc([C@H]2CN(c3nc(-c4ccncc4F)cc(=O)n3C)CCO2)cc1
2044346,Cl.Cl.Cl.Cn1c(N2CCO[C@@H](c3ccc(OCCN4CCOCC4)cc3)C2)nc(-c2ccncc2F)cc1=O
2044531,CN(C)C(=O)Nc1ccc([C@H]2CN(c3nc(-c4ccncc4F)cc(=O)n3C)CCO2)cc1
2044512,COc1ccc(-c2ccc([C@H]3CN(c4nc(-c5ccncc5F)cc(=O)n4C)CCN3)cc2)cc1.Cl.Cl
2044334,CN(c1ccc([C@H]2CN(c3nc(-c4ccncc4F)cc(=O)n3C)CCO2)cc1)c1ccccn1
317957,N#C/C(=C1/Nc2ccccc2S1)c1cccc(Cl)n1
2044528,COC(=O)Nc1ccc([C@H]2CN(c3nc(-c4ccncc4F)cc(=O)n3C)CCO2)cc1
2044288,COc1ccc(NC(C)=O)cc1[C@H]1CN(c2nc(-c3ccncc3F)cc(=O)n2C)CCO1
2044421,Cn1c(N2CCO[C@@H](c3c(F)cccc3Cl)C2)nc(-c2ccncc2F)cc1=O
2044342,Cn1c(N2CCO[C@@H](c3ccc(N[C@@H]4CCOC4)cc3)C2)nc(-c2ccncc2F)cc1=O
330204,CC(=O)OCCN1CCC(c2cc(-c3ccncc3)c(-c3ccc(F)cc3)[nH]2)CC1
2044289,CC(=O)Nc1cccc([C@H]2CN(c3nc(-c4ccncc4F)cc(=O)n3C)CCO2)c1
2044297,Cn1c(N2CCN[C@@H](c3ccc(-c4ncon4)cc3)C2)nc(-c2ccncc2F)cc1=O
2044332,Cc1cc(C2CN(c3nc(-c4ccncc4F)cc(=O)n3C)CCO2)ccc1Br
2044392,Cl.Cl.Cl.Cl.Cn1c(N2CCN[C@@H](c3ccc(N4CCN(c5ccccc5)CC4)cc3)C2)nc(-c2ccncc2F)cc1=O
318089,N#C/C(=C1/Nc2ccccc2S1)c1ccnc(NCCc2ccc(O)cc2)n1
2044276,Cn1c(N2CCO[C@@H](c3ccc(N)cc3)C2)nc(-c2ccncc2F)cc1=O
2044549,CC(C)Oc1ccc(-c2ccc([C@H]3CN(c4nc(-c5ccncc5F)cc(=O)n4C)CCN3)cc2)cc1
2044337,Cn1c(N2CCO[C@@H](c3ccc(NC(=O)C(C)(C)C)cc3)C2)nc(-c2ccncc2F)cc1=O
2044420,Cn1c(N2CCO[C@@H](c3cc4ccccc4o3)C2)nc(-c2ccncc2F)cc1=O
2044503,Cn1c(N2CCO[C@@H](c3ccc(N4CCC(N5CCCC5)CC4)cc3)C2)nc(-c2ccncc2F)cc1=O
2044430,Cl.Cl.Cl.Cn1c(N2CCN[C@@H](c3ccc(N4CCCCC4)cc3)C2)nc(-c2ccncc2F)cc1=O
2048944,COc1cc(-c2ccc3ncc(-c4cccnc4)n3n2)cc(OC)c1OC
2044255,Cn1c(N2CCOC(c3ccc4c(c3)CCC(=O)N4)C2)nc(-c2ccncc2F)cc1=O
2044300,Cc1nc(-c2ccc([C@H]3CN(c4nc(-c5ccncc5F)cc(=O)n4C)CCN3)cc2)no1
2044331,Cn1c(N2CCO[C@@H](c3ccc(NC(=O)C4CCCCC4)cc3)C2)nc(-c2ccncc2F)cc1=O
319727,CN1CCC(c2cc(-c3ccncc3)c(-c3ccc(F)c(Br)c3)[nH]2)CC1
2044285,Cn1c(N2CCO[C@@H](c3ccc(C(=O)N4CCOCC4)cc3)C2)nc(-c2ccncc2F)cc1=O
368617,CNCc1ccn2c(-c3ccnc([C@@H](C)c4ccccc4)n3)c(-c3ccc(F)cc3)nc2c1
2050711,CC(C)C[C@@H]1NC(=O)[C@H](Cc2ccc(O)cc2)NC(=O)[C@H](CCCNC(=N)N)NC(=O)[C@H](CO)NC(=O)[C@H](Cc2ccc(O)cc2)NC(=O)[C@H](C)NC(=O)[C@@H]2CCCN2C(=O)[C@@H](N)CSSC[C@@H](C(=O)O)NC(=O)[C@H](CC(=O)O)NC1=O
2052064,CN1CCN(c2ccc3nc(-c4ccc(C(=O)N5CCOCC5)cc4)c(-c4ccncc4)n3n2)CC1
352814,CCC(=O)Nc1nc(C)c(-c2csc(Nc3cccc(C(=O)O)c3)n2)s1
2052067,CN1CCN(c2ccc3nc(-c4cccc5c4OCO5)c(-c4ccccc4)n3n2)CC1
2052055,CN1CCN(c2ccc3nc(-c4ccc5ncsc5c4)c(-c4ccncc4)n3n2)CC1
2052059,CN1CCN(c2ccc3nc(-c4ccc(-c5ccccc5)cc4)c(-c4ccncc4)n3n2)CC1
2052066,CN1CCN(c2ccc3nc(-c4cccc5c4OCO5)c(-c4cccnc4)n3n2)CC1
2050712,CC(C)C[C@@H]1NC(=O)[C@H](Cc2ccc(O)cc2)NC(=O)[C@H](CC2CCN(C(=N)N)CC2)NC(=O)[C@H](CO)NC(=O)[C@H](Cc2ccc(O)cc2)NC(=O)[C@H](C)NC(=O)[C@@H]2CCCN2C(=O)[C@@H](N)CSSC[C@@H](C(=O)O)NC(=O)[C@H](CC(=O)O)NC1=O
2052051,CN1CCN(c2ccc3nc(-c4cccc5c4OCO5)c(-c4ccncc4)n3n2)CC1
2052070,CN1CCN(c2ccc3nc(-c4cccc5c4OCO5)c(-c4ccncc4)n3c2)CC1
2052068,c1cc2c(c(-c3nc4cccnn4c3-c3ccncc3)c1)OCO2
2052062,CN1CCN(c2ccc3nc(-c4cccc(-c5ccsc5)c4)c(-c4ccncc4)n3n2)CC1
2052065,CN1CCN(c2ccc3nc(-c4cccc(C(=O)N5CCOCC5)c4)c(-c4ccncc4)n3n2)CC1
2052054,CN1CCN(c2ccc3nc(-c4ccc5c(c4)OCCO5)c(-c4ccncc4)n3n2)CC1
2052056,CN1CCN(c2ccc3nc(-c4cccc5ccccc45)c(-c4ccncc4)n3n2)CC1
2052058,CCOc1ccc2c(-c3nc4ccc(N5CCN(C)CC5)nn4c3-c3ccncc3)cccc2c1
2052053,CN1CCN(c2ccc3nc(-c4cccc5c4OCCO5)c(-c4ccncc4)n3n2)CC1
2052052,CN1CCN(c2ccc3nc(-c4ccc5c(c4)OCO5)c(-c4ccncc4)n3n2)CC1
2051999,CC1(C)c2cc(C3CCN(CC4CCOCC4)CC3)ccc2C(=O)c2c1[nH]c1cc(C#N)ccc21
2052061,CN1CCN(c2ccc3nc(-c4cccc(-c5cccs5)c4)c(-c4ccncc4)n3n2)CC1
2052050,COc1cccc(-c2nc3ccc(N4CCN(C)CC4)nn3c2-c2ccncc2)c1
2052057,COc1ccc2c(-c3nc4ccc(N5CCN(C)CC5)nn4c3-c3ccncc3)cccc2c1
2052063,CN1CCN(c2ccc3nc(-c4ccc(-c5ccccc5)s4)c(-c4ccncc4)n3n2)CC1
2052060,CN1CCN(c2ccc3nc(-c4cccc(-c5ccccc5)c4)c(-c4ccncc4)n3n2)CC1
371751,O=C(Nc1ccc(C(=O)c2ccccc2)cc1)c1ccc(-c2ccc(C(=O)O)o2)cc1
353147,O=Nc1c(-c2c(O)[nH]c3c(Br)cccc23)[nH]c2ccccc12
372540,CSc1cn([C@H]2C[C@H](O)[C@@H](CO)O2)c(=O)[nH]c1=O
373058,Brc1c(Br)c(Br)c2[nH]cnc2c1Br
365209,Cc1cn(C/C=C\COC(c2ccccc2)(c2ccccc2)c2ccc(Cl)cc2)c(=O)[nH]c1=O
365210,Cc1cn(C/C=C\COC(c2ccccc2)(c2ccccc2)c2ccncc2)c(=O)[nH]c1=O
365173,Cc1cn(CCCCCCCCOC(c2ccccc2)(c2ccccc2)c2ccccc2)c(=O)[nH]c1=O
365460,CC1=C(C(=O)Nc2ccc3[nH]ncc3c2)C(c2ccc(Cl)c(Cl)c2)CC(=O)N1
2055723,C[C@@](O)(c1ccnc(-c2cccc3cc([C@H](NS(=O)(=O)C4CC4)c4ccccc4Cl)sc23)c1)C(F)(F)F
2055727,CC(C)(O)c1ccnc(-c2cccc3cc([C@H](NS(=O)(=O)C4CC4)c4nc(N)ccc4Cl)sc23)c1
2057455,CN1CCn2nc(Nc3cc(-c4ccc(F)c(NC(=O)c5cc6ccccc6s5)c4F)n[nH]c3=O)cc2C1
2055730,CC(C)(O)c1ccnc(-c2cccc3cc([C@H](NS(=O)(=O)C4CC4)c4nc(N)ncc4Cl)sc23)c1
2055539,CN1CCn2nc(Nc3cc(-c4ccc(F)c(NC(=O)c5cc6ccccc6s5)c4)n[nH]c3=O)cc2C1
2057453,Cc1c(NC(=O)c2cc3ccccc3s2)cccc1-c1cc(Nc2cc3n(n2)CCN(C)C3)c(=O)[nH]n1
2055731,CC(C)(O)c1ccnc(-c2cccc3cc([C@H](NS(=O)(=O)C4CC4)c4c(Cl)cnc(N)c4F)sc23)c1
2057454,Cc1c(-c2cc(Nc3cc4n(n3)CCN(C)C4)c(=O)[nH]n2)ccc(F)c1NC(=O)c1cc2ccccc2s1
2055725,CC(C)(O)c1ccnc(-c2cccc3cc([C@H](NS(=O)(=O)C4CC4)c4ccccc4Cl)sc23)c1
2055543,Cc1c(-c2cc(Nc3cc4n(n3)CCN(C)C4)c(=O)[nH]n2)ccc(F)c1NC(=O)c1cnc(C(C)(C)C)cn1
2055728,CC(C)(O)c1ccnc(-c2cccc3cc([C@H](NS(=O)(=O)C4CC4)c4nc(N)c(F)cc4Cl)sc23)c1
2055729,CC(C)(O)c1ccnc(-c2cccc3cc([C@H](NS(=O)(=O)C4CC4)c4cc(N)ncc4Cl)sc23)c1
2055540,Cc1c(-c2cc(Nc3cc4n(n3)CCN(C)C4)c(=O)[nH]n2)ccc(F)c1NC(=O)c1cc2ncccc2s1
2057456,Cc1ccc(-c2cc(Nc3cc4n(n3)CCN(C)C4)c(=O)[nH]n2)c(C)c1NC(=O)c1cc2ccccc2s1
2055538,Cc1ccc(-c2cc(Nc3cc4n(n3)CCN(C)C4)c(=O)[nH]n2)c(F)c1NC(=O)c1cc2ccccc2s1
2055541,Cc1c(-c2cc(Nc3cc4n(n3)CCN(C)C4)c(=O)[nH]n2)ccc(F)c1NC(=O)c1cc2cccnc2s1
2055726,CC(C)(O)c1ccnc(-c2cccc3cc([C@H](NS(=O)(=O)C4CC4)c4c(F)cccc4Cl)sc23)c1
2055542,Cc1c(-c2cc(Nc3cc4n(n3)CCN(C)C4)c(=O)[nH]n2)ccc(F)c1NC(=O)c1ccc(C(C)(C)C)cc1
2055724,C[C@](O)(c1ccnc(-c2cccc3cc([C@H](NS(=O)(=O)C4CC4)c4ccccc4Cl)sc23)c1)C(F)(F)F
369768,O=c1nc2oc(-c3cccc(O)c3)cc2cn1[C@H]1C[C@H](O)[C@@H](CO)O1
2059494,COc1cccc2c(/C(C#N)=C/c3cccnc3)c[nH]c12
2058008,C(=N/OCc1ccccc1)\c1cn(-c2ccccc2)nc1-c1ccccc1
2058009,Fc1ccccc1CO/N=C/c1cn(-c2ccccc2)nc1-c1ccccc1
2058025,Fc1ccccc1CO/N=C/c1cn(-c2ccccc2)nc1-c1ccc(Cl)cc1
2058016,COc1ccc(-c2nn(-c3ccccc3)cc2/C=N/OCc2ccccc2)cc1
2058022,Fc1ccc(-c2nn(-c3ccccc3)cc2/C=N/OCc2ccccc2Cl)cc1
2058020,Fc1ccc(-c2nn(-c3ccccc3)cc2/C=N/OCc2ccccc2)cc1
2058011,Clc1ccc(CO/N=C/c2cn(-c3ccccc3)nc2-c2ccccc2)c(Cl)c1
2058010,Clc1ccccc1CO/N=C/c1cn(-c2ccccc2)nc1-c1ccccc1
2058023,Fc1ccc(-c2nn(-c3ccccc3)cc2/C=N/OCc2ccc(Cl)cc2Cl)cc1
52325,CCCSCc1ccc2c(c1)c1c3c(c4c5cc(CSCCC)ccc5n5c4c1n2[C@H]1C[C@](O)(C(=O)OC)[C@]5(C)O1)CNC3=O
2058014,Cc1ccc(-c2nn(-c3ccccc3)cc2/C=N/OCc2ccccc2Cl)cc1
2058017,COc1ccc(-c2nn(-c3ccccc3)cc2/C=N/OCc2ccccc2F)cc1
2059495,N#C/C(=C\c1cccnc1)c1c[nH]c2ncccc12
2058026,Clc1ccc(-c2nn(-c3ccccc3)cc2/C=N/OCc2ccccc2Cl)cc1
2059493,COc1cccc2[nH]cc(/C(C#N)=C/c3cccnc3)c12
2058024,Clc1ccc(-c2nn(-c3ccccc3)cc2/C=N/OCc2ccccc2)cc1
2058019,COc1ccc(-c2nn(-c3ccccc3)cc2/C=N/OCc2ccc(Cl)cc2Cl)cc1
2059474,N#C/C(=C\c1cccnc1)c1c[nH]c2ccccc12
2059492,COc1ccc2c(/C(C#N)=C/c3cccnc3)c[nH]c2c1
2058027,Clc1ccc(-c2nn(-c3ccccc3)cc2/C=N/OCc2ccc(Cl)cc2Cl)cc1
2058021,Fc1ccc(-c2nn(-c3ccccc3)cc2/C=N/OCc2ccccc2F)cc1
2058015,Cc1ccc(-c2nn(-c3ccccc3)cc2/C=N/OCc2ccc(Cl)cc2Cl)cc1
2058018,COc1ccc(-c2nn(-c3ccccc3)cc2/C=N/OCc2ccccc2Cl)cc1
2058013,Cc1ccc(-c2nn(-c3ccccc3)cc2/C=N/OCc2ccccc2F)cc1
2059490,COc1ccc2[nH]cc(/C(C#N)=C/c3cccnc3)c2c1
2058012,Cc1ccc(-c2nn(-c3ccccc3)cc2/C=N/OCc2ccccc2)cc1
372331,OC[C@H]1O[C@@H](n2cnc3cc(Cl)c(Cl)cc32)[C@H](O)[C@@H]1O
372831,Cc1cn([C@@H]2O[C@H](CO)[C@H]3CNC(=S)O[C@H]32)c(=O)[nH]c1=O
368516,CC(=O)NCc1ccn2c(-c3ccnc([C@@H](C)c4ccccc4)n3)c(-c3ccc(F)cc3)nc2c1
353177,Cn1c(O)c(C2=Nc3ccccc3C2=O)c2cccc(Br)c21
2068950,CN1CCN(CCCOc2ccc(N3C(=O)/C(=C/c4ccc(Oc5ccc(N)cc5)cc4)SC3=S)cc2)CC1
2069802,O=C(Nc1nc2cc(Cl)c(F)cc2[nH]1)c1csc(NC(=O)c2ccccc2OC(F)(F)F)n1
2068156,Cc1ccc(Oc2ccc(/C=C3\SC(=S)N(c4ccc(OCCCN5CCN(C)CC5)cc4)C3=O)cc2)cc1
2068951,CC(=O)Nc1ccc(Oc2ccc(/C=C3\SC(=S)N(c4ccc(OCCCN5CCN(C)CC5)cc4)C3=O)cc2)cc1
2068154,CN1CCN(CCCOc2ccc(N3C(=O)/C(=C/c4ccc(Oc5ccc(C#N)cc5)cc4)SC3=S)cc2)CC1
2068160,CN1CCN(CCCOc2ccc(N3C(=O)/C(=C/c4ccc(Oc5ccc(Cl)cc5)cc4)SC3=S)cc2)CC1
2068152,CN1CCN(CCCOc2ccc(N3C(=O)/C(=C/c4ccc(Oc5ccc(C(=O)N(C)C)cc5)cc4)SC3=S)cc2)CC1
2068162,CN1CCN(CCCOc2ccc(N3C(=O)/C(=C/c4ccc(Oc5ccc(S(C)(=O)=O)cc5)cc4)SC3=S)cc2)CC1
2068161,CN1CCN(CCCOc2ccc(N3C(=O)/C(=C/c4ccc(Oc5ccc(Br)cc5)cc4)SC3=S)cc2)CC1
373070,CN(C)c1nc2c(Br)c(Br)c(Br)c(Br)c2[nH]1
2068949,CN1CCN(CCCOc2ccc(N3C(=O)/C(=C/c4ccc(Oc5ccc([N+](=O)[O-])cc5)cc4)SC3=S)cc2)CC1
2068155,COc1ccc(Oc2ccc(/C=C3\SC(=S)N(c4ccc(OCCCN5CCN(C)CC5)cc4)C3=O)cc2)cc1
375861,Cc1nc2ccc(Cl)cn2c1-c1ccn(S(=O)(=O)c2ccc(F)cc2)n1
2068159,CN1CCN(CCCOc2ccc(N3C(=O)/C(=C/c4ccc(Oc5ccc(F)cc5)cc4)SC3=S)cc2)CC1
2068952,CN1CCN(CCCOc2ccc(N3C(=O)/C(=C/c4ccc(Oc5ccc(NS(C)(=O)=O)cc5)cc4)SC3=S)cc2)CC1
376427,O=C1NN(c2ccc(Cl)c(Cl)c2)C(=O)/C1=C\c1ccc(-c2ccc(Br)cc2C(=O)O)o1
2072785,CC(C)(C)n1nc(-c2cnc3cc(F)ccc3c2)c(C(N)=O)c1N
2072777,CCOc1ccc2cc(-c3nn(C(C)CCO)c(N)c3C(N)=O)cnc2c1
2072770,CCOc1ccc2cc(-c3nn(C4CCCC4)c(N)c3C(N)=O)cnc2c1
2072769,CCOc1ccc2cc(-c3nn(C4CCC4)c(N)c3C(N)=O)cnc2c1
2072766,CCOc1ccc2cc(-c3nn(CC(C)(C)C)c(N)c3C(N)=O)cnc2c1
2072798,CC(C)(C)n1nc(-c2cnc3cc(OC4CCC4)ccc3c2)c(C(N)=O)c1N
2072767,CCOc1ccc2cc(-c3nn(CC(F)(F)F)c(N)c3C(N)=O)cnc2c1
2072765,CCOc1ccc2cc(-c3nn(CC(C)C)c(N)c3C(N)=O)cnc2c1
2072768,CCOc1ccc2cc(-c3nn(CC4CC4)c(N)c3C(N)=O)cnc2c1
2072787,CC(C)(C)n1nc(-c2cnc3cc(C(F)(F)F)ccc3c2)c(C(N)=O)c1N
2072799,CC(C)(C)n1nc(-c2ccc3nc(OC4CCC4)ccc3c2)c(C(N)=O)c1N
2072794,CC(C)(C)n1nc(-c2cnc3cc(OCC4CC4)ccc3c2)c(C(N)=O)c1N
2072780,CCOc1ccc2cc(-c3nn(C(C)C)c(N)c3C(N)=O)ccc2n1
2072795,CC(C)COc1ccc2cc(-c3nn(C(C)(C)C)c(N)c3C(N)=O)cnc2c1
2072797,CC(C)(C)n1nc(-c2ccc3nc(OC4CC4)ccc3c2)c(C(N)=O)c1N
2072796,CC(C)(C)n1nc(-c2cnc3cc(OC4CC4)ccc3c2)c(C(N)=O)c1N
2072775,CCOc1ccc2cc(-c3nn(C(C)CO)c(N)c3C(N)=O)cnc2c1
2072764,CCOc1ccc2cc(-c3nn(C(C)C)c(N)c3C(N)=O)cnc2c1
2072790,COc1ccc2cc(-c3nn(C(C)(C)C)c(N)c3C(N)=O)cnc2c1
2072789,CCc1ccc2cc(-c3nn(C(C)(C)C)c(N)c3C(N)=O)cnc2c1
2072792,CC(C)Oc1ccc2cc(-c3nn(C(C)(C)C)c(N)c3C(N)=O)cnc2c1
2072788,Cc1ccc2cc(-c3nn(C(C)(C)C)c(N)c3C(N)=O)cnc2c1
2072773,CCOc1ccc2cc(-c3nn(C4CCCCCC4)c(N)c3C(N)=O)cnc2c1
2072776,CCOc1ccc2cc(-c3nn(CC(C)(C)O)c(N)c3C(N)=O)cnc2c1
2072774,CCOc1ccc2cc(-c3nn(CC4CCCCC4)c(N)c3C(N)=O)cnc2c1
2072778,CCOc1ccc2cc(-c3nn(CC(C)(C)CO)c(N)c3C(N)=O)cnc2c1
2072771,CCOc1ccc2cc(-c3nn(C4CCCCC4)c(N)c3C(N)=O)cnc2c1
2072782,CCOc1ccc2cc(-c3nn(C4CCCCC4)c(N)c3C(N)=O)ccc2n1
2072772,CCOc1ccc2cc(-c3nn(C4CCOCC4)c(N)c3C(N)=O)cnc2c1
2072791,CC(C)(C)n1nc(-c2cnc3cc(OC(F)(F)F)ccc3c2)c(C(N)=O)c1N
2072784,CCOc1ccc2cc(-c3nn(CC(C)(C)CO)c(N)c3C(N)=O)ccc2n1
2072786,CC(C)(C)n1nc(-c2cnc3cc(Cl)ccc3c2)c(C(N)=O)c1N
2072783,CCOc1ccc2cc(-c3nn(C4CCCCCC4)c(N)c3C(N)=O)ccc2n1
2072781,CCOc1ccc2cc(-c3nn(CC4CC4)c(N)c3C(N)=O)ccc2n1
2072793,CCCOc1ccc2cc(-c3nn(C(C)(C)C)c(N)c3C(N)=O)cnc2c1
2072779,CCOc1ccc2cc(-c3nn(C(C)(C)C)c(N)c3C(N)=O)ccc2n1
343041,Cc1cc2c(F)c(Oc3ncnn4cc(OC[C@@H](C)O)c(C)c34)ccc2[nH]1
352451,COc1cccc(NC(=O)Nc2nnc(-c3ccncc3)s2)c1
345914,N#Cc1ccn2c(-c3ccnc(N)n3)c(-c3ccc(F)cc3)nc2c1
346830,C[C@H](O)CN1CCCC1c1cc(-c2ccncc2)c(-c2ccc(F)cc2)[nH]1
2079204,Cc1cccc(NC(=O)Nc2cccc3c2C2CCCCN2C3=O)n1
2079169,Cc1cccnc1NC(=O)Nc1cccc2c1C1CCCCN1C2=O
2079209,O=C(Nc1cccc(CN2CCOCC2)n1)Nc1cccc2c1C1CCCCN1C2=O
2079203,Cc1ccc(NC(=O)Nc2cccc3c2C2CCCCN2C3=O)nc1
2079210,CN1CCN(Cc2cccc(NC(=O)Nc3cccc4c3C3CCCCN3C4=O)n2)CC1
2078334,CN1C(=O)[C@@H](NC(=O)c2cc(Cc3ccccc3)on2)COc2ccccc21
2079215,Cc1nccnc1NC(=O)Nc1cccc2c1C1CCCCN1C2=O
2079218,COc1cc(NC(=O)Nc2cccc3c2C2CCCCN2C3=O)nc2ccccc12
2079208,COCc1cccc(NC(=O)Nc2cccc3c2C2CCCCN2C3=O)n1
2078338,CN1C(=O)[C@@H](NC(=O)c2cc(Cc3ccccc3)on2)CNc2ccccc21
2079200,O=C(Nc1cc(CN2CCOCC2)ccn1)Nc1cccc2c1C1CCCCN1C2=O
2079207,O=C(Nc1cccc(CO)n1)Nc1cccc2c1C1CCCCN1C2=O
2079202,O=C(Nc1cc(CN2CCCCC2)ccn1)Nc1cccc2c1C1CCCCN1C2=O
2079214,Cc1cnc(NC(=O)Nc2cccc3c2C2CCCCN2C3=O)cn1
2079205,O=Cc1cccc(NC(=O)Nc2cccc3c2C2CCCCN2C3=O)n1
2079170,COC(=O)c1cccnc1NC(=O)Nc1cccc2c1C1CCCCN1C2=O
2079211,O=C(Nc1cccc(CN2CCCCC2)n1)Nc1cccc2c1C1CCCCN1C2=O
2079216,Cc1cncc(NC(=O)Nc2cccc3c2C2CCCCN2C3=O)n1
2079212,O=C(Nc1cccc(CN2CCCC2)n1)Nc1cccc2c1C1CCCCN1C2=O
2079199,COCc1ccnc(NC(=O)Nc2cccc3c2C2CCCCN2C3=O)c1
2079206,COC(=O)c1cccc(NC(=O)Nc2cccc3c2C2CCCCN2C3=O)n1
2079217,O=C(Nc1ccc2ccccc2n1)Nc1cccc2c1C1CCCCN1C2=O
2079219,O=C(Nc1cc(CF)ccn1)Nc1cccc2c1C1CCCCN1C2=O
2079171,Cc1ccnc(NC(=O)Nc2cccc3c2C2CCCCN2C3=O)c1
2079198,O=C(Nc1cc(CO)ccn1)Nc1cccc2c1C1CCCCN1C2=O
2079201,CN1CCN(Cc2ccnc(NC(=O)Nc3cccc4c3C3CCCCN3C4=O)c2)CC1
2079213,CCN(CC)Cc1cccc(NC(=O)Nc2cccc3c2C2CCCCN2C3=O)n1
346001,CN(C)Cc1ccn2c(-c3ccnc(NCc4ccccc4)n3)c(-c3ccc(F)cc3)nc2c1
350635,Cc1n[nH]c2ccc(-c3cncc(OC[C@@H](N)Cc4ccccc4)c3)cc12
350030,NC(=O)c1c(NC(=O)C2CC2)sc2c1CCCC2
352677,Brc1ccc(Nc2nc(NCc3ccco3)c3ccccc3n2)cc1
345941,COc1nccc(-c2c(-c3ccc(F)cc3)nc3cc(CN(C)C)ccn23)n1
347457,Fc1ccc(-c2[nH]c(CN3CCC3)cc2-c2ccncc2)cc1
352486,COc1cc(/C=C2\C(=O)NN(c3ccc(Cl)c(Cl)c3)C2=O)ccc1O
2085326,C[C@H](Nc1ncnc2[nH]cnc12)c1nc2cccc(Cl)c2c(=O)n1-c1ccccc1
2086227,Clc1cccc(C2CC(c3ccc4c(c3)OCCO4)=NN2c2ccccc2)c1
347450,CN1CCCC1c1cc(-c2ccncc2)c(-c2ccc(F)cc2)[nH]1
2086226,c1ccc(COc2cccc(C3CC(c4ccc5c(c4)OCCO5)=NN3c3ccccc3)c2)cc1
2086225,COc1cccc(C2CC(c3ccc4c(c3)OCCO4)=NN2c2ccccc2)c1
2086220,Clc1ccc(C2CC(c3ccc4c(c3)OCCO4)=NN2c2ccccc2)cc1Cl
2086308,c1ccc(COc2ccc(C3CC(c4ccc5c(c4)OCCO5)=NN3c3ccccc3)cc2)cc1
334699,COc1ccc(CCC(C)(C)O)cc1-c1[nH]nc2nc(Nc3ccc(F)cc3F)cnc12
330231,CCCCCCC(O)CN1CCC(c2cc(-c3ccncc3)c(-c3ccc(F)cc3)[nH]2)CC1
2086224,CN(C)c1ccc(C2CC(c3ccc4c(c3)OCCO4)=NN2c2ccccc2)cc1
348767,CC(C)C(CC(=O)OCC1(CO)C/C(=C\c2ccc(O)cc2)C(=O)O1)C(C)C
2088580,COc1cc(NC(=O)c2cc3nc(-c4ccc(F)cc4)cc(C)n3n2)cc([N+](=O)[O-])c1
2088581,CCOC(=O)c1ccc(NC(=O)CSc2nnc(CSc3nc(C)cc(C)n3)o2)cc1
2088498,COc1cccc(OC)c1CNC(=O)c1cc(C2NC(=O)NC(C)=C2C(=O)Nc2ccc3[nH]ncc3c2)ccc1F
2087852,CCCCCCCCCCCCc1ccc(-c2noc(C3(C(=N)N)CC3)n2)cc1.Cl
2088579,CCN1CCN(CCNC(=O)c2cccc(Nc3cc(-c4ccccc4)ncn3)c2)CC1
334607,COc1ccc(CCCN2CCN(C)CC2)cc1-c1[nH]nc2nc(Nc3ccc(F)cc3F)ncc12
329225,O=P(O)(O)C(CNc1cccc(-c2ccccc2)c1)P(=O)(O)O
347404,CN(C)CCc1cc(-c2ccncc2)c(-c2ccc(F)cc2)[nH]1
2091901,Nc1nc2[nH]c(SCc3c(F)cccc3F)nc2c(=O)[nH]1
2091906,Cc1cccc(CSc2nc3c(=O)[nH]c(N)nc3[nH]2)c1F
2091899,Nc1nc2[nH]c(SCc3ccc(C(F)(F)F)cc3)nc2c(=O)[nH]1
2091897,Nc1nc2[nH]c(SCc3ccc(Br)cc3)nc2c(=O)[nH]1
2091882,Nc1nc2[nH]c(SCc3ccccc3Cl)nc2c(=O)[nH]1
2091898,COc1ccc(CSc2nc3c(=O)[nH]c(N)nc3[nH]2)cc1
2091884,Cc1ccccc1CSc1nc2c(=O)[nH]c(N)nc2[nH]1
2091877,CC(C)CNC(=O)CSc1nc2c(=O)[nH]c(N)nc2[nH]1
2091794,Cc1ccc(CO[C@@H]2CC(C(=O)O)=C[C@@H](O)[C@H]2O)cc1
2091874,Nc1nc2[nH]c(SCCC3OCCCO3)nc2c(=O)[nH]1
2091902,Cc1cc(C)cc(CSc2nc3c(=O)[nH]c(N)nc3[nH]2)c1
2091905,Cc1ccc(C)c(CSc2nc3c(=O)[nH]c(N)nc3[nH]2)c1
2091875,Nc1nc2[nH]c(SCCN3CCCC3=O)nc2c(=O)[nH]1
2091869,Nc1nc2[nH]c(SCCO)nc2c(=O)[nH]1
2091885,Nc1nc2[nH]c(SCc3ccccc3[N+](=O)[O-])nc2c(=O)[nH]1
2091891,COc1cccc(CSc2nc3c(=O)[nH]c(N)nc3[nH]2)c1
2091895,Nc1nc2[nH]c(SCc3cccc(C(=O)O)c3)nc2c(=O)[nH]1
2091908,Nc1nc2[nH]c(SCc3ccc(F)cc3F)nc2c(=O)[nH]1
2091907,Cc1ccc(F)c(CSc2nc3c(=O)[nH]c(N)nc3[nH]2)c1
2091793,O=C([O-])C1=C[C@@H](O)[C@@H](O)[C@H](OCc2cccc([N+](=O)[O-])c2)C1.[Na+]
2091912,N#Cc1cc(F)ccc1CSc1nc2c(=O)[nH]c(N)nc2[nH]1
2091913,Nc1nc2[nH]c(SCc3ccc(F)c(F)c3)nc2c(=O)[nH]1
2091900,Nc1nc2[nH]c(SCc3ccc(OC(F)(F)F)cc3)nc2c(=O)[nH]1
2091903,Nc1nc2[nH]c(SCc3cc(C(F)(F)F)cc(C(F)(F)F)c3)nc2c(=O)[nH]1
2091790,COc1cccc(CO[C@@H]2CC(C(=O)O)=C[C@@H](O)[C@H]2O)c1
2091886,N#Cc1ccccc1CSc1nc2c(=O)[nH]c(N)nc2[nH]1
2092034,O=C(O)C1=C[C@@H](O)[C@@H](O)[C@H](n2cc(COc3ccccc3)nn2)C1
2091792,Cc1cccc(CO[C@@H]2CC(C(=O)O)=C[C@@H](O)[C@H]2O)c1
2091873,COCCSc1nc2c(=O)[nH]c(N)nc2[nH]1
2091889,Nc1nc2[nH]c(SCc3cccc(Br)c3)nc2c(=O)[nH]1
2091879,CCN(CC)C(=O)CSc1nc2c(=O)[nH]c(N)nc2[nH]1
2091890,Cc1cccc(CSc2nc3c(=O)[nH]c(N)nc3[nH]2)c1
2091789,O=C(O)C1=C[C@@H](O)[C@@H](O)[C@H](OCc2ccccc2)C1
2091878,CN(C)C(=O)CSc1nc2c(=O)[nH]c(N)nc2[nH]1
2092032,O=C(O)C1=C[C@@H](O)[C@@H](O)[C@H](OCc2ccc3sccc3c2)C1
2091881,Nc1nc2[nH]c(SCC(=O)c3ccc(Br)cc3)nc2c(=O)[nH]1
2091892,Nc1nc2[nH]c(SCc3cccc(OC(F)(F)F)c3)nc2c(=O)[nH]1
2091904,Cc1cccc(CSc2nc3c(=O)[nH]c(N)nc3[nH]2)c1C
2091795,O=C([O-])C1=C[C@@H](O)[C@@H](O)[C@H](OCc2c(F)c(F)c(F)c(F)c2F)C1.[Na+]
2091914,Cc1cc(CSc2nc3c(=O)[nH]c(N)nc3[nH]2)ccc1F
2091915,N#Cc1cc(CSc2nc3c(=O)[nH]c(N)nc3[nH]2)ccc1F
2091911,Cc1cc(F)ccc1CSc1nc2c(=O)[nH]c(N)nc2[nH]1
2091896,Nc1nc2[nH]c(SCc3ccc(F)cc3)nc2c(=O)[nH]1
2091871,Nc1nc2[nH]c(SCC(O)CO)nc2c(=O)[nH]1
2091909,COc1ccc(CSc2nc3c(=O)[nH]c(N)nc3[nH]2)c(F)c1
2091791,O=C(O)C1=C[C@@H](O)[C@@H](O)[C@H](OCc2cccc(F)c2)C1
2091894,N#Cc1cccc(CSc2nc3c(=O)[nH]c(N)nc3[nH]2)c1
2091888,Nc1nc2[nH]c(SCc3cccc(Cl)c3)nc2c(=O)[nH]1
2091893,Nc1nc2[nH]c(SCc3cccc([N+](=O)[O-])c3)nc2c(=O)[nH]1
2091880,CCN(C)C(=O)C(C)Sc1nc2c(=O)[nH]c(N)nc2[nH]1
2091910,N#Cc1ccc(CSc2nc3c(=O)[nH]c(N)nc3[nH]2)c(F)c1
346989,Fc1ccc(-c2[nH]c(CN3CCCCC3)cc2-c2ccncc2)cc1
2091872,Nc1nc2[nH]c(SCC(O)C(F)(F)F)nc2c(=O)[nH]1
2091887,Nc1nc2[nH]c(SCc3cccc(F)c3)nc2c(=O)[nH]1
2091870,Nc1nc2[nH]c(SCCCO)nc2c(=O)[nH]1
2091796,O=C(O)C1=C[C@@H](O)[C@@H](O)[C@H](OCc2ccc3ccccc3c2)C1
2092033,O=C(O)C1=C[C@@H](O)[C@@H](O)[C@H](n2cc(Cc3ccccc3)nn2)C1
2091876,CNC(=O)CSc1nc2c(=O)[nH]c(N)nc2[nH]1
2091883,Nc1nc2[nH]c(SCc3ccccc3Br)nc2c(=O)[nH]1
346887,Fc1ccc(-c2[nH]c(C3CCCN3)cc2-c2ccncc2)cc1
2093585,CCCCCCCCOC(=O)C[C@@H](OC(=O)CCCCCCC)[C@@H](C)O
2093678,Nc1ncc2cc3cnccc3c(N)c2n1
2093101,CC(C)(C)S(=O)(=O)c1ccc2nccc(Nc3n[nH]c4ccc(F)cc34)c2c1
2093679,Nc1ncc2cc3cnccc3cc2n1
2093677,Nc1ncc2cc3cnccc3c([N+](=O)[O-])c2n1
2093586,CCCCCCCCC[C@@H](OC(=O)CCCCCCC)[C@@H](C)O
2093587,CCCCCCCCOC(=O)C[C@@H](OCCCCCCCC)[C@@H](C)O
347449,CC(C)C(c1cc(-c2ccncc2)c(-c2ccc(F)cc2)[nH]1)N(C)C
346990,Fc1ccc(-c2[nH]c(CN3CCOCC3)cc2-c2ccncc2)cc1
346959,O=S(=O)(c1ccc(F)cc1)N1CCCC1c1cc(-c2ccncc2)c(-c2ccc(F)cc2)[nH]1
52974,COC(=O)[C@@]1(O)C[C@H]2O[C@]1(C)n1c3ccc(CSCCN(C)C)cc3c3c4c(c5c6cc(CSCCN(C)C)ccc6n2c5c31)C(=O)NC4
330209,C[C@@H](O)CN1CCC(c2cc(-c3ccncc3)c(-c3ccc(F)cc3)[nH]2)CC1
50822,O=S(=O)(c1cccc2cnccc12)N1CCCNCC1
365445,CC1=C(C(=O)Nc2ccc3[nH]ncc3c2)C(c2ccc(F)cc2)NC(=O)N1
361203,COc1ccc(F)c(F)c1C(=O)c1cnc(NC2CCN(S(C)(=O)=O)CC2)nc1N
365243,Cc1cn(CCCOC(c2ccccc2)(c2ccccc2)c2ccccc2)c(=O)[nH]c1=O
367771,COc1ccc(C(=O)/C=C/c2ccc3ccccc3c2)c(OC)c1OC
288319,NCCCC[C@H](NC(=O)[C@H](CCCN=C(N)N)NC(=O)[C@H](CCCN=C(N)N)NC(=O)[C@H](Cc1ccc(O)cc1)NC(=O)C1CCC(NC(=O)[C@H](Cc2ccc(O)cc2)NC(=O)[C@H](CCCCN)NC(=O)[C@H](CCCCN)NC(=O)[C@@H](N)CCCN=C(N)N)CC1)C(N)=O
365229,CNC(=O)c1ccc(C(OC/C=C\Cn2cc(C)c(=O)[nH]c2=O)(c2ccccc2)c2ccccc2)cc1
359195,CSc1cccc(Nc2ncc3cc(-c4c(Cl)cccc4Cl)c(=O)n(C)c3n2)c1
59496,CC(C)C(=CC(=O)O[C@@H](CO)COC(=O)CC(C(C)C)C(C)C)C(C)C
287086,CC(C)C[C@H](NC(=O)[C@H](CCCCN)NC(=O)[C@H](Cc1ccc(O)cc1)NC(=O)[C@H](CCCCN)NC(=O)[C@H](CCCCN)NC(=O)[C@@H](N)CCCN=C(N)N)C(=O)N[C@@H](CCCN=C(N)N)C(=O)N[C@@H](CCCN=C(N)N)C(=O)N[C@@H](CCCCN)C(N)=O
55915,CC(C)(C)c1cc(-c2nc3cc(C4=NCCN4)ccc3[nH]2)c(O)c(C(C)(C)C)c1
381083,C/C(=N\N(C)S(=O)(=O)c1cc([N+](=O)[O-])ccc1C)c1c(C)nc2ccc(Br)cn12
379576,OC[C@H]1O[C@@H](n2cnc3c(NCc4ccccc4Cl)ncnc32)[C@H](O)[C@@H]1O
2096687,N#C/C(=C/c1cccnc1)c1c[nH]c2ccccc12
2096745,N#Cc1cc2cnccc2c2[nH]c3ccc(F)cc3c12
2096779,COc1ccc2c(-c3ccncc3)c[nH]c2n1
2096789,N#Cc1cc2cnccc2c2[nH]c3ccc(Cl)cc3c12
2096872,N#Cc1cc2ccccc2c2[nH]c3ccccc3c12
2096911,N#Cc1cc2ncccc2c2[nH]c3ccccc3c12
2096970,COc1ccc2[nH]c3c4ccncc4cc(C#N)c3c2c1
2096991,COc1ccc2c(c1)[nH]c1c3ccncc3cc(C#N)c21
2097095,N#Cc1cc2cnccc2c2[nH]c3ccccc3c12
2097144,COc1ccc2cc(-c3ccncc3)[nH]c2n1
2097151,N#Cc1cc2ccncc2c2[nH]c3ccccc3c12
2097274,COc1cncc(/C=C(\C#N)c2c[nH]c3ccc(OC)cc23)c1
2097346,N#Cc1cc2cnccc2c2[nH]c3ncccc3c12
2097358,N#C/C(=C\c1ccccc1)c1c[nH]c2ccccc12
2097362,COc1ccc2c(CC#N)c(-c3ccncc3)[nH]c2n1
2097417,N#C/C(=C\c1cccnc1)c1c[nH]c2ccc(F)cc12
2097444,Nc1nc2ccccc2c2cc3cnccc3cc12
2097572,N#C/C(=C\c1ccccn1)c1c[nH]c2ccccc12
2097581,COc1cccc2[nH]c3c4ccncc4cc(C#N)c3c12
2097901,COc1ccc2c(/C(C#N)=C/c3cccnc3)c[nH]c2n1
2097914,COc1ccc2c(c1)[nH]c1c3c(OC)cncc3cc(C(N)=O)c21
2097958,COc1cccc2c1[nH]c1c3ccncc3cc(C(N)=O)c21
2098095,COc1ccc2[nH]cc(/C(C#N)=C(\N)c3cccnc3)c2c1
2098152,COc1ccc2c(c1)[nH]c1c3c(OC)cncc3cc(C#N)c21
2098176,COc1ccc2c(c1)[nH]c1c3ccncc3cc(CN(C)C)c21
2098192,COc1ccc2c(c1)[nH]c1c3ccncc3cc(C(N)=O)c21
2098263,COc1ccc2[nH]c3c4c(OC)cncc4cc(C#N)c3c2c1
2098352,COc1ccc2[nH]cc3c2c1C(C)NC(c1cccnc1)=C3C#N
2098367,COc1ccc2[nH]c3c(=O)[nH]c(-c4cccnc4)c(C#N)c3c2c1
2098374,N#C/C(=C\c1cccnc1)c1c[nH]c2ccc(Cl)cc12
2098423,N#C/C(=C\c1ccncc1)c1c[nH]c2ccccc12
2098598,N#Cc1cc2cccnc2c2[nH]c3ccccc3c12
2098647,COc1ccc2c(n1)[nH]c1c3ccncc3cc(C#N)c21
2098659,COc1ccc2c(c1)[nH]c1c3ccncc3cc(CN)c21
2098664,COc1ccc2[nH]cc(/C(C#N)=C/c3cnccc3C)c2c1
2098666,COc1ccc2[nH]cc(-c3cc4cnccc4cc3NC(C)=O)c2c1
2098691,COc1ccc2c(c1)[nH]c1c3ccncc3cc(CNC(C)=O)c21
2098762,COc1cccc2c1[nH]c1c3ccncc3cc(C#N)c21
2098813,N#Cc1cc2ccccn2c2nc3ccccc3c1-2
56889,CC(C)(C)c1cc(-c2nc3ccc(C(=N)N)cc3o2)c(O)c(C(C)(C)C)c1
386742,CSc1ncnc2c1ncn2[C@@H]1O[C@H](CO)[C@@H](O)[C@H]1O
373381,CN[C@@H]1C[C@H]2O[C@@](C)([C@@H]1OC)n1c3ccccc3c3c4c(c5c6ccccc6n2c5c31)C(=O)NC4
2100065,C[C@H](O)CC(=O)N1CCC(c2nc(-c3cnc(N)c(-c4nnc(C(C)(C)C)o4)n3)n(C)n2)CC1
2100556,CN1CCC(n2cc(-c3cc4c(-c5cccc(N6CCOc7cc(C8CC8)ccc7C6=O)c5CO)ncnc4[nH]3)cn2)CC1
57505,CC(C)(C)c1cc(-c2nc3cc(C(=N)N)ccc3o2)c(O)c(C(C)(C)C)c1
2100805,CS(=O)(=O)N1CC=C(c2cc3c(-c4cccc(N5CCOc6cc(C7CC7)cc(F)c6C5=O)c4CO)ccnc3[nH]2)CC1
2101330,CCCCCCCCCCCCCCCCNC(=O)C1(/C(N)=N/O)CC1
2101641,Cc1cc(-c2n[nH]c3ccc(C(=O)NC4CCCC(CO)(Cc5ccccc5F)C4)cc23)ccn1
2101714,Cc1cc(-c2n[nH]c3ccc(C(=O)N[C@H]4CCC[C@](O)(Cn5ncc6ccc(C(F)(F)F)cc65)C4)cc23)ccn1
2102423,CCCCCCCCCCCCc1ccc(C(=O)N2CCC[C@H]2/C(N)=N/O)cc1
2103414,Cc1cc(-c2n[nH]c3ccc(C(=O)NC4CCCC(Oc5ccccc5Cl)C4)cc23)ccn1
2103889,CCn1nc(C2CCN(C(=O)CCO)CC2)nc1-c1cnc(N)c(-c2nnc(C(C)(C)C)o2)n1
2104534,Cc1cc(-c2n[nH]c3ccc(C(=O)NC4CCCC(Oc5ccc(F)cc5F)C4)cc23)ccn1
2104580,Cc1cc(-c2n[nH]c3ccc(C(=O)NC4CCCC(CN5C(=O)Cc6ccccc65)C4)cc23)ccn1
2105608,Cc1cc(-c2n[nH]c3ccc(C(=O)NC4CCCC(Cn5c(=O)ccc6ccccc65)C4)cc23)ccn1
2105784,CCC(=O)N1CC[C@H](Oc2ncnc3ccc(-c4ccc(OC)nc4)cc23)C1
2106197,N/C(=N\O)C1(C(=O)Nc2ccc(CCCCCCCCOCC3CCCCC3)cc2)CC1
379581,Cc1cccc(CNc2ncnc3c2ncn3[C@@H]2O[C@H](CO)[C@@H](O)[C@H]2O)c1
379582,Cc1ccc(CNc2ncnc3c2ncn3[C@@H]2O[C@H](CO)[C@@H](O)[C@H]2O)cc1
2106563,CCn1nc(C2CCN(C(=O)CC(=O)O)CC2)nc1-c1cnc(N)c(-c2nnc(C(C)(C)C)o2)n1
2107041,Cc1cc(-c2n[nH]c3ccc(C(=O)NC4CCCC(CO)(Cc5ccccc5)C4)cc23)ccn1
2107131,O=C(Nc1nc2ccc(Br)cc2s1)c1cc(Br)ccc1O
2107253,Cc1cc(-c2n[nH]c3ccc(C(=O)NC4CCCC(O)(C(=O)c5ccccc5)C4)cc23)ccn1
2107300,Cc1nc2ccc(-c3n[nH]c4ccc(C(=O)NC5CCCC(Cn6cc(C#N)c7ccccc76)C5)cc34)cc2s1
2107758,O=C(/C=C/c1cc(Br)ccc1O)c1cc2ccc(Br)cc2[nH]1
381080,C/C(=N\NS(=O)(=O)c1cc([N+](=O)[O-])ccc1C)c1c(C)nc2ccc(Br)cn12
2107829,O=C(Nc1nc2ccc(Br)cc2s1)c1cc(Br)cc(Br)c1O
2108641,COc1cc(OC)c(CN[C@@H](CCC(=O)O)C(=O)O)c(OC)c1
379586,OC[C@H]1O[C@@H](n2cnc3c(NCc4ccc(Cl)cc4Cl)ncnc32)[C@H](O)[C@@H]1O
2108837,Cc1cc(-c2n[nH]c3ccc(C(=O)NN4CCCC4CCc4ccccc4)cc23)ccn1
2109033,Cc1cc(-c2n[nH]c3ccc(C(=O)NC4CCCC(CO)(Cc5ccc(F)cc5)C4)cc23)ccn1
2109555,CN1CCC(Oc2ccc(-c3cc4c(-c5cccc(N6CCOc7cc(C8CC8)ccc7C6=O)c5CO)ncnc4[nH]3)cc2)CC1
2109925,Cc1c(-c2c(F)cc(C(N)=O)c3[nH]c4c(c23)CC[C@H](C(C)(C)O)C4)cccc1-n1c(=O)c2cccc(F)c2n(C)c1=O
2110128,CC[C@H](C)[C@H](NC(=O)[C@H](C)NC(=O)[C@@H](NC(=O)[C@@H](N)CCCCN)[C@@H](C)O)C(=O)N[C@@H](C)C(=O)N[C@@H](CCCCN)C(=O)N[C@@H](Cc1ccccc1)C(=O)N[C@@H](CCC(=O)O)C(=O)N[C@@H](CCCNC(=N)N)C(=O)N[C@@H](CC(C)C)C(=O)N[C@@H](CCC(N)=O)C(=O)N[C@H](C(=O)N[C@H](C(=O)N[C@H](C(=O)N[C@@H](CC(N)=O)C(=O)N[C@@H](Cc1ccc(O)cc1)C(=O)N[C@@H](Cc1ccccc1)C(=O)N[C@H](C(=O)N[C@H](C(=O)N[C@@H](CO)C(=O)N[C@@H](CCCCN)C(=O)O)[C@@H](C)O)[C@@H](C)CC)[C@@H](C)O)C(C)C)[C@@H](C)O
2110942,N/C(=N\O)C1(C(=O)Nc2ccc(CCCCCCCOCc3ccccc3)cc2)CC1
2111390,CCCCCCCCCCc1ccc(C(=O)N2CCC[C@H]2/C(N)=N/O)cc1
2111920,N/C(=N\O)C1(NC(=O)c2ccc(CCCCCCCOCC3CCCCC3)cc2)CC1
2112308,Cc1cc(-c2n[nH]c3ccc(C(=O)NC4CCCC(Cn5ncc6ccc(C(F)(F)F)cc65)C4)cc23)ccn1
2112596,Brc1ccc(-c2c[nH]c3cc(Br)ccc23)cc1
2112792,O=C(NC1CCCC(Cn2cccn2)C1)c1ccc2[nH]nc(-c3ccc4nccn4c3)c2c1
377539,NC(N)=Nc1nccc2c(Cl)cc(-c3cccc(C(=O)O)c3)cc12
55974,Cn1c(-c2ccc(Oc3ccccc3)cc2)nc2cc(C(=N)N)ccc21
2114514,Cc1cc(-c2n[nH]c3ccc(C(=O)NC4CCCC(Oc5cccc(F)c5)(C(N)=O)C4)cc23)ccn1
2114562,Cc1cc(-c2n[nH]c3ccc(C(=O)NC4CCCC(Cn5ncc6ccccc65)C4)cc23)ccn1
2114703,CCCCCCCCCCCCCCNC(=O)C1(/C(N)=N/O)CC1
2114713,CCC(=O)N1CC[C@H](Oc2ccnc3ccc(-c4ccc(OC)nc4)cc23)C1
2116045,Cc1cc(-c2n[nH]c3ccc(C(=O)NC4CCCC(CO)(Cc5ccc(F)cc5F)C4)cc23)ccn1
2116270,N/C(=N\O)C1(NC(=O)c2ccc(CCCCCCCOCC3CCCC3)cc2)CC1
2116855,O=C(Nc1nc2ccc(Br)cc2s1)c1cc2cc(Br)ccc2[nH]1
2116875,CCCCCCCC/C=C\CCCCCCCC(=O)NC1(/C(N)=N/O)CC1
2117009,COc1ccc(C(=O)CC(C)C)c(OC[C@@H](O)CNC(C)(C)C)c1.Cl
2117134,CC1(O)CCN(Cc2ccc(-c3cc4c(-c5cccc(N6CCOc7cc(C8CC8)ccc7C6=O)c5CO)ncnc4[nH]3)cc2)CC1
2117687,COc1cc(OC)c(CN[C@@H](CO)C(=O)O)c(OC)c1
2118327,CC(C)n1nc(-c2ccc3nc(OC4CCC4)ccc3c2)c(C(N)=O)c1N
2118707,Cc1cc(-c2n[nH]c3ccc(C(=O)NC4CCCC(Cn5c(C)nc6cnccc65)C4)cc23)ccn1
396643,CC(C)N(C)Cc1ccn2c(-c3ccnc(N[C@@H](C)c4ccccc4)n3)c(-c3ccc(F)cc3)nc2c1
2120327,CC[C@H](C)[C@H](NC(=O)[C@H](C)NC(=O)[C@@H](N)[C@@H](C)O)C(=O)N[C@@H](C)C(=O)N[C@@H](CCCCN)C(=O)N[C@@H](Cc1ccccc1)C(=O)N[C@@H](CCC(=O)O)C(=O)N[C@@H](CCCNC(=N)N)C(=O)N[C@@H](CC(C)C)C(=O)N[C@@H](CCC(N)=O)C(=O)N[C@H](C(=O)N[C@H](C(=O)N[C@H](C(=O)N[C@@H](CC(N)=O)C(=O)N[C@@H](Cc1ccc(O)cc1)C(=O)N[C@@H](Cc1ccccc1)C(=O)N[C@H](C(=O)N[C@H](C(=O)N[C@@H](CO)C(=O)O)[C@@H](C)O)[C@@H](C)CC)[C@@H](C)O)C(C)C)[C@@H](C)O
2120463,O=C1C2=C(OC3=CC=CCC13)C([N+](=O)[O-])=CCC2
2120762,Cc1ccccc1C1CN(C)CC1NC(=O)N1CCc2[nH]nc(-c3ccc4c(c3)CCO4)c2C1
2121804,Cn1cc2cc(-c3n[nH]c4ccc(C(=O)NC5CCCC(Cn6ccnc6)C5)cc34)ccc2n1
2122945,CCCCCCCOc1ccc(C(=O)NC2(/C(N)=N/O)CC2)cc1
2123494,CCn1cc(-c2n[nH]c3c2CN(C(=O)NC2CN(C)CC2c2ccccc2C)CC3)cn1
404027,Cc1cn([C@@H]2C[C@H](O)[C@@H](CNC(=O)Nc3ccc(Cl)c(C(F)(F)F)c3)O2)c(=O)[nH]c1=O
2125320,COc1cc(O)cc(O)c1C(=O)CC(C)C
2125819,O=C(Nc1nc2ccc(Br)cc2s1)c1cccc(Br)c1O
2125836,CCCCCCCCCCCCCCCCCCNC(=O)C1(/C(N)=N/O)CC1
2125847,CCOc1ccc2cc(-c3nn(C(C)C4CC4)c(N)c3C(N)=O)cnc2c1
409285,COc1cc(Nc2c(C#N)cnc3cc(C#CCCN4CCN(C)CC4)c(OC)cc23)c(Cl)cc1Cl
2126764,Cc1cc(-c2n[nH]c3ccc(C(=O)N[C@H]4CCC[C@@](O)(Cn5ncc6c(F)cccc65)C4)cc23)ccn1
57508,CC(C)(C)c1cc(-c2nc3cc(C(=N)N)ccc3[nH]2)cc(C(C)(C)C)c1
2127649,CC1=C(C(=O)Nc2ccc3[nH]ncc3c2)C(c2ccc(F)cc2)N=C(c2ccc(C(F)(F)F)cc2)N1
2127951,Cc1c(-c2ccc(C(N)=O)c3[nH]c4cc(C(C)(C)O)ccc4c23)cccc1-n1cnc2ccccc2c1=O
2128666,Cc1cc(-c2n[nH]c3ccc(C(=O)NC4CCCC(Cn5cnc6ncccc65)C4)cc23)ccn1
2128690,COc1cc(OC)c(C(=O)CN2CCN(C)CC2)c(OC)c1
396670,CC(C)N(C)Cc1ccn2c(-c3ccnc(NC(C)(C)C)n3)c(-c3ccc(F)cc3)nc2c1
2128745,COc1cc(OC)c(C(=O)CC(C)C)c(OC[C@@H](O)CNC(C)(C)C)c1.Cl
396673,CC(C)Nc1nccc(-c2c(-c3ccc(F)cc3)nc3cc(CN(C)C(C)C)ccn23)n1
2129068,Cc1cc(-c2n[nH]c3ccc(C(=O)NC4CCCC(Cn5ncc6cnccc65)C4)cc23)ccn1
2129414,Cn1nc(C2CCN(C(=O)CCO)CC2)nc1-c1cnc(N)c(-c2nnc(C(C)(C)C)o2)n1
2129555,Cc1cc(-c2n[nH]c3ccc(C(=O)NN4CCCC(Oc5ccccc5F)C4)cc23)ccn1
2130329,COc1cc(OC)c(C(=O)CC(C)C)c(OCC(O)CNC(C)(C)C)c1.Cl
403864,Cc1cn([C@H]2C[C@H](CNC(=S)Nc3ccccc3)[C@@H](CO)O2)c(=O)[nH]c1=O
2130716,N/C(=N\O)C1(C(=O)Nc2ccc(CCCCCCCOCC3CCCCC3)cc2)CC1
2130721,CN1CCN(Cc2ccc(-c3cc4c(-c5cccc(N6CCOc7cc(C8CC8)ccc7C6=O)c5CO)ncnc4[nH]3)cc2)CC1
403926,Cc1cn([C@@H]2C[C@H](O)[C@@H](CNC(=S)Nc3ccc(Cl)c(C(F)(F)F)c3)O2)c(=O)[nH]c1=O
2131191,O=C(Nc1nc2cc(Br)ccc2[nH]1)c1cc2ccc(Br)cc2[nH]1
2131375,CCOc1ccc2cc(-c3nn(C(C)C(C)C)c(N)c3C(N)=O)cnc2c1
2131601,CN1CCN(Cc2ccc(-c3cc4c(-c5cccc(N6CCOc7cc(C8CC8)ccc7C6=O)c5CO)ccnc4[nH]3)nc2)CC1
2131895,CCn1nc(C2CCN(C(=O)[C@@H](O)CO)CC2)nc1-c1cnc(N)c(-c2nnc(C(C)(C)C)o2)n1
2131944,CCCCCCCCCCCCCCc1ccc(C(=O)NC2(/C(N)=N/O)CC2)cc1
2131959,CN1CCN(c2ccc(Nc3nccc(-c4cc5c(o4)CCN(C(=O)CC#N)C5)n3)cc2)CC1
2132271,CCOc1ccc2cc(-c3nn(C4CCOC4)c(N)c3C(N)=O)cnc2c1
396657,C[C@H](Nc1nccc(-c2c(-c3ccc(F)cc3)nc3cc(CN(C)[C@@H](C)C(=O)N(C)C)ccn23)n1)c1ccccc1
2133156,CCCCCCCCCCCc1ccc(NC(=O)C2(/C(N)=N/O)CC2)cc1
2133411,O=C(/C=C/c1cc2ccc(Br)cc2[nH]1)c1ccccc1O
2133577,N/C(=N\O)[C@@H]1CCCN1C(=O)c1ccc(CCCCCCCOCC2CCCCC2)cc1
2133589,COc1ccc(C(=O)CC(C)C)c(OC[C@H](O)CNC(C)C)c1.Cl
2134297,Cc1cc(-c2n[nH]c3ccc(C(=O)NN4CCCC(CO)(Cc5ccccc5F)C4)cc23)ccn1
2134314,COc1cc(OC)c(C(=O)CC(C)C)c(OC)c1
2134745,O=C(/C=C/c1ccc(Br)cc1O)c1cc2ccc(Br)cc2[nH]1
2134805,COc1ccc(Br)cc1C(=O)Nc1nc2ccc(Br)cc2s1
2135528,COCC1(Cc2ccccc2F)CCCN(NC(=O)c2ccc3[nH]nc(-c4ccnc(C)c4)c3c2)C1
2135539,O=C(NC1CCCC(O)(Cc2ccccc2F)C1)c1ccc2[nH]nc(-c3ccc4nccn4c3)c2c1
2135779,COc1ccc(C(=O)CC(C)C)c(OC[C@@H](O)CNC(C)C)c1.Cl
2135819,COc1ccc(Br)cc1/C=C/C(=O)c1cc2ccc(Br)cc2[nH]1
2136223,Cn1nc(C2CCN(C(=O)CC(=O)O)CC2)nc1-c1cnc(N)c(-c2nnc(C(C)(C)C)o2)n1
403899,COc1ccc(NC(=S)NC[C@H]2O[C@H](n3cc(C)c(=O)[nH]c3=O)C[C@@H]2O)cc1
396664,CCN(C)Cc1ccn2c(-c3ccnc(NCC(C)(C)C)n3)c(-c3ccc(F)cc3)nc2c1
396666,CC(C)(C)CNc1nccc(-c2c(-c3ccc(F)cc3)nc3cc(CN4CCC4)ccn23)n1
2137340,CCCCCCCCCCc1ccc(C(=O)NC2(/C(N)=N/O)CC2)cc1
2137574,CN1CCN(Cc2ccc(-c3cc4c(-c5cccc(N6CCOc7cc(C8CC8)cc(F)c7C6=O)c5CO)ccnc4[nH]3)nc2)CC1
2137594,COc1cc(OC)c(C(=O)CN2CCCCC2)c(OC)c1
2137662,CC[C@H](C)[C@H](NC(=O)[C@H](C)N)C(=O)N[C@@H](C)C(=O)N[C@@H](CCCCN)C(=O)N[C@@H](Cc1ccccc1)C(=O)N[C@@H](CCC(=O)O)C(=O)N[C@@H](CCCNC(=N)N)C(=O)N[C@@H](CC(C)C)C(=O)N[C@@H](CCC(N)=O)C(=O)N[C@H](C(=O)N[C@H](C(=O)N[C@H](C(=O)N[C@@H](CC(N)=O)C(=O)N[C@@H](Cc1ccc(O)cc1)C(=O)N[C@@H](Cc1ccccc1)C(=O)O)[C@@H](C)O)C(C)C)[C@@H](C)O
2137682,Cc1cc(-c2n[nH]c3ccc(C(=O)N[C@H]4CCC[C@@](O)(Cn5cc6c(F)cccc6n5)C4)cc23)ccn1
2138347,Cc1c(-c2c(Cl)cc(C(N)=O)c3[nH]c4cc(C(C)(C)O)ccc4c23)cccc1-n1c(=O)cc2c(Cl)cccn2c1=O
403994,Cc1cn([C@@H]2C[C@H](O)[C@@H](CNC(=S)NCc3ccc(Cl)c(C(F)(F)F)c3)O2)c(=O)[nH]c1=O
2138901,N/C(=N\O)C1(C(=O)Nc2ccc(CCCCCCCCCc3ccccc3)cc2)CC1
2139275,Cc1cn(C/C=C\CN2c3cccc4cccc(c34)S2(=O)=O)c(=O)[nH]c1=O
409296,COc1cc(Nc2c(C#N)cnc3ccc(C#CCCN4CCN(C)CC4)cc23)c(Cl)cc1Cl
2140871,CC[C@H](C)[C@H](NC(=O)[C@H](C)NC(=O)[C@@H](NC(=O)[C@@H](N)CCCCN)[C@@H](C)O)C(=O)N[C@@H](C)C(=O)N[C@@H](CCCCN)C(=O)N[C@@H](Cc1ccccc1)C(=O)N[C@@H](CCC(=O)O)C(=O)N[C@@H](CCCNC(=N)N)C(=O)N[C@@H](CC(C)C)C(=O)N[C@@H](CCC(N)=O)C(=O)N[C@H](C(=O)N[C@H](C(=O)N[C@H](C(=O)N[C@@H](CC(N)=O)C(=O)N[C@@H](Cc1ccc(O)cc1)C(=O)N[C@@H](Cc1ccccc1)C(=O)N[C@H](C(=O)N[C@H](C(=O)N[C@@H](CO)C(=O)N[C@@H](CCC(=O)O)C(=O)O)[C@@H](C)O)[C@@H](C)CC)[C@@H](C)O)C(C)C)[C@@H](C)O
2140927,Cc1cc(-c2n[nH]c3ccc(C(=O)NN4CCCC(CO)(Oc5cc(F)ccc5F)C4)cc23)ccn1
396647,C[C@H](Nc1nccc(-c2c(-c3ccc(F)cc3)nc3cc(CN(C)C(CO)CO)ccn23)n1)c1ccccc1
396660,CCOC(=O)N1CCN(Cc2ccn3c(-c4ccnc(N[C@@H](C)c5ccccc5)n4)c(-c4ccc(F)cc4)nc3c2)CC1
2141973,O=C(Nc1nc2cc(Br)ccc2s1)c1cc2cc(Br)ccc2[nH]1
2142350,O=C(/C=C/c1cc2ccccc2[nH]1)c1ccc(Br)cc1O
2143029,O=C(/C=C/c1cc2ccccc2[nH]1)c1cc2ccc(Br)cc2[nH]1
2143138,Cc1cc(-c2n[nH]c3ccc(C(=O)N[C@H]4CCC[C@@](O)(Cn5cc6cc(F)ccc6n5)C4)cc23)ccn1
404029,Cc1cn([C@@H]2C=C[C@@H](CNC(=S)Nc3ccc(Cl)c(C(F)(F)F)c3)O2)c(=O)[nH]c1=O
403885,Cc1cn([C@@H]2C[C@H](O)[C@@H](CNC(=S)Nc3ccccc3)O2)c(=O)[nH]c1=O
2144723,O=C(/C=C/c1cc(Br)ccc1O)c1cc2ccccc2[nH]1
405945,O=C1NC(=O)c2c1c1c3ccccc3[nH]c1c1cccn21
2145087,O=C1c2ccc(C3CC3)cc2OCCN1c1cccc(-c2ncnc3[nH]c(-c4ccc(CN5CCOCC5)cc4)cc23)c1CO
2145090,Cn1nc(C2CCN(C(=O)C(C)(C)O)CC2)nc1-c1cnc(N)c(-c2nnc(C(C)(C)C)o2)n1
405410,COC(=O)NC(Cc1ccc(NC(=N)N)cc1)P(=O)(Oc1ccccc1)Oc1ccccc1
2145604,CCCCCCCCCCCCCCc1ccc(NC(=O)C2(/C(N)=N/O)CC2)cc1
2146194,CN(C)C(=O)N1CC=C(c2cc3c(-c4cccc(N5CCOc6cc(C7CC7)cc(F)c6C5=O)c4CO)ccnc3[nH]2)CC1
2146577,CC(C)NC(=O)c1c(O)cc(O)cc1O
2146855,CCCCCCCCCOc1ccc(C(=O)NC2(/C(N)=N/O)CC2)cc1
403905,Cc1ccc(NC(=S)NC[C@H]2O[C@H](n3cc(C)c(=O)[nH]c3=O)C[C@@H]2O)cc1
2147302,CC(C)Oc1ccc(-c2n[nH]c3ccc(C(=O)NN4CCCC4CCc4ccccc4)cc23)cn1
2147437,CCCCCCCCCCCCCCCCc1ccc(C(=O)NC2(/C(N)=N/O)CC2)cc1
2147524,N=C(N)c1ccc(CNC(=O)[C@H](CCCN=C(N)N)NC(=O)[C@@H](CO)NS(=O)(=O)Cc2ccccc2)cc1
2147691,CCN1CCN(CC(=O)c2c(OC)cc(OC)cc2OC)CC1
403878,Cc1cn([C@H]2C[C@H](COP(=O)(O)O)[C@@H](O)C2)c(=O)[nH]c1=O
396642,CCN(C)Cc1ccn2c(-c3ccnc(N[C@@H](C)c4ccccc4)n3)c(-c3ccc(F)cc3)nc2c1
403870,Cc1ccc(NC(=S)NC[C@H]2C[C@H](n3cc(C)c(=O)[nH]c3=O)O[C@@H]2CO)cc1
404005,Cc1cn([C@@H]2C[C@H](O)[C@@H](CNC(=S)NCCc3ccc(Cl)c(Cl)c3)O2)c(=O)[nH]c1=O
2148879,Cc1cc(-c2n[nH]c3ccc(C(=O)N[C@H]4CCC[C@](O)(Cn5c(C)nc6ccccc65)C4)cc23)ccn1
2149000,CC(C)CC(=O)c1c(O)cc(O)cc1OC[C@@H](O)CNC(C)(C)C.Cl
2149145,O=C(Nc1ccc(Br)cc1)c1cc2ccc(Br)cc2[nH]1
405430,COC(=O)NC(Cc1ccc(NC(=N)N)cc1)P(=O)(Oc1ccc(NC(C)=O)cc1)Oc1ccc(NC(C)=O)cc1
2149594,Cc1cc(-c2n[nH]c3ccc(C(=O)NC4CCCC(Oc5c(F)cccc5F)C4)cc23)ccn1
2149630,N/C(=N\O)C1(C(=O)NCCCCCCCCCCOCC2CCCCC2)CC1
2149908,Cc1cnc(Nc2ccc(N3CCOCC3)cc2)nc1-c1cc2c(o1)CCN(S(C)(=O)=O)C2
2149952,Cc1cc(-c2n[nH]c3ccc(C(=O)NC4CCCC(Cc5ccccc5F)(NC=O)C4)cc23)ccn1
2150942,CS(=O)(=O)N1CCc2oc(-c3ccnc(Nc4ccc(OCCN5CCCC5)cc4)n3)cc2C1
2151535,CC[C@H](C)[C@H](NC(=O)[C@H](C)NC(=O)[C@@H](NC(=O)[C@@H](N)CCCCN)[C@@H](C)O)C(=O)N[C@@H](C)C(=O)N[C@@H](CCCCN)C(=O)N[C@@H](Cc1ccccc1)C(=O)N[C@@H](CCC(=O)O)C(=O)N[C@@H](CCCNC(=N)N)C(=O)N[C@@H](CC(C)C)C(=O)N[C@@H](CCC(N)=O)C(=O)N[C@H](C(=O)N[C@H](C(=O)N[C@H](C(=O)N[C@@H](CC(N)=O)C(=O)O)[C@@H](C)O)C(C)C)[C@@H](C)O
2151560,N/C(=N\O)C1(C(=O)Nc2ccc(CCCCCCCCc3ccccc3)cc2)CC1
2152238,CCCCCCCCCCCCCOc1ccc(C(=O)NC2(/C(N)=N/O)CC2)cc1
2153273,COc1cc(O)c(C(=O)CC(C)C)c(OC)c1
2153384,COc1ccc(-c2ccc3ncnc(-c4cccc(C(=O)N5CCN(C(C)=O)CC5)c4)c3c2)cc1OC
403842,Cc1cn([C@H]2C[C@H](O)[C@@H](COP(=O)(O)O)O2)c(=O)[nH]c1=O
2154463,CC(C)CC(=O)c1c(O)cc(O)cc1OCC(O)CNC(C)(C)C.Cl
2154713,O=C(/C=C/c1cc2ccc(Br)cc2[nH]1)c1ccc(Br)cc1O
2154772,O=S(=O)(O)O[C@H]1[C@H](OS(=O)(=O)O)[C@@H](OS(=O)(=O)O)[C@H](OS(=O)(=O)O)[C@@H](OS(=O)(=O)O)[C@H]1OS(=O)(=O)O
2155114,CCCCCCCCc1ccc(C(=O)NC2(/C(N)=N/O)CC2)cc1
2155471,CCCCC(=O)c1c(O)cc(O)cc1O
2155602,CCCCCCCCCCc1ccc(NC(=O)C2(/C(N)=N/O)CC2)cc1
2155831,CC(C)(O)CN1CC=C(c2cc3c(-c4cccc(N5CCOc6cc(C7CC7)cc(F)c6C5=O)c4CO)ccnc3[nH]2)CC1
2156076,Cc1cc(-c2n[nH]c3ccc(C(=O)NN4CCCC(Oc5ccccc5Cl)C4)cc23)ccn1
2156481,COc1cc(OC)c(C(=O)CN2CCOCC2)c(OC)c1
2157185,COc1ccc(-c2ccc3ncnc(-c4cccc(C(=O)N5CCN(C(C)=O)CC5)c4)c3c2)cn1
2158034,N#CCC(=O)N1CCc2oc(-c3ccnc(Nc4ccc(N5CCOCC5)cc4)n3)cc2C1
56408,N=C(N)c1ccc2nc(-c3ccc(Oc4ccccc4)cc3)[nH]c2c1
2158774,Cc1cc(-c2n[nH]c3ccc(C(=O)NC4CCCC(Cn5ncc6ccncc65)C4)cc23)ccn1
2158974,O=C(Nc1nc2cc(Br)ccc2[nH]1)c1cc2cc(Br)ccc2[nH]1
2159654,CCCCCCCCCCCCc1ccc(C(=O)NC2(/C(N)=N/O)CC2)cc1
2160230,Cc1cc(-c2n[nH]c3ccc(C(=O)N[C@H]4CCC[C@@](O)(Cn5cc(C#N)c6ccccc65)C4)cc23)ccn1
2160258,CC[C@H](C)[C@H](NC(=O)[C@H](Cc1ccccc1)NC(=O)[C@H](Cc1ccc(O)cc1)NC(=O)[C@H](CC(N)=O)NC(=O)[C@@H](NC(=O)[C@@H](NC(=O)[C@@H](NC(=O)[C@H](CCC(N)=O)NC(=O)[C@H](CC(C)C)NC(=O)[C@H](CCCNC(=N)N)NC(=O)[C@H](CCC(=O)O)NC(=O)[C@H](Cc1ccccc1)NC(=O)[C@H](CCCCN)NC(=O)[C@H](C)N)[C@@H](C)O)C(C)C)[C@@H](C)O)C(=O)N[C@H](C(=O)N[C@@H](CO)C(=O)N[C@@H](CCC(=O)O)C(=O)O)[C@@H](C)O
2161397,O=C(Nc1nc2cc(Br)ccc2[nH]1)c1cc(Br)ccc1O
2162372,O=C(NC1CCCC(O)(Cc2ccccc2F)C1)c1ccc2[nH]nc(-c3ccc4ncsc4c3)c2c1
2162421,O=C(/C=C/c1cccc(Br)c1O)c1cc2ccc(Br)cc2[nH]1
2163166,Cc1cc(-c2n[nH]c3ccc(C(=O)NN4CCC(CO)(Cc5ccccc5F)C4)cc23)ccn1
2163196,COc1cc(OC)c(C(=O)CC(C)C)c(OC[C@H](O)CNC(C)C)c1.Cl
2163208,CC[C@H](C)[C@H](NC(=O)[C@H](C)NC(=O)[C@@H](NC(=O)[C@@H](N)CCC(=O)O)[C@@H](C)O)C(=O)N[C@@H](C)C(=O)N[C@@H](CCCCN)C(=O)N[C@@H](Cc1ccccc1)C(=O)N[C@@H](CCC(=O)O)C(=O)N[C@@H](CCCNC(=N)N)C(=O)N[C@@H](CC(C)C)C(=O)N[C@@H](CCC(N)=O)C(=O)N[C@H](C(=O)N[C@H](C(=O)N[C@H](C(=O)N[C@@H](CC(N)=O)C(=O)N[C@@H](Cc1ccc(O)cc1)C(=O)N[C@@H](Cc1ccccc1)C(=O)N[C@H](C(=O)N[C@H](C(=O)N[C@@H](CO)C(=O)N[C@@H](CCCCN)C(=O)O)[C@@H](C)O)[C@@H](C)CC)[C@@H](C)O)C(C)C)[C@@H](C)O
2163367,Cc1cc(-c2n[nH]c3ccc(C(=O)N[C@H]4CCC[C@@](O)(Cn5ncc6ccc(F)cc65)C4)cc23)ccn1
55914,CC(C)(C)c1cc(-c2nc3cc(C(=O)O)ccc3[nH]2)c(O)c(C(C)(C)C)c1
2164230,COc1cc(OC)c(C(=O)CC(C)C)c(OCC(O)CNC(C)C)c1.Cl
2164257,Cc1cc(-c2n[nH]c3ccc(C(=O)N[C@H]4CCC[C@](O)(Cn5ncc6c(F)cccc65)C4)cc23)ccn1
2165211,CCCCNC(=O)c1c(O)cc(O)cc1O
2165295,Cc1cc(-c2n[nH]c3ccc(C(=O)NC4CCCC(N)(Cc5ccccc5F)C4)cc23)ccn1
2165299,Cc1cc(-c2n[nH]c3ccc(C(=O)N[C@H]4CCC[C@@](O)(Cn5ncc6cc(F)ccc65)C4)cc23)ccn1
2165326,N/C(=N\O)C1(C(=O)Nc2ccc(CCCCCCOCC3CCCCC3)cc2)CC1
2165687,CCOc1ccc2cc(-c3nn(C(C)C(C)(C)CO)c(N)c3C(N)=O)cnc2c1
2167167,Cc1cc(-c2n[nH]c3ccc(C(=O)NC4CCCC(CO)(Cc5c(F)cccc5F)C4)cc23)ccn1
2167519,Cc1cc(-c2n[nH]c3ccc(C(=O)NC4CCCC(O)(Cc5ccccc5F)C4)cc23)ccn1
2167617,O=C(Nc1cccc(Br)c1O)c1cc2ccc(Br)cc2[nH]1
2168404,O=C1c2c(F)cc(C3CC3)cc2OCCN1c1cccc(-c2ccnc3[nH]c(-c4cnn(C5CCN(C6COC6)CC5)c4)cc23)c1CO
2168757,CN(CCCC(=O)c1c(O)cc(O)cc1O)C1CCCCC1.Cl
2169311,Cc1cc(-c2n[nH]c3ccc(C(=O)NC4CCCC(Oc5ccccc5F)C4)cc23)ccn1
2169467,O=C(Nc1nc2cc(Br)ccc2s1)c1cc2ccccc2[nH]1
2169590,CCCCCCCCCCCCCCCCc1ccc(NC(=O)C2(/C(N)=N/O)CC2)cc1
2170698,Cc1cc(-c2n[nH]c3ccc(C(=O)N[C@H]4CCC[C@@](O)(Cn5cc6ccc(C(F)(F)F)cc6n5)C4)cc23)ccn1
403977,Cc1cn([C@@H]2C[C@H](O)[C@@H](CNC(=S)Nc3ccc4c(c3)C(=O)OC43c4ccc(O)cc4Oc4cc(O)ccc43)O2)c(=O)[nH]c1=O
2171438,CCCCCCCCCCCc1ccc(C(=O)N2CCC[C@H]2/C(N)=N/O)cc1
2171517,CN1CC(Oc2ccc(-c3cc4c(-c5cccc(N6CCOc7cc(C8CC8)ccc7C6=O)c5CO)ncnc4[nH]3)cc2)C1
387146,CCCCCCc1cnc(-c2cc3cn([C@H]4C[C@H](O)[C@@H](CO)O4)c(=O)nc3o2)nc1
385737,N#Cc1cnn2c(Nc3ccccc3)nc(Nc3ccccc3)nc12
2171912,Cc1cc(-c2n[nH]c3ccc(C(=O)NN4CCCC(CO)(Oc5ccc(F)cc5)C4)cc23)ccn1
385678,CN(c1ccccc1)c1nc(Nc2ccccc2)n2ncc(C#N)c2n1
57539,CC(C)(C)c1cc(-c2nc3cc(C(=N)N)ccc3[nH]2)c(O)c(C(C)(C)C)c1
2173092,CC(C)Oc1cc(-c2n[nH]c3ccc(C(=O)NN4CCCC4CCc4ccccc4)cc23)ccn1
2173133,Cc1cc(-c2n[nH]c3c2CN(C(=O)NC2CCCN(Cc4c(C)cccc4C)C2)CC3)ccn1
2173525,CCCCCCCCCCCCc1ccc(NC(=O)C2(/C(N)=N/O)CC2)cc1
2173866,Cc1nc2ccc(-c3n[nH]c4ccc(C(=O)NC5CCCC(Cn6c(C)nc7ccccc76)C5)cc34)cc2s1
2174667,Cc1cc(-c2n[nH]c3ccc(C(=O)NC4CCCC(Cn5cc6cccnc6n5)C4)cc23)ccn1
2175243,O=C(NC1CCCC(Cn2cncn2)C1)c1ccc2[nH]nc(-c3ccc4nccn4c3)c2c1
2175634,CCC(=O)N1CC[C@@H](Oc2cnc3ccc(-c4ccc(OC)c(OC)c4)cc3n2)C1
2175713,Cc1cnc(Nc2ccc(N3CCOCC3)cc2)nc1-c1cc2cc(C#N)ccc2o1
2175717,O=C1c2c(F)cc(C3CC3)cc2OCCN1c1cccc(-c2ccnc3[nH]c(C4=CCN(C5COC5)CC4)cc23)c1CO
2175817,Cc1ccccc1[C@@H]1CN(C)C[C@H]1NC(=O)N1CCc2[nH]nc(-c3ccncc3)c2C1
2175951,Cc1cc(-c2n[nH]c3ccc(C(=O)NC4CCC(CO)(Cc5ccccc5F)C4)cc23)ccn1
2176479,CCN1CCN(Cc2ccc(-c3cc4c(-c5cccc(N6CCOc7cc(C8CC8)cc(F)c7C6=O)c5CO)ccnc4[nH]3)nc2)CC1
2176553,CCCCCCCCCCCOc1ccc(C(=O)NC2(/C(N)=N/O)CC2)cc1
2176800,Cc1cc(-c2n[nH]c3ccc(C(=O)NC4CCCC(CO)(Oc5cccc(F)c5)C4)cc23)ccn1
2176838,Cc1cc(-c2n[nH]c3ccc(C(=O)NC4CCCC(Cn5cc6ccccc6n5)C4)cc23)ccn1
2178205,Cc1cc(-c2n[nH]c3ccc(C(=O)NC4CCCC(Cc5ccccc5F)(C(=O)O)C4)cc23)ccn1
2178263,CN1CCN(c2ccc(-c3cc4c(-c5cccc(N6CCOc7cc(C8CC8)ccc7C6=O)c5CO)ncnc4[nH]3)cc2)CC1
2178447,N/C(=N\O)C1(C(=O)NCCCCCCCCCCOCC2CCCC2)CC1
2178691,O=C(Nc1cc(Br)ccc1O)c1cc2ccc(Br)cc2[nH]1
2178915,CC(C)CC(=O)c1c(O)cc(O)cc1OC[C@H](O)CNC(C)(C)C.Cl
2179030,CCCCCCCCc1ccc(C(=O)N2CCC[C@H]2/C(N)=N/O)cc1
2179137,Cc1cc(-c2n[nH]c3ccc(C(=O)NC4CCCC(Oc5c(C)cccc5C)C4)cc23)ccn1
2179822,COc1cc(OC)c(CN[C@@H](CC(=O)O)C(=O)O)c(OC)c1
2179844,N/C(=N\O)C1(C(=O)Nc2ccc(CCCCCCCOCC34CC5CC(CC(C5)C3)C4)cc2)CC1
2180003,O=C(/C=C/c1c[nH]c2ccc(Br)cc12)c1cc2ccccc2[nH]1
2181080,Cc1cc(-c2n[nH]c3ccc(C(=O)NC4CCCC(Cc5ccc(F)cc5)(C(=O)O)C4)cc23)ccn1
2181134,CC[C@H](C)[C@H](NC(=O)[C@H](Cc1ccccc1)NC(=O)[C@H](Cc1ccc(O)cc1)NC(=O)[C@H](CC(N)=O)NC(=O)[C@@H](NC(=O)[C@@H](NC(=O)[C@@H](NC(=O)[C@H](CCC(N)=O)NC(=O)[C@H](CC(C)C)NC(=O)[C@H](CCCNC(=N)N)NC(=O)[C@H](CCC(=O)O)NC(=O)[C@H](Cc1ccccc1)NC(=O)[C@H](CCCCN)NC(=O)[C@H](C)N)[C@@H](C)O)C(C)C)[C@@H](C)O)C(=O)N[C@H](C(=O)N[C@@H](CO)C(=O)N[C@@H](CCCCN)C(=O)O)[C@@H](C)O
2181719,Cc1cc(-c2n[nH]c3ccc(C(=O)N[C@H]4CCC[C@@](O)(Cn5cc6cccc(F)c6n5)C4)cc23)ccn1
2181911,Cc1cc(-c2n[nH]c3ccc(C(=O)N[C@H]4CCC[C@@](O)(Cn5c(C)nc6ccccc65)C4)cc23)ccn1
2182118,Cc1cc(-c2n[nH]c3ccc(C(=O)NC4CCCC(CO)(Oc5ccccc5)C4)cc23)ccn1
2182175,Cc1cc(-c2n[nH]c3ccc(C(=O)NC4CCCC(Cn5cc6cc(F)ccc6n5)C4)cc23)ccn1
2182563,CCOc1ccc2cc(-c3nn(C4CCOC4)c(N)c3C(N)=O)ccc2n1
2183274,Cc1cc(-c2n[nH]c3ccc(C(=O)NC4CCCC(Cn5ncc6cccc(F)c65)C4)cc23)ccn1
2183688,Cc1cc(-c2n[nH]c3ccc(C(=O)NC4CCCC(F)(Cc5ccccc5F)C4)cc23)ccn1
2183728,Cn1cc2cc(-c3n[nH]c4ccc(C(=O)NC5CCCC(Cn6cnc7ccccc76)C5)cc34)ccc2n1
2183884,CC(C)CC(=O)c1c(O)cc(O)cc1OCC(O)CNC(C)C.Cl
2183990,CC1C(Br)=COc2c1ccc(O)c2Br
2184807,CC(C)CC(=O)c1ccc(O)cc1
387141,CCCC#Cc1ccc(-c2cc3cn([C@H]4C[C@H](O)[C@@H](CO)O4)c(=O)nc3o2)cn1
2186437,COc1ncc(-c2ccc3ncnc(-c4cccc(C(=O)N5CCN(C(C)=O)CC5)c4)c3c2)cc1C#N
384075,CC(C)C/C=C1/OC(CO)(COC(=O)CC(CC(C)C)CC(C)C)OC1=O
2187391,O=C(Nc1nc2ccc(Br)cc2s1)c1cc2ccccc2[nH]1
2187398,CCCCCCCCCCCCCCCC(=O)NC1(/C(N)=N/O)CC1
2188106,COc1cc(OC)c(CN[C@@H](C)C(=O)O)c(OC)c1
2189772,Cc1cc(-c2n[nH]c3ccc(C(=O)N[C@H]4CCC[C@@](O)(Cn5ncc6cccc(F)c65)C4)cc23)ccn1
2190142,COC1(Cc2ccccc2F)CCCC(NC(=O)c2ccc3[nH]nc(-c4ccnc(C)c4)c3c2)C1
2190194,Cc1cc(-c2n[nH]c3ccc(C(=O)NC4CCCC(Cn5cnc6cccnc65)C4)cc23)ccn1
404046,Cc1cn(COCCNC(=S)Nc2ccc(Cl)c(C(F)(F)F)c2)c(=O)[nH]c1=O
2190700,CCOC(=O)C1(Cc2ccccc2F)CCCC(NC(=O)c2ccc3[nH]nc(-c4ccnc(C)c4)c3c2)C1
2190712,Cc1cc(-c2n[nH]c3ccc(C(=O)NC4CCCC(O)(Cc5c(F)cccc5F)C4)cc23)ccn1
2191126,Cc1cc(-c2n[nH]c3ccc(C(=O)NC4CCCC(O)(C(F)(F)c5ccccc5)C4)cc23)ccn1
2191479,COc1cccc(F)c1CN1CC(NC(=O)N2CCc3[nH]nc(-c4ccnc(C)c4)c3C2)CC(C(F)(F)F)C1
2192177,CC1(O)CN(C(=O)N2CC=C(c3cc4c(-c5cccc(N6CCOc7cc(C8CC8)cc(F)c7C6=O)c5CO)ccnc4[nH]3)CC2)C1
418300,CN(C)Cc1ccn2c(-c3ccnc(N)n3)c(-c3ccc(F)c(Br)c3)nc2c1
2192721,CCn1nc(C2CCN(C(=O)[C@H](O)CO)CC2)nc1-c1cnc(N)c(-c2nnc(C(C)(C)C)o2)n1
413847,NC(=O)c1cccc(Nc2nccc(Nc3cccc4cn[nH]c34)n2)c1
413850,Cc1ccc2[nH]ncc2c1Nc1ccnc(Nc2cccc(C(N)=O)c2)n1
2193796,C[C@H](NC(=O)c1c(N)nn2cccnc12)c1cc2cccc(C#Cc3cnn(C)c3)c2c(=O)n1-c1ccccc1
2194018,CC(C)CC(=O)c1c(O)cc(O)cc1OCc1c(-c2ccccc2)no[n+]1[O-]
2195035,Cc1cc(-c2n[nH]c3ccc(C(=O)N[C@H]4CCC[C@](O)(Cn5ncc6ccc(F)cc65)C4)cc23)ccn1
2195084,COc1ccc(C(=O)CC(C)C)c(OC[C@H](O)CNC(C)(C)C)c1.Cl
2195247,CC(C)(CO)Cn1nc(-c2ccc3nc(OC4CCC4)ccc3c2)c(C(N)=O)c1N
2195582,O=C(Nc1nc2ccc(Br)cc2s1)c1ccc(Br)cc1O
2196078,Cc1cc(-c2n[nH]c3ccc(C(=O)NC4CCCC(O)(C(O)c5ccccc5)C4)cc23)ccn1
2196126,Cc1cc(-c2n[nH]c3ccc(C(=O)NC4CCCC(Cn5ncc6cccnc65)C4)cc23)ccn1
413841,NC(=O)c1cccc(Nc2nccc(Nc3ccc4[nH]ncc4c3)n2)c1
418282,Cc1ccc(CNc2nccc(-c3c(-c4ccc(F)cc4)nc4cc(CN(C)C)ccn34)n2)cc1
413855,NS(=O)(=O)c1cccc(Nc2nccc(Nc3cccc4[nH]ncc34)n2)c1
413825,Cc1ccc(Cl)cc1Nc1ccnc(Nc2cccc(C(N)=O)c2)n1
418286,CCCC(=O)Nc1nccc(-c2c(-c3ccc(F)cc3)nc3cc(CN(C)C)ccn23)n1
418250,CN(C)Cc1ccn2c(-c3ccnc(NC4CCCC4)n3)c(-c3ccc(F)cc3)nc2c1
418254,CN(C)Cc1ccn2c(-c3ccnc(NC4CCCCC4)n3)c(-c3ccc(F)cc3)nc2c1
413837,COc1ccc(C)c(Nc2ccnc(Nc3cccc(S(N)(=O)=O)c3)n2)c1
413839,NC(=O)c1cccc(Nc2nccc(Nc3ccc4ncsc4c3)n2)c1
406701,COCC(=O)O[C@H]1[C@H](O)[C@@H](CO)O[C@H]1n1cc(/C=C/Br)c(=O)[nH]c1=O
418294,CN(C)Cc1ccn2c(-c3ccnc(NC(=O)NC(C)(C)C)n3)c(-c3ccc(F)cc3)nc2c1
418297,CN(C)Cc1ccn2c(-c3nc(N)ncc3C#N)c(-c3ccc(F)cc3)nc2c1
418966,CCc1cc(-c2[nH]nc(C)c2-c2ccc3c(c2)OCCO3)c(O)cc1O
418238,COCCNc1nccc(-c2c(-c3ccc(F)cc3)nc3cc(CN(C)C)ccn23)n1
413817,Cc1cc(O)cc(Nc2ccnc(Nc3cccc(C(N)=O)c3)n2)c1
413820,CC(C)c1ccc(O)cc1Nc1ccnc(Nc2cccc(C(N)=O)c2)n1
406722,NCCCC(=O)O[C@H]1[C@H](O)[C@@H](CO)O[C@H]1n1cc(/C=C/Br)c(=O)[nH]c1=O
413844,Cn1ncc2ccc(Nc3ccnc(Nc4cccc(C(N)=O)c4)n3)cc21
413833,NC(=O)c1cccc(Nc2nccc(Nc3cccc(F)c3)n2)c1
403983,Cc1cn([C@@H]2C[C@H](O)[C@@H](CNC(=S)NC(c3ccccc3)c3ccccc3)O2)c(=O)[nH]c1=O
413828,Cc1ccc(C(N)=O)cc1Nc1ccnc(Nc2cccc(C(N)=O)c2)n1
418290,CN(C)Cc1ccn2c(-c3ccnc(S(C)(=O)=O)n3)c(-c3ccc(F)cc3)nc2c1
418292,CN(C)Cc1ccn2c(-c3ccnc(S(=O)(=O)c4ccccc4)n3)c(-c3ccc(F)cc3)nc2c1
413821,Cc1ccccc1Nc1ccnc(Nc2cccc(C(N)=O)c2)n1
418255,CCCCCCNc1nccc(-c2c(-c3ccc(F)cc3)nc3cc(CN(C)C)ccn23)n1
418276,CN(C)Cc1ccn2c(-c3ccnc(NCc4ccc(F)c(F)c4)n3)c(-c3ccc(F)cc3)nc2c1
56856,CC(C)(C)c1ccc(O)c(-c2nc3cc(C(=N)N)ccc3[nH]2)c1
418249,COCCCNc1nccc(-c2c(-c3ccc(F)cc3)nc3cc(CN(C)C)ccn23)n1
418257,CN(C)Cc1ccn2c(-c3ccnc(NCc4ccccc4F)n3)c(-c3ccc(F)cc3)nc2c1
418231,CN(C)Cc1ccn2c(-c3ccnc(NCCO)n3)c(-c3ccc(F)cc3)nc2c1
416322,COC(=O)c1ccc(Cl)cc1NC(=O)c1ccc(Cl)cc1
416319,COC(=O)c1ccc(Cl)cc1NC(=O)c1ccccc1OC
403974,Cc1cn([C@@H]2C[C@H](O)[C@@H](CNC(=S)Nc3cccc(-c4cccnc4)c3)O2)c(=O)[nH]c1=O
437755,O=C1CCCCc2cnn3c(Nc4cccc(C(=O)N5CCNCC5)c4)nc(nc23)Nc2cccc(c2)N1
434543,O=C(CN1CCC(c2cc(-c3ccncc3)c(-c3ccc(F)cc3)[nH]2)CC1)N1CCC1
437798,CN1CCC(N(C)C(=O)c2cccc(Nc3nc4nc5c(cnn35)CCCCC(=O)Nc3cccc(c3)N4)c2)C1
434635,Fc1ccc(-c2[nH]c(C3CCN(CC4CNCCN4)CC3)cc2-c2ccncc2)cc1
434181,CC(=O)N1C[C@H](O)C[C@H]1CN1CCC(c2cc(-c3ccncc3)c(-c3ccc(F)cc3)[nH]2)CC1
437754,CCN(CC)CCN(C)C(=O)c1cccc(Nc2nc3nc4c(cnn24)CCCCC(=O)Nc2cccc(c2)N3)c1
438475,CC(C)Cn1cnc2ccc(-c3[nH]c(C(C)(C)C)nc3-c3ccccc3)nc21.CS(=O)(=O)O
438702,CC(C)(C)Cn1c(N)nc2ccc(-c3[nH]c(-c4c(F)cccc4F)nc3-c3ccccc3)cc21.CS(=O)(=O)O
437837,CN(C)CCN(C)C(=O)c1cccc(Nc2nc3nc4c(cnn24)CCCCC(=O)Nc2cccc(c2)N3)c1
437878,CN(C)CCNC(=O)c1cccc(Nc2nc3nc4c(cnn24)CCCCC(=O)Nc2cccc(c2)N3)c1
438858,CC(C)S(=O)(=O)n1c(N)nc2ccc(-c3[nH]c(-c4c(Cl)cccc4Cl)nc3-c3ccc(F)cc3)cc21.CS(=O)(=O)O
441463,COc1ccnc2[nH]cc(-c3ccncn3)c12
436278,CO[C@@H](C(=O)N1Cc2[nH]nc(NC(=O)c3ccc(N4CCN(C)CC4)cc3)c2C1)c1ccccc1
427065,Cc1c(Nc2c(C#N)cnc3sc(-c4cccc(CN(C)C)c4)cc23)ccc2[nH]ccc12
438572,CC(C)S(=O)(=O)n1c(N)nc2ccc(-c3[nH]c(-c4ccc(Cl)cc4)nc3-c3ccccc3)cc21
434489,OC[C@@H]1CCN1CCN1CCC(c2cc(-c3ccncc3)c(-c3ccc(F)cc3)[nH]2)CC1
438616,CC(C)S(=O)(=O)n1c(N)nc2ccc(-c3[nH]c(C(C)(C)C)nc3-c3ccc(F)cc3F)cc21
434728,COC(=O)N1CCOC(C(=O)N2CCC(c3cc(-c4ccncc4)c(-c4ccc(F)cc4)[nH]3)CC2)C1
437674,O=C1CCCCc2cnn3c(NC4CC4)nc(nc23)Nc2cccc(c2)N1
418304,CN(C)Cc1ccn2c(-c3ccnc(N)n3)c(-c3ccc(F)cc3F)nc2c1
59273,CC(C)=CC(=O)O[C@@H](CO)COC(=O)CC(C(C)C)C(C)C
286127,NCCCC[C@H](NC(=O)[C@H](CCCN=C(N)N)NC(=O)[C@H](CCCN=C(N)N)NC(=O)[C@H](Cc1c[nH]c2ccccc12)NC(=O)[C@H](CCCCN)NC(=O)[C@H](Cc1ccc(O)cc1)NC(=O)[C@H](CCCCN)NC(=O)[C@H](CCCCN)NC(=O)[C@@H](N)CCCN=C(N)N)C(N)=O
441513,COCCOc1ccnc2[nH]cc(-c3ccnc(N)n3)c12
441462,Oc1ccnc2[nH]cc(-c3ccncn3)c12
441616,Nc1nccc(-c2c[nH]c3ncccc23)n1
430386,Nc1cccc(-c2cc3c(Oc4cccc(O)c4)ncnc3[nH]2)c1
430599,O=c1[nH]c(Nc2cccc(C(F)(F)F)c2)nc2[nH]cnc12
285885,NCCCC[C@H](NC(=O)[C@H](CCCN=C(N)N)NC(=O)[C@H](CCCN=C(N)N)NC(=O)[C@H](CC(=O)O)NC(=O)[C@H](CCCCN)NC(=O)[C@H](Cc1ccc(O)cc1)NC(=O)[C@H](CCCCN)NC(=O)[C@H](CCCCN)NC(=O)[C@@H](N)CCCN=C(N)N)C(N)=O
2199686,Cc1cc(Nc2nc(Nc3ccc(NC(=O)C4CCCCC4)cc3)nc(N3CCCCC3)n2)n[nH]1
2200102,Nc1ncnc2c1c(Oc1cccc(Cl)c1)nn2CC1CCCNC1
59274,CC(C)CC(=O)OC[C@H](CO)OC(=O)C=C(C(C)C)C(C)C
2200364,Cn1cc(-c2cccc(N3CCn4c(cc5c4CCCC5)C3=O)c2CO)cc(Nc2ccc(N3CCN(C4COC4)CC3)cn2)c1=O
164854,N#Cc1cccc(Nc2nc3ncnc-3c(O)[nH]2)c1
2200679,O=C(c1cc([C@H]2CCCN2c2cc(F)cc(F)c2)c2oc(N3CCOCC3)cc(=O)c2c1)N1CCOCC1
441509,Cn1cc(-c2ccnc(N)n2)c2c(O)ccnc21
2200957,Cc1[nH]nc(Nc2cc(N3CCN(C)CC3)nc(Sc3ccc(NC(=O)C4CCCCC4)cc3)n2)c1C
2201305,Clc1cccc(-c2cnc3ccc(Cl)nn23)c1
2201437,CC[C@@H](CO)Nc1ccc2ncc(-c3cccc(NC(C)=O)c3)n2n1
2201462,Cc1[nH]nc(Nc2cc(N3CCN(C)CC3)nc(Nc3ccc(NC(=O)C4CC4)cc3)n2)c1C
2201596,Cc1cc(Nc2nc(Sc3ccc(NC(=O)C4CC4)cc3)nc(N3CCCCC3)n2)n[nH]1
2201766,CC(=O)N1C[C@@H](C)N(c2cccc(-c3cc(-c4ccnn4C4CCOCC4)c4c(N)ncnn34)c2)[C@@H](C)C1
2202299,CC(=O)Nc1cc(-c2ccc(OC[C@@H](N)CC(C)C)c(C)c2)ccn1
2202417,Cc1cc(Nc2nc(Nc3ccc(NC(=O)C4CCCCC4)cc3)nc(N3CCN(C)CC3)n2)n[nH]1
430583,O=c1[nH]c(Nc2ccccc2)nc2c1ncn2CCCCO
2202479,COc1ccc2ncc(-c3ccnc([S+](C)[O-])n3)n2n1
2202594,CC[C@@H](CO)Nc1ccc2ncc(-c3ccnc(S(C)(=O)=O)n3)n2n1
2202701,O=C(Cc1cc([C@@H]2CCNC[C@H]2COc2ccc3c(c2)OCO3)ccc1F)NCc1ccccn1
2202731,CC[C@@H](CO)Nc1ccc2ncc(-c3cc4ccccc4[nH]3)n2n1
165785,Oc1[nH]c(Nc2cccc(Br)c2)nc2ncnc1-2
2202925,O=C(NCc1c(Cl)cccc1Cl)c1cc([C@@H]2CCNC[C@H]2COc2ccc3c(c2)OCO3)ccc1F
2203165,COc1ccc2ncc(-c3ccc(C(F)(F)F)cc3)n2n1
2203167,Cn1cc(Cc2ccc3c(c2)OCO3)nc1N
2203517,C[C@]1(O)CCN(c2c(C#N)c(C(F)(F)F)nc3cc[nH]c23)C1
2204078,Cc1cc(Nc2cc(N3CCCCC3)nc(Sc3ccc(NC(=O)C4CCCCC4)cc3)n2)n[nH]1
2204185,O=C(NCCc1c(F)cccc1F)c1cc([C@@H]2CCNC[C@H]2COc2ccc3c(c2)OCO3)ccc1F
2204188,O=C(Nc1cc(C(F)(F)F)ccc1N1CCCCC1)c1ccncc1
2204426,Cc1cc(Nc2nc(Sc3ccc(NC(=O)C4CCCCC4)cc3)nc(N3CCN(C)CC3)n2)n[nH]1
2204525,CCOc1ccc2nc3cc(NC(=O)c4cccc([N+](=O)[O-])c4)ccc3c(N)c2c1
441558,CC(C)Oc1ccnc2[nH]cc(-c3ccnc(N)n3)c12
441562,CCOc1ccnc2[nH]cc(-c3ccnc(N)n3)c12
2204577,CC(=O)N1CCN(c2cc(-c3cc(C(F)(F)F)c4c(N)ncnn34)ccc2C#N)C(=O)C1(C)C
2204899,Clc1cccc(-c2cnc3ccc(N4CCC(N5CCCCC5)CC4)nn23)c1
2204903,Cc1[nH]nc(Nc2nc(Nc3ccc(NC(=O)C4CCCCC4)cc3)nc(N3CCCCC3)n2)c1C
2204925,Cc1cc(Nc2nc(Nc3ccc(NC(=O)C4CC4)cc3)nc(N3CCOCC3)n2)n[nH]1
2205051,CC(C)(C)n1nc(Oc2cc(F)cc(F)c2)c2c(N)ncnc21
2205115,COc1cc2ncnc(Nc3cc(-c4ccccc4)n(-c4ccccc4)n3)c2cc1OC
2205343,CC[C@@H](CO)Nc1ccc2ncc(-c3cccc(/C=N/O)c3)n2n1
2205455,Cc1[nH]nc(Nc2nc(Sc3ccc(NC(=O)C4CC4)cc3)nc(N3CCCCC3)n2)c1C
2205675,CC(C)(C)n1nc(Sc2cccc(Cl)c2)c2c(N)ncnc21
2207008,CCOc1ccc2nc3cc(NC(=O)c4ccc(Cl)cc4)ccc3c(N)c2c1
2207107,Nc1ncnc2c1c(Oc1cccc(Cl)c1)nn2CC1CNC1
2207331,COc1ccc2ncc(-c3ccnc(SC)n3)n2n1
2207388,CC[C@@H](CO)Nc1ccc2ncc(-c3cc(Cl)ccc3N)n2n1
2207625,Cn1cc(-c2cccc(N3Cc4cc(C(C)(C)C)sc4C3=O)c2CO)cc(Nc2ccncn2)c1=O
60597,CC(C)(C)n1nc(-c2ccc(Cl)cc2)c2c(N)ncnc21
2208756,Nc1ncnc2c1c(Oc1cccc(Cl)c1)nn2CC1CCOCC1
2208941,Cn1cc(-c2cccc(N3CCNc4cc(C(C)(C)C)ccc4C3=O)c2CO)cc(Nc2ccncn2)c1=O
434224,CCN1C[C@H](O)C[C@H]1CN1CCC(c2cc(-c3ccncc3)c(-c3ccc(F)cc3)[nH]2)CC1
2209069,CSc1ccc2ncc(-c3cccc(C(F)(F)F)c3)n2n1
2209640,Cc1cc(Nc2cc(N3CCCCC3)nc(Nc3ccc(NC(=O)C4CC4)cc3)n2)n[nH]1
2209711,CCOc1ccc2nc3cc(NCC4=CC=CCC4=S)ccc3c(N)c2c1
2209777,Cc1cccc(Sc2nn(CC3CCNCC3)c3ncnc(N)c23)c1
2209899,Cc1cc(Nc2cc(N3CCOCC3)nc(Sc3ccc(NC(=O)C4CC4)cc3)n2)n[nH]1
2209902,Nc1ncnc2c1c(Oc1cccc(Cl)c1)nn2CC1CCNCC1(F)F
2209976,FC(F)(F)c1cccc(-c2cnc3ccc(Cl)nn23)c1
2210100,CC[C@@H](CO)Nc1ccc2ncc(-c3cccc(S(C)(=O)=O)c3)n2n1
2210115,COc1cc2ncnc(Nc3cc(O)[nH]n3)c2cc1OC
2210130,Cc1[nH]nc(Nc2cc(N3CCN(C)CC3)nc(Nc3ccc(NC(=O)C4CCCCC4)cc3)n2)c1C
2210138,CC[C@@H](CO)/N=C/c1cccc(-c2cnc3ccc(N[C@@H](CC)CO)nn23)c1
2210201,O=C(Cc1cc([C@@H]2CCNC[C@H]2COc2ccc3c(c2)OCO3)ccc1F)NCCc1cn[nH]c1
2210353,C[C@]1(O)CCN(c2nc(N3C[C@H](O)[C@@H](O)C3)cc(C(F)(F)F)c2C#N)C1
2210796,O=C(NCc1ccccn1)c1cc([C@@H]2CCNC[C@H]2COc2ccc3c(c2)OCO3)ccc1F
2210924,OCCN1CCN(c2ccc3ncc(-c4cccc(Cl)c4)n3n2)CC1
2211145,CC[C@@H](CO)Nc1ccc2ncc(-c3ccnc([S+](C)[O-])n3)n2n1
2211233,CCOC(=O)c1cccc(-c2cnc3ccc(N[C@@H](CC)CO)nn23)c1
2211324,CC[C@@H](CO)NC(=O)c1cccc(-c2cnc3ccc(N[C@@H](CC)CO)nn23)c1
2211549,O=C(NCc1ccccc1C(F)(F)F)c1cc([C@@H]2CCNC[C@H]2COc2ccc3c(c2)OCO3)ccc1F
2211756,Cn1cc(-c2cccc(N3CCc4c(cc5n4CCCC5)C3=O)c2CO)cc(Nc2ccncn2)c1=O
2211775,CN1C(=O)[C@@H](NC(=O)c2n[nH]c(Cc3ccccc3)n2)COc2ccccc21
2212134,CCC(=O)Nc1nc(C)c(-c2csc(Nc3ccc(N(C)C)cc3)n2)s1
2212411,CN(C)S(=O)(=O)n1cc(-c2nc(-c3nc(C4(c5ccccc5)CC4)n(C)n3)cnc2N)cn1
2212417,COc1ccc2ncc(-c3cccc(/C=N/O)c3)n2n1
2212809,O=C(NCc1ccncc1)c1cc([C@@H]2CCNC[C@H]2COc2ccc3c(c2)OCO3)ccc1F
2212980,Nc1ncnc2c1c(Oc1cccc(Cl)c1)nn2CC1CCNC1
2213550,O=C(NCCc1ccccc1)c1cc([C@@H]2CCNC[C@H]2COc2ccc3c(c2)OCO3)ccc1F
2213656,COc1cc(-c2ccnc(NC(C)=O)c2)ccc1OC[C@@H](N)CC(C)C
2214043,CC(C)[C@@H](CO)Nc1ccc2ncc(-c3cccnc3)n2n1
2214076,Cc1[nH]nc(Nc2nc(Sc3ccc(NC(=O)C4CC4)cc3)nc(N3CCN(C)CC3)n2)c1C
2214172,CCOc1ccc2nc3cc(NC(=O)c4ccc(F)cc4)ccc3c(N)c2c1
2214288,Cc1cn(C2CCN(Cc3cccc(Oc4ccccc4)c3)CC2)c(=O)[nH]c1=O
2214387,O=C(NCCc1cccnc1)c1cc([C@@H]2CCNC[C@H]2COc2ccc3c(c2)OCO3)ccc1F
2214410,CC(=O)Nc1cccc(Nc2ccc3ncc(-c4cccc(Cl)c4)n3n2)c1
2214590,Cc1[nH]nc(Nc2nc(Nc3ccc(NC(=O)C4CC4)cc3)nc(N3CCOCC3)n2)c1C
2214665,Nc1ncnc2c1c(Sc1cccc(Cl)c1)cn2CC1CCNCC1
286124,NCCCC[C@H](NC(=O)[C@H](CCCN=C(N)N)NC(=O)[C@H](CCCN=C(N)N)NC(=O)C1CCC(NC(=O)C2CCC(NC(=O)C3CCC(NC(=O)[C@H](CCCCN)NC(=O)[C@H](CCCCN)NC(=O)[C@@H](N)CCCN=C(N)N)CC3)CC2)CC1)C(N)=O
2215214,Cc1[nH]nc(Nc2cc(N3CCOCC3)nc(Sc3ccc(NC(=O)C4CCCCC4)cc3)n2)c1C
2215386,O=C(NCc1ncc[nH]1)c1cc([C@@H]2CCNC[C@H]2COc2ccc3c(c2)OCO3)ccc1F
2215420,CCOC(=O)Nc1ccc2ncc(-c3cccc(Cl)c3)n2n1
2215583,Cc1[nH]nc(Nc2cc(N3CCCCC3)nc(Sc3ccc(NC(=O)C4CCCCC4)cc3)n2)c1C
2215623,O=C(NCCc1c[nH]cn1)c1cc([C@@H]2CCNC[C@H]2COc2ccc3c(c2)OCO3)ccc1F
127616,COC(=O)c1cncnc1N[C@@H]1O[C@H](CN)[C@@H](O)[C@H]1O
2215716,Cc1[nH]nc(Nc2cc(N3CCCCC3)nc(Nc3ccc(NC(=O)C4CC4)cc3)n2)c1C
2215731,CC[C@H](CO)NC(=O)c1cccc(-c2cnc3ccc(Cl)nn23)c1
2216028,Cc1[nH]nc(Nc2nc(Nc3ccc(NC(=O)C4CCCCC4)cc3)nc(N3CCN(C)CC3)n2)c1C
2216042,O=C(NCCc1ccccn1)c1cc([C@@H]2CCNC[C@H]2COc2ccc3c(c2)OCO3)ccc1F
2216359,O=Cc1cccc(-c2cnc3ccc(Cl)nn23)c1
2216440,O=C(NCCc1cc[nH]n1)c1cc([C@@H]2CCNC[C@H]2COc2ccc3c(c2)OCO3)ccc1F
2216574,CC[C@H](CO)NC(=O)c1cccc(-c2cnc3ccc(N[C@H](CC)CO)nn23)c1
2216817,Clc1ccc2ncc(-c3cccnc3)n2n1
2216829,Cc1cc(Nc2nc(Nc3ccc(NC(=O)C4CC4)cc3)nc(N3CCN(C)CC3)n2)n[nH]1
2217036,COc1ccc2ncc(-c3ccnc(N)n3)n2n1
2217044,CNC(=O)c1cc([C@@H]2CCNC[C@H]2COc2ccc3c(c2)OCO3)ccc1F
2217070,O/N=C/c1cccc(-c2cnc3ccc(Cl)nn23)c1
2217108,O=C(NCc1cccnc1)c1cc([C@@H]2CCNC[C@H]2COc2ccc3c(c2)OCO3)ccc1F
2217285,Cc1[nH]nc(Nc2nc(Nc3ccc(NC(=O)C4CC4)cc3)nc(N3CCCCC3)n2)c1C
2217345,Cc1cc(Nc2nc(Sc3ccc(NC(=O)C4CC4)cc3)nc(N3CCOCC3)n2)n[nH]1
2217370,O=C(NCCc1ccncc1)c1cc([C@@H]2CCNC[C@H]2COc2ccc3c(c2)OCO3)ccc1F
2217536,Cn1cc(-c2cccc(N3Cc4cc(C(C)(C)C)ccc4C3=O)c2CO)cc(Nc2ccncn2)c1=O
2217878,CN(C)Cc1ccc2ccc(Cl)c(C3=C(c4cn(C)c5ccccc45)C(=O)NC3=O)c2c1
2218035,COc1cccc(Oc2nn(C(C)(C)C)c3ncnc(N)c23)c1
2219254,CC[C@@H](CO)NC(=O)c1cccc(-c2cnc3ccc(N[C@H](CC)CO)nn23)c1
2219258,COc1ccc2ncc(-c3ccc4[nH]ccc4c3)n2n1
2219273,Cn1ccc(CNC(=O)c2cc([C@@H]3CCNC[C@H]3COc3ccc4c(c3)OCO4)ccc2F)n1
2219940,Cc1[nH]nc(Nc2nc(Sc3ccc(NC(=O)C4CCCCC4)cc3)nc(N3CCN(C)CC3)n2)c1C
2220131,CC(=O)Nc1nc(C)c(-c2csc(Nc3ccccc3)n2)s1
2220337,Cc1cc(Nc2cc(N3CCOCC3)nc(Sc3ccc(NC(=O)C4CCCCC4)cc3)n2)n[nH]1
2220410,CCOc1ccc2nc3cc(NCc4ccc(OC)cc4OC)ccc3c(N)c2c1
2220463,Nc1ncnc2c1c(Cc1cc(F)cc(F)c1)nn2CC1CCNCC1
2220576,Nc1ncnc2c1c(Oc1cccc(Cl)c1)nn2CC1CCNC(=O)C1
2220755,CC[C@@H](CO)Nc1ccc2ncc(/C=C/c3cccc(C(F)(F)F)c3)n2n1
2220769,COc1cc2ncnc(Nc3cc(-c4ccccc4)[nH]n3)c2cc1OC
2220854,CN1CCN(c2ccc(Nc3cc(-c4cccc(N5CCc6c(sc7c6CC(C)(C)C7)C5=O)c4CO)cn(C)c3=O)nc2)CC1
2221579,O=Cc1cccc(-c2cnc3ccc(F)nn23)c1
2221698,COc1ccc(-c2cc(Nc3ncnc4cc(OC)c(OC)cc34)n[nH]2)cc1
2221713,O=C(NCCc1cn[nH]c1)c1cc([C@@H]2CCNC[C@H]2COc2ccc3c(c2)OCO3)ccc1F
2221715,Cc1cc(Nc2cc(N3CCCCC3)nc(Nc3ccc(NC(=O)C4CCCCC4)cc3)n2)n[nH]1
2222024,COc1ccc2sc(C(=O)N(C)Cc3cccc(F)c3)cc2c1
2222257,Cn1cc(-c2cccc(N3CCc4c(nc5n4CCCC5)C3=O)c2CO)cc(Nc2ccncn2)c1=O
2222832,CCN1CCN(c2cc(Nc3n[nH]c(C)c3C)nc(Sc3ccc(NC(=O)C4CC4)cc3)n2)CC1
2222892,CC[C@@H](CO)Nc1ccc2ncc(-c3cc4cc(Br)ccc4[nH]3)n2n1
2223053,COc1ccccc1CNC(=O)Cc1cc([C@@H]2CCNC[C@H]2COc2ccc3c(c2)OCO3)ccc1F
2223501,Cc1[nH]nc(Nc2cc(N3CCCCC3)nc(Nc3ccc(NC(=O)C4CCCCC4)cc3)n2)c1C
2223859,CCOC(=O)Nc1ccc2ncc(-c3cccnc3)n2n1
2224014,COC(=O)Nc1cc(-c2ccc(OC[C@@](C)(N)CC(C)C)c(C3CC3)c2)ccn1
2224242,Cc1c(NC(=O)c2cc3c(s2)CCCC3)cccc1-c1cc(Nc2ccncn2)c(=O)n(C)c1
2224275,CC[C@@H](CO)Nc1ccc2ncc(-c3ccnc(N)n3)n2n1
2224376,O=C(Cc1cc([C@@H]2CCNC[C@H]2COc2ccc3c(c2)OCO3)ccc1F)NCCc1ccccn1
2224377,Cc1cc(Nc2nc(Sc3ccc(NC(=O)C4CCCCC4)cc3)nc(N3CCOCC3)n2)n[nH]1
2224473,CCOc1ccc2nc3cc(NC(=O)c4ccc5ccccc5c4)ccc3c(N)c2c1
2224830,CC[C@H](CO)/N=C/c1cccc(-c2cnc3ccc(N[C@H](CC)CO)nn23)c1
430629,O=c1[nH]c(=O)n([C@@H]2C[C@H](O)[C@@H](CO)O2)cc1I
2225203,Cn1cc(-c2cccc(N3CCc4cc(C(C)(C)C)ccc4C3=O)c2CO)cc(Nc2ccncn2)c1=O
2225378,FC(F)(F)c1ccc(-c2cnc3ccc(Cl)nn23)cc1
2225994,COc1ccc2nc3cc(NC(=O)Nc4ccc(C#N)cc4)ccc3c(N)c2c1
2226313,CC[C@@H](CO)Nc1ccc2ncc(-c3cccc(C(F)(F)F)c3)n2n1
281739,NC(=O)CN1CCC(n2cc(-c3cccc(O)c3)c3c(N)ncnc32)C1
2226856,CC(C)(C)n1nc(Nc2cccc(Cl)c2)c2c(N)ncnc21
2226886,Cc1cc(Nc2nc(Sc3ccc(NC(=O)C4CC4)cc3)nc(N3CCN(C)CC3)n2)n[nH]1
2226977,CCOc1ccc2nc3cc(NC(=O)c4ccc([N+](=O)[O-])cc4)ccc3c(N)c2c1
2227155,O=C(NCc1cn[nH]c1)c1cc([C@@H]2CCNC[C@H]2COc2ccc3c(c2)OCO3)ccc1F
2227171,Nc1ccc(Cl)cc1-c1cnc2ccc(Cl)nn12
2227826,CC(C)(C)n1nc(Oc2cccc(Cl)c2)c2c(N)ncnc21
2228127,CN1C(=O)[C@@H](N2CCc3cn(Cc4ccccc4)nc3C2=O)COc2ccccc21
2228272,CCOc1ccc2nc3cc(NC(=O)c4ccccc4)ccc3c(N)c2c1
2228325,Nc1ncnc2c1c(Oc1cccc(Cl)c1)nn2Cc1ccncc1
2228445,Nc1ncnc2c1c(Sc1cccc(Cl)c1)nn2CC1CCNCC1(F)F
2228628,CC[C@@H](CO)Nc1ccc2ncc(-c3cccc(N)c3)n2n1
2229138,Cn1nc(-c2cnc(N)c(-c3nnc(C(C)(C)C)o3)n2)nc1C1(c2ccccc2)CC1
2229453,Nc1cccc(-c2cnc3ccc(Cl)nn23)c1
2229535,Cc1cc(Nc2cc(N3CCCCC3)nc(Sc3ccc(NC(=O)C4CC4)cc3)n2)n[nH]1
2229563,CC[C@@H](CO)Nc1ccc2ncc(-c3cccc(SC)c3)n2n1
2229587,Cc1[nH]nc(Nc2cc(N3CCOCC3)nc(Nc3ccc(NC(=O)C4CC4)cc3)n2)c1C
430411,CCN1/C(=C/C(C)=O)Sc2ccc(OC)cc21
2230055,O=C(NCc1ccn[nH]1)c1cc([C@@H]2CCNC[C@H]2COc2ccc3c(c2)OCO3)ccc1F
2230100,Cn1cc(-c2cccc(N3CCn4c(cc5c4CC(C)(C)C5)C3=O)c2CO)cc(Nc2ccncn2)c1=O
2230134,CSc1ccc2ncc(-c3ccc4[nH]ccc4c3)n2n1
2230634,Cc1cc(Nc2cc(N3CCOCC3)nc(Nc3ccc(NC(=O)C4CC4)cc3)n2)n[nH]1
2230681,CC[C@@H](CO)Nc1ccc2ncc(-c3ccc4[nH]ccc4c3)n2n1
2230769,Nc1ncnc2c1c(Sc1cccc(Cl)c1)nn2CC1CCNCC1
2230834,COc1cccc(OC)c1CNC(=O)c1cc([C@@H]2CCNC[C@H]2COc2ccc3c(c2)OCO3)ccc1F
2230884,CN1CCC(Cn2nc(Oc3cccc(Cl)c3)c3c(N)ncnc32)CC1
2231038,COc1ccc2ncc(/C=C/c3cccc(C(F)(F)F)c3)n2n1
2231192,O=C(NCc1c(F)cccc1F)c1cc([C@@H]2CCNC[C@H]2COc2ccc3c(c2)OCO3)ccc1F
2231853,Clc1ccc2ncc(-c3ccc4[nH]ccc4c3)n2n1
2231958,CC[C@@H](CO)Nc1ccc2ncc(-c3ccnc(SC)n3)n2n1
2232028,CC[C@@H](CO)Nc1ccc2ncc(-c3cccc(C(=O)O)c3)n2n1
2232125,Cc1[nH]nc(Nc2nc(Sc3ccc(NC(=O)C4CCCCC4)cc3)nc(N3CCCCC3)n2)c1C
2232208,CCOc1ccc2nc3cc(NC(=O)c4cccc(C#N)c4)ccc3c(N)c2c1
2232237,Cc1[nH]nc(Nc2nc(Nc3ccc(NC(=O)C4CCCCC4)cc3)nc(N3CCOCC3)n2)c1C
2232584,CC[C@@H](CO)N(C(C)=O)c1ccc2ncc(-c3cccc(NC(C)=O)c3)n2n1
2232610,Cc1cc(Nc2nc(Nc3ccc(NC(=O)C4CC4)cc3)nc(N3CCCCC3)n2)n[nH]1
2232735,Cc1cc(-c2cc(C(F)F)c(OC[C@@](C)(N)CC(C)C)cn2)ccn1
2232782,CCCCCCCCOc1ccc(-c2noc([C@H]3CCCN3C(=N)N)n2)cc1C(F)(F)F
2233015,CC[C@@H](CO)Nc1ccc2ncc(-c3cccc(C=O)c3)n2n1
2233142,CC[C@@H](CO)NC(=O)c1cccc(-c2cnc3ccc(Cl)nn23)c1
2233410,O=C(NCc1ccc(C(F)(F)F)cc1)c1cccc(CN2CCCCC2)c1
431894,CCC(=O)c1c(-c2ccccc2)c2cc(Cl)ccc2c(=O)n1Cc1cc(C(=O)NC2CC2)n(CC(F)F)n1
2233680,Nc1ncnc2c1c(Oc1cccc(Cl)c1)nn2CC1CCNCC1
429302,O=C1Nc2cc(Br)ccc2/C1=C1/Nc2ccccc2/C1=N\O
2234557,Cc1cccc(Oc2nn(C(C)(C)C)c3ncnc(N)c23)c1
2234583,Cc1[nH]nc(Nc2nc(Sc3ccc(NC(=O)C4CC4)cc3)nc(N3CCOCC3)n2)c1C
2234677,CCOc1ccc2nc3cc(NC(=O)c4ccc(C#N)cc4)ccc3c(N)c2c1
2235055,Cc1[nH]nc(Nc2nc(Nc3ccc(NC(=O)C4CC4)cc3)nc(N3CCN(C)CC3)n2)c1C
2235129,Nc1ncnc2c1c(Oc1ccc(F)c(Cl)c1)nn2CC1CCNCC1
2235226,CCCCCCCCc1ccc2cc(-c3noc([C@@H]4CCCN4C(=N)N)n3)ccc2c1
286777,NCCCC[C@H](NC(=O)[C@H](CCCN=C(N)N)NC(=O)[C@H](CCCN=C(N)N)NC(=O)[C@H](Cc1ccccc1)NC(=O)[C@H](CCCCN)NC(=O)[C@H](Cc1ccc(O)cc1)NC(=O)[C@H](CCCCN)NC(=O)[C@H](CCCCN)NC(=O)[C@@H](N)CCCN=C(N)N)C(N)=O
2235622,CCOc1ccc2nc3cc(NCc4ccccc4)ccc3c(N)c2c1
2236048,Nc1ncnc2c1c(Cc1cccc(Cl)c1)nn2CC1CCNCC1
2236156,N#Cc1ccc(NC(=O)Nc2ccc3c(N)c4cc(O)ccc4nc3c2)cc1
2236315,Cn1cc(-c2cccc(N3CCOc4cc(C(C)(C)C)ccc4C3=O)c2CO)cc(Nc2ccncn2)c1=O
439133,CC(C)(C)Cn1cnc2ccc(-c3[nH]c(-c4c(F)cccc4Cl)nc3-c3ccccc3)nc21.CS(=O)(=O)O
2237023,CC(C)(C)n1nc(Oc2cccc(C(F)(F)F)c2)c2c(N)ncnc21
2237167,FC(F)(F)c1cccc(/C=C/c2cnc3ccc(Cl)nn23)c1
2237279,CC[C@@H](CO)Nc1ccc2ncc(-c3ccsc3)n2n1
2237292,COc1cc2ncnc(Nc3n[nH]cc3C#N)c2cc1OC
2237304,Cc1cc(CNC(=O)c2cc([C@@H]3CCNC[C@H]3COc3ccc4c(c3)OCO4)ccc2F)n[nH]1
2237307,Cc1[nH]nc(Nc2cc(N3CCOCC3)nc(Nc3ccc(NC(=O)C4CCCCC4)cc3)n2)c1C
2237689,CN1C(=O)[C@@H](N2CCc3cn(CC4CCS(=O)(=O)CC4)nc3C2=O)COc2ccccc21
2237969,Cc1[nH]nc(Nc2nc(Sc3ccc(NC(=O)C4CCCCC4)cc3)nc(N3CCOCC3)n2)c1C
2238018,COc1ccc2ncc(-c3cccc(C(F)(F)F)c3)n2n1
2238148,CC[C@H](CO)NC(=O)c1cccc(-c2cnc3ccc(N[C@@H](CC)CO)nn23)c1
2238356,Cc1cc(Nc2cc(N3CCN(C)CC3)nc(Sc3ccc(NC(=O)C4CCCCC4)cc3)n2)n[nH]1
2238493,Nc1ncnc2c1c(Nc1cccc(Cl)c1)nn2CC1CCNCC1
2238567,Cc1cccc(C)c1CNC(=O)c1cc([C@@H]2CCNC[C@H]2COc2ccc3c(c2)OCO3)ccc1F
2238618,Nc1ncnc2c1c(Oc1cccc(Cl)c1)nn2CC1(C(F)(F)F)CC1
2239309,O=C(NCc1ccccc1)c1cc([C@@H]2CCNC[C@H]2COc2ccc3c(c2)OCO3)ccc1F
2239588,Fc1ccc2ncc(-c3cccc(C(F)(F)F)c3)n2n1
2239715,COc1cc2ncnc(Nc3cc(-c4ccc(Cl)cc4)[nH]n3)c2cc1OC
2239725,Cc1cc(Nc2cc(N3CCOCC3)nc(Nc3ccc(NC(=O)C4CCCCC4)cc3)n2)n[nH]1
2240276,Cn1cc(-c2cccc(N3CCn4c(nc5c4CCCC5)C3=O)c2CO)cc(Nc2ccncn2)c1=O
2240309,CN1C(=O)[C@@H](N2CCc3c(nn(Cc4ccccc4)c3Cl)C2=O)COc2cc(C#N)ccc21
2240867,CC[C@@H](CO)Nc1ccc2ncc(-c3cccnc3)n2n1
2241047,COc1ccccc1CNC(=O)c1cc([C@@H]2CCNC[C@H]2COc2ccc3c(c2)OCO3)ccc1F
2242218,Cc1cc(Nc2cc(N3CCN(C)CC3)nc(Nc3ccc(NC(=O)C4CCCCC4)cc3)n2)n[nH]1
2242303,CC(C)(C)n1nc(Oc2cccc(Br)c2)c2c(N)ncnc21
2242329,Cc1cc(Nc2nc(Sc3ccc(NC(=O)C4CCCCC4)cc3)nc(N3CCCCC3)n2)n[nH]1
2242416,CCOc1ccc2nc3cc(NC(=O)c4cc(C(F)(F)F)cc(C(F)(F)F)c4)ccc3c(N)c2c1
2242782,CC(=O)Nc1cccc(Nc2ccc3ncc(-c4cccc(NC(C)=O)c4)n3n2)c1
2242807,Cc1cc(Nc2nc(Nc3ccc(NC(=O)C4CCCCC4)cc3)nc(N3CCOCC3)n2)n[nH]1
2244207,CC[C@@H](CO)Nc1ccc2ncc(-c3ccc(C(F)(F)F)cc3)n2n1
430613,NC(=O)c1ccc(-c2nc(-c3ccc4c(c3)OCCO4)c(-c3ccccn3)[nH]2)cc1
430922,OC[C@H]1O[C@@H](n2ccc3c(SCc4ccccc4)ncnc32)[C@H](O)[C@@H]1O
2244995,CC[C@@H](CO)Nc1ccc2ncc(-c3cccc(Cl)c3)n2n1
2245002,COc1cc2ncnc(Nc3cc(-c4ccc(F)cc4)[nH]n3)c2cc1OC
2245011,Cn1nccc1CNC(=O)c1cc([C@@H]2CCNC[C@H]2COc2ccc3c(c2)OCO3)ccc1F
2245467,Cc1cc(Nc2cc(N3CCN(C)CC3)nc(Nc3ccc(NC(=O)C4CC4)cc3)n2)n[nH]1
2245933,Cc1nc2ccc(-c3n[nH]c4ccc(C(=O)N[C@@H]5CCC[C@](O)(Cc6ccccc6F)C5)cc34)cc2s1
2245978,O=C(N[C@@H]1CCCN(Cc2csc3ccccc23)C1)N1CCc2[nH]nc(-c3ccc4nccn4c3)c2C1
2246413,Cc1cc(-c2n[nH]c3ccc(C(=O)N[C@@H]4CCC[C@@](O)(Cn5ncc6cnccc65)C4)cc23)ccn1
2246506,CC(C)Oc1ccc(-c2n[nH]c3ccc(C(=O)N[C@@H]4CCC[C@](O)(Cc5ccccc5F)C4)cc23)cn1
2246690,Cc1cc(-c2n[nH]c3ccc(C(=O)N[C@@H]4CCC[C@@](O)(Cn5c(=O)ccc6ccccc65)C4)cc23)ccn1
2246865,COc1cccc(F)c1C[C@@]1(O)CCC[C@@H](NC(=O)c2ccc3[nH]nc(-c4ccc5nccn5c4)c3c2)C1
2246904,Cc1cc(-c2n[nH]c3ccc(C(=O)N[C@@H]4CCC[C@](O)(Cn5ncc6cnccc65)C4)cc23)ccn1
2247001,C[C@H](CO)C(=O)N1CCC(c2nc(-c3cnc(N)c(-c4nnc(C(C)(C)C)o4)n3)n(C)n2)CC1
2247093,O=C(N[C@@H]1CCCN(Cc2csc3ccccc23)C1)N1CCc2[nH]nc(-c3ccncc3)c2C1
2247132,Cc1cc(-c2n[nH]c3c2CN(C(=O)N[C@@H]2CCCN(Cc4cccc5ccccc45)C2)CC3)ccn1
2247140,Cc1cc(-c2n[nH]c3ccc(C(=O)N[C@@H]4CCC[C@@](O)(Cn5c(C)nc6cnccc65)C4)cc23)ccn1
2247372,Cc1ccsc1CN1CCC[C@@H](NC(=O)N2CCc3[nH]nc(-c4ccncc4)c3C2)C1
2247503,Cc1nc2ccc(-c3n[nH]c4ccc(C(=O)N[C@@H]5CCC[C@](O)(Cc6ccccc6F)C5)cc34)cn2n1
2247555,COc1cccc(F)c1C[C@@]1(O)CCC[C@@H](NC(=O)c2ccc3[nH]nc(-c4ccc5nc(C)sc5c4)c3c2)C1
434588,CS(=O)(=O)N1CCN(S(C)(=O)=O)C(CN2CCC(c3cc(-c4ccncc4)c(-c4ccc(F)cc4)[nH]3)CC2)C1
2247716,Cc1cc(-c2n[nH]c3ccc(C(=O)N[C@@H]4CCC[C@@](O)(Cn5cncn5)C4)cc23)ccn1
2247904,COc1cccc(F)c1C[C@@]1(O)CCC[C@@H](NC(=O)c2ccc3[nH]nc(-c4ccnc(OC(C)C)c4)c3c2)C1
2248022,Cc1cc(-c2n[nH]c3ccc(C(=O)N[C@@H]4CCC[C@](O)(Cn5cc6cccnc6n5)C4)cc23)ccn1
2248083,Cc1ccc(CN2CCC[C@@H](NC(=O)N3CCc4[nH]nc(-c5ccncc5)c4C3)C2)s1
2248091,CC(=O)n1cc(CN2CCC[C@@H](NC(=O)N3CCc4[nH]nc(-c5ccncc5)c4C3)C2)c2ccccc21
2248114,Cc1cc(-c2n[nH]c3ccc(C(=O)N[C@@H]4CCC[C@](O)(Cn5cnc6cccnc65)C4)cc23)ccn1
2248194,Cc1cc(-c2n[nH]c3ccc(C(=O)N[C@@H]4CCC[C@](O)(Cn5cnc6ncccc65)C4)cc23)ccn1
2248227,Cc1cccc(C)c1CN1CCC[C@@H](NC(=O)N2CCc3[nH]nc(-c4ccc5nccn5c4)c3C2)C1
2248393,Cc1cc(-c2n[nH]c3ccc(C(=O)N[C@@H]4CCC[C@@](O)(CN5C(=O)Cc6ccccc65)C4)cc23)ccn1
2248470,Cc1cc(-c2n[nH]c3ccc(C(=O)N[C@@H]4CCC[C@](O)(Cn5ncc6ccccc65)C4)cc23)ccn1
2248520,Cc1cc(-c2n[nH]c3ccc(C(=O)N[C@@H]4CCC[C@@](O)(Cn5ncc6ccncc65)C4)cc23)ccn1
2248703,Cc1cc(-c2n[nH]c3ccc(C(=O)N[C@@H]4CCC[C@@](O)(Cn5ncc6cccnc65)C4)cc23)ccn1
2248732,Cc1cc(-c2n[nH]c3ccc(C(=O)N[C@@H]4CCC[C@@](O)(Cn5cnc6cccnc65)C4)cc23)ccn1
2248757,O=C(N[C@@H]1CCC[C@@](O)(Cn2ncc3ncccc32)C1)c1ccc2[nH]nc(-c3ccc4nccn4c3)c2c1
2248778,CC(C)Oc1cc(-c2n[nH]c3ccc(C(=O)N[C@@H]4CCC[C@](O)(Cc5ccccc5F)C4)cc23)ccn1
2248813,Cc1cc(-c2n[nH]c3ccc(C(=O)N[C@@H]4CCC[C@@](O)(Cn5ncc6ccccc65)C4)cc23)ccn1
2248922,Cn1cc2cc(-c3n[nH]c4ccc(C(=O)N[C@@H]5CCC[C@](O)(Cn6cnc7ccccc76)C5)cc34)ccc2n1
2248932,COc1cccc(F)c1CN1CCC[C@@H](NC(=O)N2CCc3[nH]nc(-c4ccncc4)c3C2)C1
2249200,Cn1cc2cc(-c3n[nH]c4ccc(C(=O)N[C@@H]5CCC[C@@](O)(Cn6cccn6)C5)cc34)ccc2n1
2249540,Cc1nc2ccc(-c3n[nH]c4ccc(C(=O)N[C@@H]5CCC[C@](O)(Cc6c(F)cccc6F)C5)cc34)cn2n1
2249650,O=C(N[C@@H]1CCCN(Cc2cccc3ccccc23)C1)N1CCc2[nH]nc(-c3ccc4nccn4c3)c2C1
2249684,Cn1c(CN2CCC[C@@H](NC(=O)N3CCc4[nH]nc(-c5ccncc5)c4C3)C2)cc2ccccc21
2249786,O=C(N[C@H]1CNC[C@@H]1c1ccccc1)N1CCc2[nH]nc(-c3ccncc3)c2C1
2249847,C[C@@H]1COCCN1c1nc(N2CCOC[C@@H]2C)nc2[nH]c(-c3cc[nH]n3)nc12
2249918,O=C(N[C@@H]1CCC[C@](O)(Cc2ccccc2F)C1)c1ccc2[nH]nc(-c3ccc4nccn4c3)c2c1
2250070,Cc1cc(-c2n[nH]c3ccc(C(=O)N[C@@H]4CCC[C@@](O)(Cn5c(C(F)(F)F)nc6ccccc65)C4)cc23)ccn1
2250148,CC(C)Oc1ccc(-c2n[nH]c3ccc(C(=O)N[C@@H]4CCC[C@](O)(Cc5c(F)cccc5F)C4)cc23)cn1
431891,CCC(=O)c1c(-c2ccccc2)c2cc(Cl)ccc2c(=O)n1Cc1cc(S(C)(=O)=O)n(CC(F)F)n1
2250242,Cc1cc(-c2n[nH]c3ccc(C(=O)N[C@@H]4CCC[C@@](O)(Cn5cc6cccnc6n5)C4)cc23)ccn1
2250341,COc1cccc(F)c1C[C@@]1(O)CCC[C@@H](NC(=O)c2ccc3[nH]nc(-c4ccnc(C)c4)c3c2)C1
2250381,Cn1cc2cc(-c3n[nH]c4ccc(C(=O)N[C@@H]5CCC[C@](O)(Cn6ccnc6)C5)cc34)ccc2n1
2250441,Cc1cccc(C)c1CN1CCC[C@@H](NC(=O)N2CCc3[nH]nc(-c4ccncc4)c3C2)C1
2250496,Cc1cc(-c2n[nH]c3ccc(C(=O)N[C@@H]4CCC[C@](O)(Cn5ncccc5=O)C4)cc23)ccn1
2250546,Cc1nc2ccc(-c3n[nH]c4ccc(C(=O)N[C@@H]5CCC[C@](O)(Cc6c(F)cccc6F)C5)cc34)cc2s1
2250666,Cn1cc2cc(-c3n[nH]c4ccc(C(=O)N[C@@H]5CCC[C@](O)(Cc6c(F)cccc6F)C5)cc34)ccc2n1
2250701,Cc1cc(-c2n[nH]c3ccc(C(=O)N[C@@H]4CCC[C@](O)(Cn5c(C)nc6cnccc65)C4)cc23)ccn1
2251070,Cc1cc(-c2n[nH]c3ccc(C(=O)N[C@@H]4CCC[C@](O)(CN5C(=O)Cc6ccccc65)C4)cc23)ccn1
2251138,Cc1cc(-c2n[nH]c3ccc(C(=O)N[C@@H]4CCC[C@](O)(Cn5cncn5)C4)cc23)ccn1
2251233,O=C(N[C@@H]1CCCN(Cc2c(F)cccc2F)C1)N1CCc2[nH]nc(-c3ccncc3)c2C1
2251335,Cc1noc(-c2ccccc2)c1CN1CCC[C@@H](NC(=O)N2CCc3[nH]nc(-c4ccncc4)c3C2)C1
2251346,Cn1cc2cc(-c3n[nH]c4ccc(C(=O)N[C@@H]5CCC[C@](O)(Cn6cccn6)C5)cc34)ccc2n1
2251389,CCCCCCCCCCCCc1ccc(C(=O)N2CCC[C@@H]2/C(N)=N/O)cc1
2251579,Cc1cc(-c2n[nH]c3ccc(C(=O)N[C@@H]4CCCC(F)(Cc5ccccc5F)C4)cc23)ccn1
2251589,COc1cccc(F)c1CN1CCC[C@@H](NC(=O)N2CCc3[nH]nc(-c4ccc5nccn5c4)c3C2)C1
2251704,Cn1cc2cc(-c3n[nH]c4ccc(C(=O)N[C@@H]5CCC[C@@](O)(Cn6cnc7ccccc76)C5)cc34)ccc2n1
2252083,Cc1cc(-c2n[nH]c3ccc(C(=O)N[C@@H]4CCC[C@@](O)(Cn5cnc6ncccc65)C4)cc23)ccn1
2252161,Cn1cc2cc(-c3n[nH]c4ccc(C(=O)N[C@@H]5CCC[C@@](O)(Cn6ccnc6)C5)cc34)ccc2n1
2252254,COc1cccc(F)c1C[C@@]1(O)CCC[C@@H](NC(=O)c2ccc3[nH]nc(-c4ccc(OC(C)C)cc4)c3c2)C1
439131,CC(C)(C)Cn1cnc2ccc(-c3[nH]c(C(C)(C)C)nc3-c3ccc(F)cc3)nc21.CS(=O)(=O)O
2252373,O=C(N[C@@H]1CCC[C@](O)(Cc2c(F)cccc2F)C1)c1ccc2[nH]nc(-c3ccc4ncsc4c3)c2c1
2253515,Cn1cc(CN2CCC[C@@H](NC(=O)N3CCc4[nH]nc(-c5ccncc5)c4C3)C2)c2ccccc21
2253530,Cc1cc(-c2n[nH]c3ccc(C(=O)N[C@@H]4CCC[C@@](O)(Cn5cc6ccccc6n5)C4)cc23)ccn1
2253679,Cc1cc(-c2n[nH]c3ccc(C(=O)N[C@@H]4CCC[C@](O)(Cn5c(=O)ccc6ccccc65)C4)cc23)ccn1
2253909,Cc1cc(-c2n[nH]c3ccc(C(=O)N[C@@H]4CCC[C@](O)(Cn5cc6ccccc6n5)C4)cc23)ccn1
2253940,O=C(N[C@@H]1CCC[C@](O)(Cn2ccccc2=O)C1)c1ccc2[nH]nc(-c3ccc4nccn4c3)c2c1
2253990,O=C(N[C@@H]1CCCN(Cc2ccccc2F)C1)N1CCc2[nH]nc(-c3ccncc3)c2C1
2254315,Cc1cc(-c2n[nH]c3ccc(C(=O)N[C@@H]4CCC[C@](O)(Cn5c(C(F)(F)F)nc6ccccc65)C4)cc23)ccn1
2254321,Cc1onc(-c2ccccc2)c1CN1CCC[C@@H](NC(=O)N2CCc3[nH]nc(-c4ccncc4)c3C2)C1
2254403,Cc1cc(-c2n[nH]c3ccc(C(=O)N[C@@H]4CCC[C@@](O)(Cn5ncccc5=O)C4)cc23)ccn1
2254652,Cc1cc(/C=C/CCN2CCCC3(CCNCC3)C2)ccc1Cc1c(O[C@@H]2O[C@H](CO)[C@@H](O)[C@H](O)[C@H]2O)n[nH]c1C(C)C
2254702,Cc1cc(-c2n[nH]c3ccc(C(=O)N[C@@H]4CCC[C@](O)(Cn5ncc6ccncc65)C4)cc23)ccn1
2254802,O=C(N[C@@H]1CCCN(Cc2ccccc2Cl)C1)N1CCc2[nH]nc(-c3ccncc3)c2C1
288318,NCCCC[C@H](NC(=O)[C@H](CCCN=C(N)N)NC(=O)[C@H](CCCN=C(N)N)NC(=O)[C@H](Cc1ccc(O)cc1)NC(=O)[C@H](CCCCN)NC(=O)C1CCC(NC(=O)[C@H](CCCCN)NC(=O)[C@H](CCCCN)NC(=O)[C@@H](N)CCCN=C(N)N)CC1)C(N)=O
441662,COc1ccnc2c1c(-c1ccnc(N)n1)c1ccnc(N)n12
2257377,O=C(O)c1ccc(-c2c[nH]c3ncccc23)cc1C1CCCC1
2257465,CN(C)Cc1cccc(-c2cc3c(-c4ccc(C(N)=O)cc4)ccnc3[nH]2)c1
2257598,CN(C)Cc1ccc(-c2cc3c(-c4ccc(C(N)=O)cc4)ccnc3[nH]2)cc1
2257701,COCCS(=O)(=O)Nc1cc(-c2sc(NC(C)=O)nc2C)cc2c1C(=O)N([C@@H](C)C1CC1)C2
2257786,Cc1cc(OCCN2CCOCC2)ccc1-c1cc2c(-c3ccc(C(N)=O)cc3)ccnc2[nH]1
2257847,CC(=O)Nc1nc(C)c(-c2cc3c(c(S(C)(=O)=O)c2)C(=O)N([C@@H](C)C2CC2)C3)s1
2257991,COc1ccccc1Nc1nccc(-c2ccc(C(=O)O)cc2)n1
2258023,COc1ccccc1-c1cnc2[nH]cc(-c3ccc(C(N)=O)c(C4CCCC4)c3)c2c1
2258104,COc1ccccc1Nc1ncc(Cl)c(-c2ccc(C(N)=O)c(C(C)C)c2)n1
2258136,CC(=O)Nc1nc(C)c(-c2cc(C)c3c(c2)CN([C@@H](C)C2CC2)C3=O)s1
2258202,Cc1cc(OCCN2CCOCC2)ccc1-c1cc2c(-c3ccc(C(N)=O)c(C(C)C)c3)ccnc2[nH]1
2258257,NC(=O)c1ccc(-c2ccnc(Nc3cccc(-c4ccccc4)c3)n2)cc1
2258292,CC(=O)Nc1nc(C)c(-c2cc(Cl)c3c(c2)CN([C@@H](C)C2CC2)C3=O)s1
2258431,CN(C)CCCNC(=O)c1cccc(-c2cc3c(-c4ccc(C(N)=O)cc4)ccnc3[nH]2)c1
2258447,CN(C)c1ccccc1-c1cnc2[nH]cc(-c3ccc(C(N)=O)c(C4CCCC4)c3)c2c1
2258464,COc1cc(-c2ccc3c(n2)[C@@H](C)N(c2cnn(CC(F)(F)F)c2)C3=O)cnc1OC
2258755,N#Cc1ccc2c(-c3ccc(C(=O)O)c(C4CCCC4)c3)c[nH]c2n1
2258767,Cc1cc(OCCN2CCOCC2)ccc1-c1cc2c(-c3ccc(C#N)cc3)ccnc2[nH]1
2258831,CN(C)CCCNC(=O)c1ccc(-c2cc3c(-c4ccc(C(N)=O)cc4)ccnc3[nH]2)cc1
2258841,CC(=O)Nc1nc(C)c(-c2cc(C)c3c(c2)CNC3=O)s1
2258936,CC(C)c1cc(-c2c[nH]c3ncc(-c4ccccc4)cc23)ccc1C(=O)O
2259010,O=C(O)c1ccc(-c2ccnc(Nc3cccc(-c4ccccc4)c3)n2)cc1
2259021,Cc1ccc(CN2CCOCC2)cc1-c1cc2c(-c3ccc(C(N)=O)cc3)ccnc2[nH]1
2259087,CC(=O)Nc1nc(C)c(-c2cc3c(c(NS(C)(=O)=O)c2)C(=O)N([C@@H](C)C2CC2)C3)s1
2259105,C[C@@H](C1CC1)N1Cc2cc(-c3cnc(N)nc3)cc(Cl)c2C1=O
2259248,CC(C)Oc1ccccc1-c1cnc2[nH]cc(-c3ccc(C(N)=O)c(C4CCCC4)c3)c2c1
2259331,COc1ccccc1Nc1nccc(-c2ccc(C(N)=O)c(C(C)C)c2)n1
286894,CC(C)[C@H](NC(=O)[C@H](CCCCN)NC(=O)[C@H](Cc1ccc(O)cc1)NC(=O)[C@H](CCCCN)NC(=O)[C@H](CCCCN)NC(=O)[C@@H](N)CCCN=C(N)N)C(=O)N[C@@H](CCCN=C(N)N)C(=O)N[C@@H](CCCN=C(N)N)C(=O)N[C@@H](CCCCN)C(N)=O
2259488,COc1ccccc1Nc1ncc(F)c(-c2ccc(C(N)=O)c(C(C)C)c2)n1
2259524,CC(=O)Nc1nc(C)c(-c2cc(Cl)c3c(c2)CN([C@H](C)C2CC2)C3=O)s1
2259576,NC(=O)c1c(O)cc(O)c2c1oc1c(N)ncnc12
2259668,CS(=O)(=O)Nc1cccc(-c2cc3c(-c4ccc(C(N)=O)cc4)ccnc3[nH]2)c1
2259805,CS(=O)(=O)Nc1ccc(-c2cc3c(-c4ccc(C(N)=O)cc4)ccnc3[nH]2)cc1
2259842,Cc1ccc2c(-c3ccc(C(=O)O)c(C4CCCC4)c3)c[nH]c2n1
2259921,COCCNS(=O)(=O)c1cc(-c2sc(NC(C)=O)nc2C)cc2c1C(=O)N([C@@H](C)C1CC1)C2
2260150,Cc1ccc(CN2CCOCC2)cc1-c1cc2c(-c3ccc(C#N)c(C(C)C)c3)ccnc2[nH]1
2260228,CC(=O)Nc1nc(C)c(-c2cc3c(c(S(N)(=O)=O)c2)C(=O)N([C@@H](C)C2CC2)C3)s1
2260231,Cc1cc(OCCN2CCOCC2)ccc1-c1cc2c(-c3ccc(C#N)c(C(C)C)c3)ccnc2[nH]1
2260268,COc1ccccc1-c1cc2c(-c3ccc(C(N)=O)c(C4CCCC4)c3)ccnc2[nH]1
2260278,NC(=O)c1c(O)cc(O)c2c1oc1c(=O)[nH]cnc12
2260316,COc1ccc(-c2ccccc2)cc1Nc1nccc(-c2ccc(C(N)=O)cc2)n1
2260343,Cc1cc(-c2cnc3[nH]ccc3n2)cc2c1C(=O)N([C@@H](C)C1CC1)C2
2260408,Cc1c(OCCN2CCOCC2)cccc1-c1cc2c(-c3ccc(C(N)=O)cc3)ccnc2[nH]1
2260500,Cc1cc(-c2nccnc2N)cc2c1C(=O)N([C@@H](C)C1CC1)C2
2260501,NC(=O)c1ccc(-c2c[nH]c3ncc(-c4ccccc4OC(F)(F)F)cc23)cc1C1CCCC1
2260630,Cc1c(CN2CCOCC2)cccc1-c1cc2c(-c3ccc(C(N)=O)cc3)ccnc2[nH]1
2260641,NC(=O)c1ccc(-c2c[nH]c3ncc(-c4ccccc4O)cc23)cc1C1CCCC1
2260731,COc1ccccc1Nc1nccc(-c2ccc(C(N)=O)cc2)n1
2260821,CC(C)c1cc(-c2c[nH]c3nc(C#N)ccc23)ccc1C(=O)O
2260910,COc1ccccc1Nc1ncc(F)c(-c2ccc(C(=O)O)c(C(C)C)c2)n1
2260970,NC(=O)c1c(O)cc(O)c2c1oc1c(=O)[nH]c(=O)[nH]c12
2261053,COc1ccccc1-c1cc2c(-c3ccc(C(N)=O)cc3)ccnc2[nH]1
2261148,CC(=O)Nc1nc(C)c(-c2cc3c(c(S(=O)(=O)CCCO)c2)C(=O)N([C@@H](C)C2CC2)C3)s1
2261281,COc1ccccc1Nc1nccc(-c2ccc(C(=O)O)c(C(C)C)c2)n1
2261291,CNS(=O)(=O)c1cc(-c2sc(NC(C)=O)nc2C)cc2c1C(=O)N([C@@H](C)C1CC1)C2
2261482,Cc1ccc(CN2CCOCC2)cc1-c1cc2c(-c3ccc(C(N)=O)c(C(C)C)c3)ccnc2[nH]1
2261534,NC(=O)c1ccc(-c2ccnc(Nc3cc(-c4ccccc4)ccc3F)n2)cc1
2261568,CC(=O)Nc1ncc(-c2cc(Cl)c3c(c2)CN([C@@H](C)C2CC2)C3=O)s1
2261632,Cc1ccc(CN2CCOCC2)cc1-c1cc2c(-c3ccc(C#N)cc3)ccnc2[nH]1
2261682,Cc1ccc(-c2ccccc2)cc1Nc1nccc(-c2ccc(C(N)=O)cc2)n1
923,CO[C@H]1C[C@@H]2CC[C@@H](C)[C@@](O)(O2)C(=O)C(=O)N2CCCC[C@H]2C(=O)O[C@H]([C@H](C)C[C@@H]2CC[C@@H](O)[C@H](OC)C2)CC(=O)[C@H](C)/C=C(\C)[C@@H](O)[C@@H](OC)C(=O)[C@H](C)C[C@H](C)/C=C/C=C/C=C/1C
2261712,CNC(=O)c1nc(-c2cc(C)c3c(c2)CN([C@@H](C)C2CC2)C3=O)cnc1N
2261857,NC(=O)c1ccc(-c2c[nH]c3ncc(-c4ccccc4Oc4ccccc4)cc23)cc1C1CCCC1
2262001,Cc1cc(CN2CCOCC2)ccc1-c1cc2c(-c3ccc(C(N)=O)cc3)ccnc2[nH]1
102888,O=c1c(O)c(-c2ccc(O)c(O)c2)oc2cc(O)c(O)c(O)c12
136087,C[C@@H]1C[C@H]2O[C@@H]2/C=C\C=C\C(=O)Cc2c(Cl)c(O)cc(O)c2C(=O)O1
48351,CC(=O)NCCCCCC(=O)N[C@H](CCCN=C(N)N)C(=O)N[C@H](CCCN=C(N)N)C(=O)N[C@H](CCCN=C(N)N)C(=O)N[C@H](CCCN=C(N)N)C(=O)N[C@H](CCCN=C(N)N)C(=O)N[C@H](CCCN=C(N)N)C(=O)O
288773,NCCCC[C@H](NC(=O)[C@H](CCCN=C(N)N)NC(=O)[C@H](CCCN=C(N)N)NC(=O)C1CCC(NC(=O)[C@H](CCCCN)NC(=O)[C@H](Cc2ccc(O)cc2)NC(=O)[C@H](CCCCN)NC(=O)[C@H](CCCCN)NC(=O)[C@@H](N)CCCN=C(N)N)CC1)C(N)=O
196871,Fc1ccc(-c2nc(C3CCNCC3)cn2-c2ccnc(NC3CCCCC3)n2)cc1
198262,COc1cc2c(-c3ccccc3)nc(=O)n(C(C)C)c2cc1N1CCOCC1
65729,CCc1cn([C@H]2C[C@H](O)[C@@H](CNC(=O)Cc3c(C)cccc3C)O2)c(=O)[nH]c1=O
2262375,NC(=O)c1ccc(-c2nc(Nc3cc(C4CC4)[nH]n3)c3cc(Cl)ccc3n2)cc1
2262423,Fc1ccc2nc(N3CCCCCC3)nc(Nc3cc(C4CC4)[nH]n3)c2c1
81622,CSc1c(C2=C(c3cn(C)c4ccccc34)C(=O)NC2=O)c2ccccc2n1C
2262670,Cc1ccccc1-n1c(CN2CNc3c(N)ncnc32)nc2cccc(C)c2c1=O
42885,COc1cc2ncnc(Nc3ccc4c(cnn4Cc4ccccc4)c3)c2cc1OC
2264358,CCOc1cc2ncc(-c3cc(N)nc(F)c3)n2cc1S(=O)(=O)C(C)C
2265132,Clc1ccc2nc(NC3CCC3)nc(Nc3cc(C4CC4)[nH]n3)c2c1
2265339,NS(=O)(=O)c1ccc(-c2ncc(Cl)c(Nc3cc(C4CC4)[nH]n3)n2)s1
2265542,NC(=O)Cc1ccc(-c2nc(Nc3cc(C4CC4)[nH]n3)c3cc(Cl)ccc3n2)cc1
2265575,NS(=O)(=O)c1ccc(-c2ncc(F)c(Nc3cc(C4CC4)[nH]n3)n2)s1
2265750,NS(=O)(=O)c1ccc(-c2nc(Nc3cc(C4CC4)[nH]n3)c3cc(Cl)ccc3n2)cc1
2265787,COC(=O)N1CCCN(c2nc(Nc3cc(C4CC4)[nH]n3)c3cc(Cl)ccc3n2)CC1
2266141,O=C(O)c1nc2ccccc2nc1Nc1ccc(O)cc1
2266639,COc1ccc2nc(NC(=O)CSc3nnc(COc4ccc5c(c4)CCCC5)o3)sc2c1
2267112,Clc1ccc2nc(N3CCCCCC3)nc(Nc3cc(C4CC4)[nH]n3)c2c1
2267274,CC(C)(CO)[C@@H](O)C(=O)N/C=C/C(=O)O
2267291,CN1CCN(c2nc(Nc3cc(C4CC4)[nH]n3)c3cc(Cl)ccc3n2)CCC1=O
106561,COC(=O)c1cccc(-c2cc3c(N)ncnc3nc2-c2ccc(N(C)C)cc2)c1
89124,CCCCCCCCNC(=O)Nc1nc2nc(NCCCN3CCN(C)CC3)ncc2cc1-c1c(Cl)cccc1Cl
2268204,Cc1ccc(C(=O)c2c(N)c(C(N)=O)c3ccccn23)cc1
2268573,CC(C)N1CCN(c2nc(Nc3cc(C4CC4)[nH]n3)c3cc(Cl)ccc3n2)CC1
2268980,NC(=O)c1cccc(-c2nc(Nc3cc(C4CC4)[nH]n3)c3cc(Cl)ccc3n2)c1
2269015,N#Cc1cnc(-c2ccc(S(N)(=O)=O)s2)nc1Nc1cc(C2CC2)[nH]n1
2269191,NS(=O)(=O)c1ccc(-c2nc(Nc3cc(C4CC4)[nH]n3)c3cc(Cl)ccc3n2)s1
2269231,Clc1ccc2nc(N3CCCNCC3)nc(Nc3cc(C4CC4)[nH]n3)c2c1
2269585,O=C(O)c1nc2ccccc2nc1Nc1ccccc1O
2269634,Clc1ccc2nc(N3CCCOCC3)nc(Nc3cc(C4CC4)[nH]n3)c2c1
2269871,N#Cc1ccc(-c2nc(Nc3cc(C4CC4)[nH]n3)c3ccccc3n2)cc1
2270296,N#Cc1ccc(-c2nc(Nc3cc(C4CC4)[nH]n3)c3cc(Cl)ccc3n2)cc1
2270637,CC(C)(CO)[C@@H](O)C(=O)N/C=C/C(=O)OCc1ccccc1
2270883,CCOC(=O)c1c2[nH]c3ccccc3c2c(-c2ccc(NC(=O)CCN(C)C)cc2)c2c(=O)[nH][s+]([O-])c12
2271191,O=C(CSc1nnc(COc2ccc3c(c2)CCCC3)o1)Nc1ncc([N+](=O)[O-])s1
76432,CCCCCCCCCCCCCC1(O)C[N+](C)(C)CCO1.[Br-]
2272413,N#CCc1cccc(-c2nc(Nc3cc(C4CC4)[nH]n3)c3cc(Cl)ccc3n2)c1
51162,OC(c1cc(C(F)(F)F)nc2c(C(F)(F)F)cccc12)C1CCCCN1
56409,N=C(N)c1ccc2cc(-c3ccc(Oc4ccccc4)cc3)[nH]c2c1
2273055,Cc1ccc2nc(N3CCCCCC3)nc(Nc3cc(C4CC4)[nH]n3)c2c1
2273477,OCc1cccc(-c2nc(Nc3cc(C4CC4)[nH]n3)c3cc(Cl)ccc3n2)c1
2273510,NS(=O)(=O)c1ccc(-c2nccc(Nc3cc(C4CC4)[nH]n3)n2)s1
2273666,O=C(O)c1nc2ccccc2nc1Nc1cccc(N2CCOCC2)c1
2273684,NS(=O)(=O)c1cccc(-c2nc(Nc3cc(C4CC4)[nH]n3)c3cc(Cl)ccc3n2)c1
89900,CN1CCN(CCCNc2ncc3cc(-c4c(Cl)cccc4Cl)c(/N=C(/S)Nc4ccccc4)nc3n2)CC1
2275803,Clc1ccc2nc(-c3ccccc3)nc(Nc3cc(C4CC4)[nH]n3)c2c1
2276013,NS(=O)(=O)c1cccc(-c2ncc(Cl)c(Nc3cc(C4CC4)[nH]n3)n2)c1
2276495,O=C1CCN(c2nc(Nc3cc(C4CC4)[nH]n3)c3cc(Cl)ccc3n2)CCN1
2276524,COCCOc1cc2ncc(-c3cc(N)nc(Cl)c3)n2cc1S(=O)(=O)C(C)(C)C
2276570,CCC1(O)CC(C(C)C)[Se]C(c2ccc(C)cc2)=N1
2276908,N#Cc1cccc(-c2nc(Nc3cc(C4CC4)[nH]n3)c3cc(Cl)ccc3n2)c1
2276946,Cc1cnc(-c2ccc(S(N)(=O)=O)s2)nc1Nc1cc(C2CC2)[nH]n1
2277099,Nc1cccc(Nc2nc3ccccc3nc2C(=O)[O-])c1.[K+]
2277113,N#Cc1cccc(-c2nc(Nc3cc(C4CC4)[nH]n3)c3ccccc3n2)c1
2277544,COc1ccc2nc(N3CCCCCC3)nc(Nc3cc(C4CC4)[nH]n3)c2c1
2277943,Clc1ccc2nc(N3CCNCC3)nc(Nc3cc(C4CC4)[nH]n3)c2c1
66095,CCc1cn([C@H]2C[C@H](O)[C@@H](CNC(=O)c3c4ccccc4cc4ccccc34)O2)c(=O)[nH]c1=O
2278817,CCCNc1ccc2ncc(-c3cccc(O)c3)n2n1
2279181,O=C(c1ccccc1)N1CCN(c2nc(Nc3cc(C4CC4)[nH]n3)c3cc(Cl)ccc3n2)CC1
2279820,Cc1cnc(-c2ccc(S(N)(=O)=O)s2)nc1Nc1cc(C2CC2)n(C)n1
2279849,CC(=O)N1CCCN(c2nc(Nc3cc(C4CC4)[nH]n3)c3cc(Cl)ccc3n2)CC1
51902,C=C[C@@]1(C)CC[C@](C)(C(C)C)c2cc3c4c(c[nH]c4c21)C[C@@H](CO)NC(=O)[C@H](C(C)C)N3C
2280260,N#CCc1ccc(-c2nc(Nc3cc(C4CC4)[nH]n3)c3cc(Cl)ccc3n2)cc1
2280463,O=C(O)c1nc2ccccc2nc1Nc1cccc(O)c1
2280476,NS(=O)(=O)c1ccc(-c2ncc(Cl)c(Nc3cc(C4CC4)[nH]n3)n2)cc1
81856,O=C1NC(=O)[C@@H](c2c[nH]c3ccccc23)[C@H]1c1c[nH]c2ccccc12
57820,COc1c(-c2nc3cc(C(=N)N)ccc3[nH]2)cc(C(C)(C)C)cc1C(C)(C)C
89455,CCN(CC)CCCNc1ncc2cc(-c3c(Cl)cccc3Cl)c(NC(=O)CC(C)(C)C)nc2n1
89121,CN(C)CCNC(=O)Nc1nc2nc(NCCCN3CCN(C)CC3)ncc2cc1-c1c(Cl)cccc1Cl
88989,CN1CCN(CCCNc2ncc3cc(-c4c(Cl)cccc4Cl)c(NC(=O)Nc4ccccc4)nc3n2)CC1
60360,Nc1ncc2c(n1)-c1ccc(Cl)cc1C(c1ccccc1F)=NC2
65408,CCc1cn([C@@H]2O[C@H](CNC(=O)C3c4ccccc4Oc4ccccc43)[C@@H](O)[C@@H]2F)c(=O)[nH]c1=O
88988,CC1CCCCN1CCCNc1ncc2cc(-c3c(Cl)cccc3Cl)c(NC(=O)NC(C)(C)C)nc2n1
94088,OC[C@H]1O[C@@H](n2cnc3c(SCc4ccc(F)cc4)ncnc32)[C@H](O)[C@@H]1O
94349,O=[N+]([O-])c1ccc(CSc2ncnc3c2ncn3[C@@H]2O[C@H](CO)[C@@H](O)[C@H]2O)cc1
121918,CC(C)(C)OC(=O)NCCNC(=O)c1ccc(S(=O)(=O)Oc2ccc(/C=C/[N+](=O)[O-])cc2)cc1
122018,COc1cc(/C=C/[N+](=O)[O-])ccc1OS(=O)(=O)c1ccc(C(=O)O)cc1
183046,CCOC(=O)CCCc1ccc(Nc2ncc3cc(-c4c(Cl)cccc4Cl)c(=O)n(C)c3n2)cc1
105814,Nc1ncnc2nc(-c3ccccc3)cnc12
103561,Fc1ccc(-c2nc(-c3c(F)c(F)nc(F)c3F)oc2-c2ccncc2)cc1
145806,c1ccc(-c2cc(-c3ccncc3)c(-c3ccccc3)[nH]2)cc1
198656,COc1ccc(C#CC(C)(C)N)cc1C(=O)c1ccc(Nc2ccc(F)cc2F)cc1
131952,C[C@@H]1CN(C(=O)[C@@](C)(O)C(F)(F)F)CCN1C(=O)c1cccc2ccccc12
167439,O=C1Cc2c(c3c4ccccc4sc3c3[nH]c4ccccc4c23)N1
132635,C[C@@H]1CN(C(=O)[C@@](C)(O)C(F)(F)F)CCN1C(=O)c1ccc(C(=O)c2ccccc2)cc1
136050,C[C@@H]1C[C@H]2O[C@@H]2/C=C\C=C\C(=N/OCC(=O)NCc2cccnc2)Cc2c(Cl)c(O)cc(O)c2C(=O)O1
145186,O=C1NC(=O)C2=C1c1cn(c3ccccc13)CCO[C@H](CN1CCCC1)CCn1cc2c2ccccc21
133373,CC(C)(O)C(=O)Nc1ccccc1Cl
2280564,COc1cc(N2CCN(C)CC2)ccc1Nc1ncc(Cl)c(Oc2cccc(NC(=O)COCc3ccccc3)c2)n1
163917,Oc1[nH]c(Nc2ccc(I)cc2)nc2ncnc1-2
2280931,COc1cc(N2CCN(C)CC2)ccc1Nc1ncc(Cl)c(Oc2ccccc2NC(=O)/C=C/CN(C)C)n1
2281106,COc1cc(N2CCN(C)CC2)ccc1Nc1ncc(Cl)c(Oc2cccc(NC(=O)/C=C/CN(C)C)c2)n1
2281261,COc1cc(N2CCN(C)CC2)ccc1Nc1ncc(Cl)c(Oc2ccccc2N=[N+]=[N-])n1
2281293,Cc1ccc(-n2cc(NC(=O)Cn3ccc4ccccc43)cn2)cc1
2281814,COc1ccc(-n2cc(NC(=O)Cn3ccc4ccccc43)cn2)cc1
2281955,COc1cc(N2CCN(C)CC2)ccc1Nc1ncc(Cl)c(Oc2ccc(NC(C)=O)cc2)n1
2282245,CCn1cc(NC(=O)Cn2ccc(-c3ccccn3)n2)cn1
2282505,COc1cc(N2CCN(C)CC2)ccc1Nc1ncc(Cl)c(Oc2ccc(N=C=S)cc2)n1
2282620,Oc1cc(O)c(-c2n[nH]cc2-c2ccccc2)cc1Cl
2282747,COc1cc(N2CCN(C)CC2)ccc1Nc1ncc(Cl)c(Oc2ccccc2N=C=S)n1
2282832,COc1ccc(Cn2c(SCC(=O)Nc3nc4ccc(C(F)(F)F)cc4s3)nc3c(c2=O)SCC3)cc1
2283088,COc1cc(N2CCN(C)CC2)ccc1Nc1ncc(Cl)c(Oc2cccc(NC(=O)CCOCc3ccccc3)c2)n1
2283331,COc1ccc(-n2cc(NC(=O)Cn3ccc(-c4ccccn4)n3)cn2)cc1
2283620,COc1cc(N2CCN(C)CC2)ccc1Nc1ncc(Cl)c(Oc2ccc(N)cc2)n1
2283860,O=C(Cn1ccc(-c2ccccn2)n1)Nc1cnn(-c2ccccc2)c1
2283889,COc1ccc(CC(=O)Nc2cnn(C)c2)cc1OC
2284020,COc1cc(N2CCN(C)CC2)ccc1Nc1ncc(Cl)c(Oc2cccc([N+](=O)[O-])c2)n1
2284698,COc1ccc(-n2cc(NC(=O)Cn3ccc(-c4cccc(Cl)c4)n3)cn2)cc1
2284915,COc1ncc(-c2nc(C(=O)NC(=N)N)c(N)nc2N2CCCCCC2)c(OC)n1
2285456,COc1cc(N2CCN(C)CC2)ccc1Nc1ncc(Cl)c(Oc2cccc(NC(=O)CO)c2)n1
2285467,CCc1c(C(=O)NC(CO)Cc2ccccc2)[nH]c2ccc(C(F)(F)F)cc12
2286170,O=C(Cn1ccc2ccccc21)Nc1cnn(-c2ccccc2)c1
2286318,COc1cc(N2CCN(C)CC2)ccc1Nc1ncc(Cl)c(Oc2ccc([N+](=O)[O-])cc2)n1
2286375,Cc1c2cc(Cl)ccc2n2cc(Cc3ccccc3)[nH]c(=O)c12
2286441,O=C(CSc1nc2c(c(=O)n1Cc1cccc(C(F)(F)F)c1)SCC2)Nc1nc2ccc(C(F)(F)F)cc2s1
2286599,CC(C)Nc1cc(-c2c(-c3ccccc3)nnn2Cc2ccccc2)ccn1
2286781,COc1ccc(-n2cc(NC(=O)Cc3ccc(OC)c(OC)c3)cn2)cc1
2286863,COc1cc(N2CCN(C)CC2)ccc1Nc1ncc(Cl)c(Oc2ccccc2NC(=O)CCO)n1
2286896,O=c1[nH]c(Cc2ccccc2)cn2c1cc1cc(Cl)ccc12
198975,Nc1ncnc(C#Cc2ccc(N3CCOCC3)nc2)c1Cc1ccccc1
2287120,Cn1cc(NC(=O)Cn2ccc(-c3ccccn3)n2)cn1
2287270,COc1cc(N2CCN(C)CC2)ccc1Nc1ncc(Cl)c(Oc2ccc(NC(=O)CCOCc3ccccc3)cc2)n1
118075,O=Cc1ccc(-c2ccc(-c3cc(CO)cs3)s2)s1
2287706,CCCS(=O)(=O)Nc1ccc(F)c(C(=O)c2c[nH]c3ncc(-c4ccccc4)cc23)c1F
2287739,Cc1c(C(=O)NC(CO)Cc2ccccc2)[nH]c2ccc(Cl)cc12
2287746,Nc1nc2ccc(Oc3ccc4nc(N)sc4c3)cc2s1
2287877,O=C(CSc1nc2c(c(=O)n1Cc1ccc(OC(F)(F)F)cc1)SCC2)Nc1nc2ccc(C(F)(F)F)cc2s1
2288140,COc1ccc(CC(=O)Nc2cnn(-c3ccccc3)c2)cc1OC
2288225,COc1cccc(-n2cc(NC(=O)Cn3ccc(-c4ccccn4)n3)cn2)c1
2288255,COc1ccc(CC(=O)Nc2cnn(Cc3ccccc3)c2)cc1OC
2288388,C=CC(=O)Nc1ccccc1Oc1nc(Nc2ccc(N3CCN(C)CC3)cc2OC)ncc1Cl
2288895,COc1cc(N2CCN(C)CC2)ccc1Nc1ncc(Cl)c(Oc2cccc(N)c2)n1
2289067,CCn1cc(NC(=O)Cn2ccc(-c3cccc(Cl)c3)n2)cn1
2289473,COc1cc(N2CCN(C)CC2)ccc1Nc1ncc(Cl)c(Oc2ccccc2[N+](=O)[O-])n1
2289558,CCn1cc(NC(=O)Cn2ccc3ccccc32)cn1
2289574,N=C(N)NC(=O)c1nc(-c2cnc(N)nc2)c(N2CCCCCC2)nc1N
2289586,O=C(Cn1ccc(-c2cccc(Cl)c2)n1)Nc1cnn(Cc2ccccc2)c1
2289724,COc1cc(N2CCN(C)CC2)ccc1Nc1ncc(Cl)c(Oc2ccc(NC(=O)COCc3ccccc3)cc2)n1
2290601,COc1cc(N2CCN(C)CC2)ccc1Nc1ncc(Cl)c(Oc2ccccc2NC(=O)CO)n1
2290954,O=C(CSc1nc2c(c(=O)n1Cc1ccccc1)SCC2)Nc1nc2ccc(C(F)(F)F)cc2s1
2291177,Cn1cc(NC(=O)Cn2ccc3ccccc32)cn1
2291197,COc1cccc(Cn2c(SCC(=O)Nc3nc4ccc(C(F)(F)F)cc4s3)nc3c(c2=O)SCC3)c1OC
2291233,C=CC(=O)Nc1ccc(Oc2nc(Nc3ccc(N4CCN(C)CC4)cc3OC)ncc2Cl)cc1
2291297,CCc1c2cc(C(F)(F)F)ccc2n2cc(Cc3ccccc3)[nH]c(=O)c12
2291326,COc1ccncc1NC(=O)c1ccnc(NC(=O)C2CC2)c1
2291399,N=C(N)NC(=O)c1nc(-c2cc3ccccc3o2)c(N2CCCCCC2)nc1N
2291719,COc1ccc(CC(=O)Nc2cnn(-c3ccc(C)cc3)c2)cc1OC
2292191,COc1cc(N2CCN(C)CC2)ccc1Nc1ncc(Cl)c(Oc2ccc(NC(=O)CO)cc2)n1
2292647,O=C(NC(CO)Cc1ccccc1)c1cc2cc(Cl)ccc2[nH]1
2292710,CCn1cc(NC(=O)Cc2ccc(OC)c(OC)c2)cn1
2292771,COc1cc(N2CCN(C)CC2)ccc1Nc1ncc(Cl)c(Oc2cccc(N=[N+]=[N-])c2)n1
2293315,COc1cc(N2CCN(C)CC2)ccc1Nc1ncc(Cl)c(Oc2cccc(NC(=O)CCO)c2)n1
2293486,COc1cccc(-n2cc(NC(=O)Cn3ccc4ccccc43)cn2)c1
143734,O=C(NC1CNCC1OC(=O)c1cc(O)c(C(=O)c2c(C(=O)O)ccc3ccccc23)c(O)c1)c1ccc(O)cc1
2293584,O=C(CSc1nc2c(c(=O)n1Cc1ccc(C(F)(F)F)cc1)SCC2)Nc1nc2ccc(C(F)(F)F)cc2s1
2293647,COc1cc(N2CCN(C)CC2)ccc1Nc1ncc(Cl)c(Oc2ccccc2NC(=O)COCc2ccccc2)n1
2293676,O=C(O)c1ccc(-c2ccc(/C=C3\S/C(=N\c4ccccc4)N(c4ccc(F)cc4)C3=O)s2)cc1
160485,Cn1cc(C2=C(c3c4n(c5ccccc35)CCC(CN)C4)C(=O)NC2=O)c2ccccc21
2294023,Cn1cc(NC(=O)Cn2ccc(-c3cccc(Cl)c3)n2)cn1
2294176,COc1cc(N2CCN(C)CC2)ccc1Nc1ncc(Cl)c(Oc2ccc(N=[N+]=[N-])cc2)n1
2294416,COc1cc(N2CCN(C)CC2)ccc1Nc1ncc(Cl)c(Oc2ccccc2NC(C)=O)n1
2294702,COc1cc(N2CCN(C)CC2)ccc1Nc1ncc(Cl)c(Oc2ccc(NC(=O)/C=C/CN(C)C)cc2)n1
2294935,COc1cc(N2CCN(C)CC2)ccc1Nc1ncc(Cl)c(Oc2ccccc2N)n1
2295090,N#CCC(=O)N1CC=C(c2cc3c(-c4cccc(N5CCOc6cc(C7CC7)cc(F)c6C5=O)c4CO)ccnc3[nH]2)CC1
2295194,COc1ncc(-c2nc(C(=O)NC(=N)N)c(N)nc2N2CCCCCC2)cn1
2295251,COc1ccc(-c2c[nH]nc2-c2cc(Cl)c(O)cc2O)cc1
2295567,O=C(Cn1ccc(-c2ccccn2)n1)Nc1cnn(Cc2ccccc2)c1
2295837,COc1cc(N2CCN(C)CC2)ccc1Nc1ncc(Cl)c(Oc2ccc(NC(=O)CCO)cc2)n1
2296107,COc1cccc(-n2cc(NC(=O)Cc3ccc(OC)c(OC)c3)cn2)c1
2296178,CCc1cc(-c2n[nH]c(C)c2-c2ccc(OC)cc2)c(O)cc1O
2296203,COc1cc(N2CCN(C)CC2)ccc1Nc1ncc(Cl)c(Oc2cccc(N=C=S)c2)n1
2296471,COc1cc(N2CCN(C)CC2)ccc1Nc1ncc(Cl)c(Oc2ccccc2NC(=O)CCOCc2ccccc2)n1
2296543,O=C(Cn1ccc2ccccc21)Nc1cnn(Cc2ccccc2)c1
227000,Cn1c(=O)c(-c2ccsc2)cc2cnc(Nc3ccccc3)nc21
11601,CCCCCCCCCCCCC/C=C1\C(=O)O[C@@H](CO)[C@@H]1OC(C)=O
249408,CN(C)c1ccc(-c2nc3ncnc(N)c3c(-c3cccc(Cl)c3)c2-c2ccccc2)cn1
2297539,O=C(Nc1ccc2[nH]ncc2c1)c1cccc(NC(=O)c2cc(Cl)ccn2)c1
2297813,O=C(Nc1cccc(C(=O)Nc2ccc3[nH]ccc3c2)c1)c1ccccc1
2297871,O=C(Nc1cccc(C(=O)Nc2ccc3[nH]ccc3c2)c1)c1ccc(Cl)cc1
2297898,O=C(Nc1ccc2[nH]ncc2c1)c1cccc(NC(=O)c2ccccn2)c1
282759,CC(C)(C)OC(=O)N1CCC(n2cc(-c3ccc(O)cc3)c3c(N)ncnc32)C1
2298339,O=C(Nc1ccc2[nH]ncc2c1)c1cccc(NC(=O)c2cccc(Cl)n2)c1
2298389,O=C(Nc1ccc2[nH]ncc2c1)c1cccc(NC(=O)c2ccc(Br)cn2)c1
2298653,O=C(Nc1cccc(C(=O)Nc2ccc3[nH]ccc3c2)c1)Oc1cccc(Cl)c1
2298683,COC(=O)/C=C/C(=O)c1ccc(OC)cc1
2298908,O=C(Nc1cccc(C(=O)Nc2ccc3[nH]ncc3c2)c1)c1ccc(Oc2ccccc2)cc1
2299178,Cc1cccc(C(=O)Nc2cccc(C(=O)Nc3ccc4[nH]ncc4c3)c2)n1
2299647,COc1ncc(-c2cc(O[C@@H]3CCN(Cc4c(C)nn(C)c4C)C3)c3cnn(C)c3n2)cc1NS(C)(=O)=O
2299930,O=C(Nc1ccc2[nH]ccc2c1)c1cccc(NC(=O)c2ccccn2)c1
2300067,CC(C)(C)c1ccc(C(=O)Nc2cccc(C(=O)Nc3ccc4[nH]ncc4c3)c2)cc1
2300328,O=C(Nc1cccc(C(=O)Nc2ccc3[nH]ncc3c2)c1)c1ccc(Cl)cc1
2300585,O=C(Nc1cccc(C(=O)Nc2ccc3[nH]ncc3c2)c1)c1cccc(Cl)c1
2300696,O=C(Nc1cccc(C(=O)Nc2ccc3[nH]ncc3c2)c1)c1ccccc1
2300753,O=C(Nc1cccc(C(=O)Nc2ccc3[nH]ncc3c2)c1)c1ccc(Br)cc1
2300780,O=C(Nc1ccc2[nH]ccc2c1)c1cccc(NC(=O)c2cccc(Cl)n2)c1
2300816,O=C(Nc1cccc(C(=O)Nc2ccc3[nH]ccc3c2)c1)c1ccc(Oc2ccccc2)cc1
2300896,O=C(Nc1cccc(C(=O)Nc2ccc3[nH]ncc3c2)c1)c1ccc(C(F)(F)F)cc1
2301155,O=C(Nc1cccc(C(=O)Nc2ccc3[nH]ncc3c2)c1)c1cccc(F)c1
2301390,COc1ncc(-c2cc(O[C@@H]3CCN(C(=O)C4CCOCC4)C3)c3cnn(C)c3n2)cc1NS(C)(=O)=O
2301426,O=C(Nc1cccc(C(=O)Nc2ccc3[nH]ncc3c2)c1)c1ccc(F)cc1
282517,Nc1ncnc2c1c(-c1ccccc1)cn2C(CO)CCc1ccccc1
267738,C[C@]1(C(=O)N2CCOCC2)CO[C@H](c2nc(-c3ccc(F)cc3)c(-c3ccnc(Nc4ccccc4)n3)[nH]2)OC1
236921,CC(C)(C)c1cc(NC(=O)Nc2ccc(OCCN3CCOCC3)c3ccccc23)n(C2CCCCC2)n1
214684,Cc1nc(NC(=O)OC(C)(C)C)sc1C(=O)Nc1ccccc1[N+](=O)[O-]
2302664,O=C1C(c2c[nH]c3ccccc23)=C(c2c[nH]c3ncccc23)C(=O)N1O
2303454,CCn1cc(C2=C(c3cn(C(C)C)c4ccccc34)C(=O)N(O)C2=O)c2ccccc21
65915,CCc1cn([C@@H]2O[C@H](CNC(=O)C3c4ccccc4Oc4c(OC)cccc43)[C@@H](O)[C@@H]2F)c(=O)[nH]c1=O
2303542,N#CCCCCCn1cc(C2=C(c3cn(CCCCCC#N)c4ccccc34)C(=O)NC2=O)c2ccccc21
2303892,CC(C)n1cc(C2=C(c3cn(C)c4ccccc34)C(=O)N(O)C2=O)c2ccccc21
2305350,Cn1cc(C2=C(c3cn(CCCCCC(=O)O)c4ccccc34)C(=O)N(O)C2=O)c2ccccc21
236956,Cc1ccc(-n2nc(C(C)(C)C)cc2NC(=O)Nc2ccc(OCCN3CCCCC3)c3ccccc23)cc1
2305843,C=CC(=O)N1CCCC(Cn2nc(-c3cnn(C)c3)c3c(N)ncnc32)C1
2306270,O=C(O)CCCCCn1cc(C2=C(c3c[nH]c4ccccc34)C(=O)N(O)C2=O)c2ccccc21
2306374,Cn1cc(C2=C(c3cn(C)c4ccccc34)C(=O)N(O)C2=O)c2ccccc21
280428,O=C1/C(=C/c2ccccn2)CCc2ccccc21
2306806,Cn1cc(C2=C(c3c[nH]c4ccccc34)C(=O)N(O)C2=O)c2ccccc21
2307230,COc1ncc(-c2cc(OC[C@@H]3CCCN(CC4CCOCC4)C3)c3cnn(C)c3n2)cc1NS(C)(=O)=O
2307651,O=C1C2=C(C(=O)N1O)c1cn(c3ccccc13)CCCCCCn1cc2c2ccccc21
290560,CC(C)[C@H](NC(=O)[C@H](CC(N)=O)NC(=O)[C@@H](N)CO)C(=O)N[C@@H](Cc1ccc2ccccc2c1)C(=O)N[C@@H](C)C(=O)OCc1ccccc1
290462,COc1cccc(-c2cn(-c3ccc(CNCCO)cc3)c3ncnc(N)c23)c1
2308719,C=CC(=O)N1CCCC(n2nc(-c3cnn(C)c3)c3c(N)ncnc32)C1
214633,Cc1nc(NC(=O)OC(C)(C)C)sc1C(=O)Nc1ccccc1
2309431,N#CCCCCCn1cc(C2=C(c3cn(CCCCCC#N)c4ccccc34)C(=O)N(O)C2=O)c2ccccc21
2309433,COc1ncc(-c2cc(OC[C@@H]3CCCN(C(=O)C4CCN(C(C)=O)CC4)C3)c3cnn(C)c3n2)cc1NS(C)(=O)=O
2309993,C=CC(=O)N1CCC(n2nc(-c3cnn(CCOC)c3)c3c(N)ncnc32)C1
2310009,COc1ncc(-c2cc(OC[C@H]3CCCN(C(=O)C4CCOCC4)C3)c3cnn(C)c3n2)cc1NS(C)(=O)=O
2310161,Cn1cc(C2=C(c3cn(CCCCCC#N)c4ccccc34)C(=O)N(O)C2=O)c2ccccc21
65479,CCc1cn([C@H]2C[C@H](O)[C@@H](CNC(=O)C3c4ccccc4S(=O)(=O)c4ccccc43)O2)c(=O)[nH]c1=O
2310602,COc1ncc(-c2cc(OC[C@@H]3CCCN(Cc4cn(C)nc4C)C3)c3cnn(C)c3n2)cc1NS(C)(=O)=O
2310633,CCn1cc(C2=C(c3cn(C)c4ccccc34)C(=O)N(O)C2=O)c2ccccc21
2311899,COc1ncc(-c2cc(OC[C@@H]3CCCN(CC4(C)COC4)C3)c3cnn(C)c3n2)cc1NS(C)(=O)=O
318075,CN1CCN(CCCNc2nccc(/C(C#N)=C3\Nc4ccccc4S3)n2)CC1
2313076,COc1ncc(-c2cc(OC[C@@H]3CCCN(Cc4c(C)nn(C)c4C)C3)c3cnn(C)c3n2)cc1NS(C)(=O)=O
2313658,COc1ncc(-c2cc(OC[C@@H]3CCCN(C(=O)C4CCOCC4)C3)c3cnn(C)c3n2)cc1NS(C)(=O)=O
2313881,C=CC(=O)N1CCC(n2nc(-c3cnn(C)c3)c3c(N)ncnc32)C1
2313964,CC(C)n1cc(C2=C(c3c[nH]c4ccccc34)C(=O)N(O)C2=O)c2ccccc21
2314063,C=CC(=O)N1CCCC(n2nc(-c3cnn(CCOC)c3)c3c(N)ncnc32)C1
2314265,COc1ncc(-c2cc(OC3CN(C(=O)C4CCOCC4)C3)c3cnn(C)c3n2)cc1NS(C)(=O)=O
314399,O=C(NC(=S)Nc1cc([N+](=O)[O-])ccc1O)c1ccc(Cl)cc1Cl
2314842,COc1ncc(-c2cc(OC[C@@H]3CCCN(CCC4CCOCC4)C3)c3cnn(C)c3n2)cc1NS(C)(=O)=O
2315537,COc1ncc(-c2cc(OC[C@@H]3CCCN(C(=O)CC4CCOC4)C3)c3cnn(C)c3n2)cc1NS(C)(=O)=O
345949,Nc1nccc(-c2c(-c3ccc(F)cc3)nc3cc(Cl)ccn23)n1
347021,O=C(OCc1ccccc1)N1CCCC1c1cc(-c2ccncc2)c(-c2ccc(F)cc2)[nH]1
317904,COc1cc(OC)cc(-c2cc3cnc(NCCCCO)cc3nc2NC(=O)NC(C)(C)C)c1
334685,COc1ccc(CNC2CCCC2)cc1-c1[nH]nc2nc(Nc3ccc(F)cc3F)ccc12
318073,CN1CCN(CCCNc2cc3nc(NC(=O)NC(C)(C)C)c(-c4ccccc4)cc3cn2)CC1
317859,CN(C)CCNc1nccc(/C(C#N)=C2\Nc3ccccc3S2)n1
288535,NCCCC[C@H](NC(=O)[C@H](CCCN=C(N)N)NC(=O)[C@H](CCCN=C(N)N)NC(=O)[C@@H]1CCCN1C(=O)[C@H](CCCCN)NC(=O)[C@H](Cc1ccc(O)cc1)NC(=O)[C@H](CCCCN)NC(=O)[C@H](CCCCN)NC(=O)[C@@H](N)CCCN=C(N)N)C(N)=O
318250,N#C/C(=C1/Nc2ccccc2S1)c1ccnc(NCCc2cccc(Cl)c2)n1
294751,CSCC[C@H](N)C(=O)N[C@@H](CC(N)=O)C(=O)N[C@H](C(=O)N[C@@H](Cc1ccccc1)C(=O)N[C@@H](C)C(=O)OCc1ccccc1)C(C)C
318009,N#C/C(=C1/Nc2ccccc2S1)c1cc(Br)nc(Cl)n1
322772,OCCCCn1cnc2c(O)nc(Sc3ccccc3)nc21
330143,OC(COc1ccccc1)CN1CCC(c2cc(-c3ccncc3)c(-c3ccc(F)cc3)[nH]2)CC1
345539,CN(C)Cc1ccn2c(-c3ccnc(N)n3)c(-c3ccc(F)cc3)nc2c1
292390,CC(C)[C@H](NC(=O)[C@H](CC(N)=O)NC(=O)[C@@H](N)CS)C(=O)N[C@@H](Cc1ccccc1)C(=O)N[C@@H](C)C(=O)OCc1ccccc1
290180,Clc1ncnc2c1c(-c1ccccc1)cn2-c1ccccc1
290019,CC(C)[C@H](NC(=O)[C@H](CC(N)=O)NC(=O)[C@@H](N)CO)C(=O)N[C@@H](Cc1ccc(O)c(I)c1)C(=O)N[C@@H](C)C(=O)OCc1ccccc1
368579,CN(C)Cc1ccn2c(-c3ccnc(N(C)Cc4ccccc4)n3)c(-c3ccc(F)cc3)nc2c1
296974,CN(C)CCCn1nc(C2=C(c3cn(-c4csc5ccccc45)c4ccccc34)C(=O)NC2=O)c2ccccc21
314407,Nc1ccc2cc(C3OCCCO3)ccc2n1
305791,CC[C@H](C)[C@H](NC(=O)[C@H](Cc1ccccc1)NC(=O)[C@H](Cc1ccc(O)cc1)NC(=O)[C@H](CS)NC(=O)[C@@H](NC(=O)[C@H](CO)NC(=O)[C@@H](N)Cc1ccc(O)cc1)[C@@H](C)O)C(=O)N[C@@H](CCSC)C(=O)O
330205,O[C@H]1CNC(CN2CCC(c3cc(-c4ccncc4)c(-c4ccc(F)cc4)[nH]3)CC2)C1
291077,CC(C)[C@H](NC(=O)[C@H](CC(N)=O)NC(=O)[C@H](CO)NC(=O)[C@@H](NC(=O)[C@H](C)N)[C@@H](C)O)C(=O)N[C@@H](Cc1ccccc1)C(=O)N[C@@H](C)C(=O)OCc1ccccc1
365479,CC1=C(C(=O)Nc2cc(Cl)c3[nH]ncc3c2)C(c2ccc(C(F)(F)F)cc2)CC(=O)N1
375854,Cc1nc2ccccn2c1-c1ccn(S(=O)(=O)c2ccc(F)cc2)n1
312899,O=C(Nc1cccc(C2=NCCN2)c1)Nc1cccc(C2=NCCN2)c1
2316150,Cc1ccc(C2=NN(C(=S)Nc3ccccc3)C(c3ccc4c(c3)OCCO4)C2)cc1
2316347,Cc1cccc(-c2nn3c(c2-c2ccncc2)CC(C)(C)C3)n1
2316472,Cc1cccc(-c2nn3c(c2-c2ccc(O)cc2)C(C)C(C)(C)C3)n1
2316576,COc1cccc(C2=NN(C(=S)Nc3ccccc3)C(c3ccc4c(c3)OCCO4)C2)c1
2316897,Cc1cccc(-c2nn3c(c2-c2ccc(O)cc2)[C@@H](C)C(C)(C)C3)n1
2317206,CC1(C)Cc2c(-c3ccncc3)c(-c3ccccc3C#N)nn2C1
2318263,Cc1cccc(-c2nn3c(c2-c2ccc(O)cc2)C(C)C(C)(C)C3)c1C#N
2318459,COc1ccc(-c2nc3sc(-c4ccc(Cl)cc4)cn3n2)cc1
2318621,S=C(Nc1ccccc1)N1N=C(c2ccccc2)CC1c1ccc2c(c1)OCCO2
2318623,CCc1cccc(-c2nn3c(c2-c2ccnc(Nc4ccc(S(N)(=O)=O)cc4)c2)C(C)C(C)(C)C3)n1
2318782,CC1c2c(-c3ccc(O)cc3)c(-c3ccccc3C#N)nn2CC1(C)C
2319067,COC(=N)c1nc2ccc3ncn(C4CC4)c(=O)c3c2s1
2319316,CN1CCC(c2nc(-c3ccc(F)cc3)c(-c3ccnc(Nc4ccc(N5CCN(C)CC5)cc4)n3)s2)CC1
2319386,Cc1cccc(-c2nn3c(c2-c2ccncc2)C(C)C(C)(C)C3)n1
2319478,CN1CCC(c2nc(-c3cccc(S(C)(=O)=O)c3)c(-c3ccnc(N)n3)s2)CC1
2320001,COc1ccccc1C1=NN(C(=S)Nc2ccccc2)C(c2ccc3c(c2)OCCO3)C1
2320481,CCc1cccc(-c2nn3c(c2-c2ccncc2)C(C)C(C)(C)C3)n1
2320644,CC1(C)Cc2c(-c3ccc(O)cc3)c(-c3ccccn3)nn2C1
2321090,S=C(Nc1ccccc1)N1N=C(c2ccc(Cl)c(Cl)c2)CC1c1ccc2c(c1)OCCO2
2321275,CN1CCC(c2nc(-c3ccc(F)cc3)c(-c3ccnc(N)n3)s2)CC1
65615,CCc1cn([C@@H]2O[C@H](CNC(=O)[C@H](C)Oc3cc(OC)c(Cl)cc3Cl)[C@@H](O)[C@@H]2F)c(=O)[nH]c1=O
2321474,CNc1nccc(-c2sc(C3CCN(C)CC3)nc2-c2ccc(F)cc2)n1
2321735,Cc1cccc(-c2nn3c(c2-c2ccncc2)C(CO)C(C)(C)C3)n1
2322285,CN[C@@H]1C[C@H]2O[C@@](C)([C@@H]1OC)n1c3ccc(O)cc3c3c4c(c5c6cc(O)ccc6n2c5c31)C(=O)NC4
2322756,CCc1cccc(-c2nn3c(c2-c2ccc(O)cc2)[C@@H](C)C(C)(C)C3)n1
2323222,CN1CCC(c2nc(-c3ccc(F)cc3)c(-c3ccncn3)s2)C1
2323441,O=[N+]([O-])c1ccc(C2=NN(C(=S)Nc3ccccc3)C(c3ccc4c(c3)OCCO4)C2)cc1
2323657,CC(C)c1cnn2c(NCc3ccc(-c4ccccn4)cc3)nc(N[C@H]3CC[C@H](N)CC3)nc12
2323714,CCc1cccc(-c2nn3c(c2-c2ccc(OC)cc2)C(C)C(C)(C)C3)n1
2323882,Cc1cccc(-c2nn3c(c2-c2ccnc(Cl)c2)C(C)C(C)(C)C3)n1
2323995,CN1CCC(c2nc(-c3cccc(S(C)(=O)=O)c3)c(-c3ccnc(NCC4CC4)n3)s2)CC1
2324057,Cc1cccc(-c2nn3c(c2-c2ccnc(Cl)c2)CC(C)(C)C3)n1
11985,COC[C@H]1OC(=O)c2coc3c2[C@@]1(C)C1=C(C3=O)[C@@H]2CCC(=O)[C@@]2(C)C[C@H]1OC(C)=O
2324476,CC[C@@H](Oc1nc(Oc2cc(C)cc(-c3cccc(CN)c3)c2)c(F)cc1F)C(=O)O
2324848,Cc1cccc(-c2nn3c(c2-c2ccc(O)cc2)[C@H](C)C(C)(C)C3)n1
2325130,CN1CCC(c2nc(-c3ccc(F)cc3)c(-c3ccnc(Nc4ccc(C5CCNCC5)cc4)n3)s2)CC1
2325140,CC1(C)Cc2c(-c3ccncc3)c(-c3ccccn3)nn2C1
2325224,Cc1cc(=O)oc2cc3cc(O)ccc3cc12
2326289,CN1CCC(c2nc(-c3ccc(F)c(NS(C)(=O)=O)c3)c(-c3ccnc(NCC4CC4)n3)s2)CC1
2326328,CN1CCC(c2nc(-c3cccc(S(C)(=O)=O)c3)c(-c3ccnc(Nc4ccc(N5CCNCC5)cc4)n3)s2)CC1
2326337,S=C(Nc1ccccc1)N1N=C(c2cccs2)CC1c1ccc2c(c1)OCCO2
14366,CN1CC[C@H](c2c(O)cc(O)c3c(=O)cc(-c4ccccc4Cl)oc23)[C@H](O)C1
2326440,C=C(C)C(O)CC/C(C)=C/Cc1c(O)ccc(C(=O)CC(O)c2ccc(O)cc2)c1O
2326540,Fc1ccc(C2=NN(C(=S)Nc3ccccc3)C(c3ccc4c(c3)OCCO4)C2)cc1
404049,Cc1cn([C@@H]2C[C@H](O)[C@@H](CN)O2)c(=O)[nH]c1=O
2326709,CC1c2c(-c3ccncc3)c(-c3ccccc3C#N)nn2CC1(C)C
2326797,FC(F)(F)c1ccc(C2=NN(C(=S)Nc3ccccc3)C(c3ccc4c(c3)OCCO4)C2)cc1
2326860,CCc1cccc(-c2nn3c(c2-c2ccnc(Cl)c2)C(C)C(C)(C)C3)n1
2327102,CCc1cccc(-c2nn3c(c2-c2ccc(O)cc2)C(C)C(C)(C)C3)n1
2327291,Cc1cc(-c2c(-c3cccc(C)n3)nn3c2C(C)C(C)(C)C3)ccn1
2327382,CN1CCC(c2nc(-c3cccc(S(C)(=O)=O)c3)c(-c3ccnc(NC4CCOCC4)n3)s2)CC1
2327551,CN1CCC(c2nc(-c3ccc(F)cc3)c(-c3ccnc(Nc4ccc(N5CCNCC5)cc4)n3)s2)CC1
2328193,CCc1cccc(-c2nn3c(c2-c2ccc(O)cc2)[C@H](C)C(C)(C)C3)n1
2328264,Fc1ccc(-c2nc(C3CCNCC3)sc2-c2ccnc(Nc3ccc(N4CCNCC4)cc3)n2)cc1
396641,CC(C)NCc1ccn2c(-c3ccnc(N[C@@H](C)c4ccccc4)n3)c(-c3ccc(F)cc3)nc2c1
2328935,Cc1cccc(-c2nn3c(c2-c2ccncc2)C(C)C(C)(C)C3)c1C#N
2329726,O=c1[nH]c(NCCO)nc2ccc3[nH]ncc3c12
2329961,S=C(Nc1ccccc1)N1N=C(c2ccc(Br)cc2)CC1c1ccc2c(c1)OCCO2
289406,Nc1ncnc2c1c(-c1ccccc1)cn2-c1ccccc1CO
2330887,Cc1cccc(-c2nn3c(c2-c2ccc(O)cc2)CC(C)(C)C3)n1
2331123,Cc1cccc(-c2nn3c(c2-c2ccnc(Nc4ccc(S(N)(=O)=O)cc4)c2)C(C)C(C)(C)C3)n1
2331302,CSc1ccc(C2=NN(C(=S)Nc3ccccc3)C(c3ccc4c(c3)OCCO4)C2)cc1
2331394,Cc1nc(C2CCN(C)CC2)sc1-c1ccnc(Nc2ccc(N3CCNCC3)cc2)n1
2331618,COc1ccc(-c2c(-c3cccc(C)n3)nn3c2C(C)C(C)(C)C3)cc1
2331726,Cc1ccc(C2=NN(C(=S)Nc3ccccc3)C(c3ccc4c(c3)OCCO4)C2)cc1C
234,CNCCCn1cc(C2=C(c3cn(C)c4ccccc34)C(=O)NC2=O)c2ccccc21
2331939,Cc1cccc(-c2nn3c(c2-c2ccnc(Nc4ccc(S(N)(=O)=O)cc4)c2)CC(C)(C)C3)n1
2332001,Oc1ccc(-c2cnc3[nH]cc(-c4ccc(F)cc4)c3c2)cc1O
2332326,COCC1c2c(-c3ccncc3)c(-c3cccc(C)n3)nn2CC1(C)C
2332735,COc1cc2nccc(Nc3n[nH]c(C)c3C)c2cc1S(=O)(=O)C(C)(C)C
438524,CC(C)Cn1cnc2ccc(-c3[nH]c(-c4c(Cl)cccc4Cl)nc3-c3ccccc3)nc21.CS(=O)(=O)O
2333859,CCOC(=O)c1ccc(-c2c(-c3cccc(C)n3)nn3c2C(C)C(C)(C)C3)cc1
2334224,CN1CCC(c2nc(C3CC3)c(-c3ccnc(Nc4ccc(N5CCNCC5)cc4)n3)s2)CC1
2334235,S=C(Nc1ccccc1)N1N=C(c2ccc(OCc3ccccc3)cc2)CC1c1ccc2c(c1)OCCO2
2334647,CN1CCC(c2nc(-c3cccc(S(C)(=O)=O)c3)c(-c3ccnc(NC4CC4)n3)s2)CC1
404047,Cc1cn([C@@H]2C[C@H](O)[C@@H](CNC(=S)N[C@H]3OC(n4cnc5c(N)ncnc54)[C@H](O)[C@@H]3O)O2)c(=O)[nH]c1=O
2335270,O=C(Cc1ccc(-c2ccc(N3CCOCC3)cc2)cn1)NCc1cccc(F)c1
434490,CC(CN1CCC1)N1CCC(c2cc(-c3ccncc3)c(-c3ccc(F)cc3)[nH]2)CC1
413831,Cc1ccc(CN)cc1Nc1ccnc(Nc2cccc(C(N)=O)c2)n1
293060,CC(C)[C@H](NC(=O)[C@H](CC(N)=O)NC(=O)[C@H](CO)NC(=O)[C@@H](NC(=O)[C@H](C)NC(=O)[C@@H](N)CCCN=C(N)N)[C@@H](C)O)C(=O)N[C@@H](Cc1ccccc1)C(=O)N[C@@H](C)C(=O)OCc1ccccc1
286125,NCCCC[C@H](NC(=O)[C@H](CCCN=C(N)N)NC(=O)[C@H](CCCN=C(N)N)NC(=O)C1CCC(NC(=O)[C@H](CCCCN)NC(=O)C2CCC(NC(=O)[C@H](CCCCN)NC(=O)[C@H](CCCCN)NC(=O)[C@@H](N)CCCN=C(N)N)CC2)CC1)C(N)=O
2341467,C[C@H](Nc1ncnc2[nH]cnc12)c1cc2ccc(F)cc2nc1-c1ccccn1
403873,Cc1cn([C@H]2C[C@H](CNC(=S)Nc3ccc(Cl)c(C(F)(F)F)c3)[C@@H](CO)O2)c(=O)[nH]c1=O
78028,O=C1Cc2c([nH]c3ccccc23)-c2ccccc2N1
94219,OC[C@H]1O[C@@H](n2cnc3c(SCc4ccc(Br)cc4)ncnc32)[C@H](O)[C@@H]1O
82542,Cn1cc(C2=C(c3cccc(Br)c3)C(=O)NC2=O)c2ccccc21
146619,CCOC(=O)c1ccc(-c2cc(-c3ccncc3)c(-c3ccccc3)[nH]2)cc1
163317,O=C(Nc1ccc(Cl)c(Cl)c1)c1cc(C(F)(F)F)cc(C(F)(F)F)c1O
81140,Cn1cc(C2=C(c3ccccc3Cl)C(=O)NC2=O)c2ccccc21
89261,CN1CCN(CCCCNc2ncc3cc(-c4c(Cl)cccc4Cl)c(NC(=O)NC(C)(C)C)nc3n2)CC1
65885,CCc1cn([C@@H]2O[C@H](CNC(=O)C3c4cccc(Cl)c4Oc4c(Cl)cccc43)[C@@H](O)[C@@H]2F)c(=O)[nH]c1=O
83387,CN(C)C[C@@H]1CCn2cc(c3ccccc32)C2=C(C(=O)NC2=O)c2cn(c3ccccc23)CCO1.CS(=O)(=O)O
75661,CCN(CC)CCOc1ccc(Nc2ncc3cc(-c4c(Cl)cccc4Cl)c(NC(=O)NC(C)(C)C)nc3n2)cc1
94138,OC[C@H]1O[C@@H](n2cnc3c(SCc4ccc(OC(F)(F)F)cc4)ncnc32)[C@H](O)[C@@H]1O
89044,CC(C)(C)NC(=O)Nc1nc2nc(NCCCN3CCOCC3)ncc2cc1-c1c(Cl)cccc1Cl
132605,CCCCCCCCCCC#Cc1csc([C@@H](O)[C@@H](N)CO)c1.Cl
193790,C[C@@H](Nc1nccc(-c2c(-c3ccccc3)nc3nc(N)ccn23)n1)c1ccccc1
143824,O=C(NC1CNCCC[C@H]1OC(=O)c1cc(O)c(C(=O)c2ccccc2C(=O)O)c(O)c1)c1ccc(O)cc1
146362,CC(C)(C)Oc1ccc(-c2[nH]c(-c3ccccc3)cc2-c2ccncc2)cc1
143836,O=C(NC1CCCC1OC(=O)c1ccc(C(=O)c2c(O)cccc2C(=O)O)cc1)c1ccc(O)cc1
84075,CCCCCCCc1ccc(NC(P(=O)(O)O)P(=O)(O)O)cc1
319266,CN1CCC(c2[nH]c(-c3ccc(F)cc3)c(-c3ccncc3)c2Cl)CC1
193964,O=C1CCC(c2c(-c3ccc(F)cc3Cl)nc3ccccn23)=NN1c1c(Cl)cccc1Cl
200318,CN(Cc1cccc(Cl)c1)c1c(N)ncnc1C#Cc1ccc(N2CCOCC2)nc1
227503,CCn1c(=O)c(-c2ccccc2)cc2cnc(Nc3ccccc3)nc21
282892,Nc1ncnc2nc(-c3ccc(N4CCOCC4)nc3)cc(-c3cccc(Cl)c3)c12
200214,Nc1ncnc(C#Cc2ccc(N3CCOCC3)nc2)c1CCCc1cccnc1
319322,CN1CCC(c2cc(-c3ccncc3)c(-c3ccc(F)cc3)o2)CC1
319671,CN1CCC(c2nc(-c3ccc(F)cc3)c(-c3ccncc3)o2)CC1
249249,CCCCCc1c(-c2ccc(N(C)C)nc2)nc2ncnc(N)c2c1-c1cccc(Br)c1
255996,OCCn1cnc2c(O)nc(Nc3cccc(C(F)(F)F)c3)nc21
347412,CCN(C)CCCc1cc(-c2ccncc2)c(-c2ccc(F)cc2)[nH]1
388445,N#Cc1cnc2c(Cl)cc(NCc3cnc[nH]3)cc2c1Nc1ccc(F)c(Cl)c1
57777,N=C(N)c1ccc2[nH]c(-c3ccc(N(c4ccccc4)c4ccccc4)cc3)nc2c1
438573,CC(C)S(=O)(=O)n1c(N)nc2ccc(-c3[nH]c(-c4ccncc4)nc3-c3ccccc3)cc21
431962,CCC(=O)c1c(-c2ccccc2)c2cc(Cl)ccc2c(=O)n1Cc1cc(C(N)=O)n(C)n1
396650,C[C@H](Nc1nccc(-c2c(-c3ccc(F)cc3)nc3cc(CN(C)CC4CCCO4)ccn23)n1)c1ccccc1
340717,Nc1ncnc2c1ncn2[C@@H]1O[C@H](COP(=O)(O)OP(=O)(O)OP(=O)(O)OP(=O)(O)OP(=O)(O)OC[C@H]2O[C@@H](n3cnc4c(N)ncnc43)[C@H](O)[C@@H]2O)[C@@H](O)[C@H]1O
418277,CN(C)Cc1ccn2c(-c3ccnc(NCc4cc(F)cc(F)c4)n3)c(-c3ccc(F)cc3)nc2c1
390088,O=c1oc2cc(O)ccc2cc1-c1nc2ccccc2s1
365194,Cc1cn(CCCCCCOC(c2ccccc2)(c2ccccc2)c2cc[n+](C)cc2)c(=O)[nH]c1=O.[I-]
335432,O=P(O)(O)C(O)(Cn1cnc(-c2ccccc2)c1)P(=O)(O)O
65379,CCc1cn([C@H]2C[C@H](O)[C@@H](CNC(=O)Cc3ccccc3)O2)c(=O)[nH]c1=O
249227,Nc1ncnc2nc(-c3ccc(N4CCOCC4)nc3)c(Cc3ccccc3)c(-c3cccc(Br)c3)c12
2658,O=c1c(-c2ccc(O)cc2)coc2cc(O)cc(O)c12
319543,CN1CCC(c2cc(-c3ccncc3)c(-c3ccc(F)c(F)c3)[nH]2)CC1
273,NC(=O)c1ccc(-c2nc(-c3ccccn3)c(-c3ccc4c(c3)OCO4)[nH]2)cc1
65421,CCc1cn([C@@H]2O[C@H](CNC(=O)C3c4ccccc4Oc4c(-c5ccccc5)cccc43)[C@@H](O)[C@@H]2F)c(=O)[nH]c1=O
76820,CCCCCCCCCCCCCCC1(O)C[N+](C)(C)CCO1.[Br-]
232,Cn1cc(C2=C(c3cn(CCCCO)c4ccccc34)C(=O)NC2=O)c2ccccc21
365461,CC1=C(C(=O)Nc2ccc3[nH]ncc3c2)C(c2ccc3ccccc3c2)CC(=O)N1
430582,CN(C)CCCCn1cnc2c(O)nc(Nc3ccccc3)nc21
90171,Oc1c(Cl)cc(Cl)cc1-c1n[nH]c(-c2ccc(Cl)c(Cl)c2)n1
403895,Cc1cn([C@@H]2C[C@H](O)[C@@H](CNC(=S)Nc3ccc(Cl)cc3)O2)c(=O)[nH]c1=O
384023,CC(C)CC(C/C=C1/OC(CO)(COC(=O)C(C)(C)C)OC1=O)CC(C)C
438655,CC(C)Cn1c(N)nc2ccc(-c3[nH]c(-c4c(F)cccc4F)nc3-c3ccccc3)nc21.CS(=O)(=O)O
2247,Cc1cc(NS(=O)(=O)c2ccc(N)cc2)no1
132622,C[C@@H]1CN(C(=O)[C@@](C)(O)C(F)(F)F)[C@@H](C)CN1C(=O)C1CCCCC1
502092,CCC(C)[C@@H]1[C@@](C)(C(=O)/C=C/N(c2ccccc2)c2ccc3ccccc3c2)[C@H]2[C@H](C)C[C@@](C)(O)C[C@]2(O)C(=O)[C@@]1(C)O
413846,NC(=O)c1cccc(Nc2nccc(Nc3cccc4nn[nH]c34)n2)c1
89300,CN1CCN(CCCNc2ncc3cc(-c4c(Cl)cccc4Cl)c(NC(=O)Nc4cccc5ccccc45)nc3n2)CC1
2342038,C[C@@H]1COCCN1c1nc(N2CCOC[C@@H]2C)nc2sc(-c3cccc(O)c3)nc12
2342179,[2H]C([2H])([2H])NC(=O)c1nnc(NC(=O)C2CC2)cc1Nc1cccc(-c2ncn(C)n2)c1OC
2342363,C#CCOCc1ccnc(NC(=O)Nc2cccc3c2C2CCCCN2C3=O)c1
2342514,CN1CCC(Cn2nc(-c3ccc4cc(OC5COC5)ccc4c3)c3c(N)ncnc32)CC1
288441,NCCCC[C@H](NC(=O)[C@H](CCCN=C(N)N)NC(=O)[C@H](CCCN=C(N)N)NC(=O)[C@H](Cc1ccc(O)cc1)NC(=O)[C@H](CCCCN)NC(=O)[C@H](Cc1ccc(O)cc1)NC(=O)[C@H](CCCCN)NC(=O)[C@H](CCCCN)NC(=O)[C@@H](N)CCCN=C(N)N)C(N)=O
2343415,C[C@H]1Oc2cc(cnc2N)Cc2c(nn(C)c2C#N)CN(C)C(=O)c2ccc(F)cc21
329137,O=P(O)(O)C(Nc1cccc(CO)c1)P(=O)(O)O
2344800,CN1CCN(C(=O)c2cccc(-c3ncnc4ccc(-c5cnc6ccccc6c5)cc34)c2)CC1
2345211,CNC(=O)c1cnc(NC(=O)C2CC2)cc1Nc1ccccc1S(C)(=O)=O
2346129,CC1(Cn2nc(-c3ccc4cc(OC5CC5)ccc4c3)c3c(N)ncnc32)COC1
2346268,Cc1cc2ncnn2cc1Nc1ncc2c(n1)n(C1CCOCC1)c(=O)n2C
434541,Fc1ccc(-c2[nH]c(C3CCN(CCN4CCC4)CC3)cc2-c2ccncc2)cc1
2347569,CC(C)(CO)Cn1nc(-c2ccc3nc(OCC(F)(F)F)ccc3c2)c2c(N)ncnc21
2347727,[2H]C([2H])([2H])NC(=O)c1nnc(Nc2ccccn2)cc1Nc1ccccc1S(C)(=O)=O
2349169,OC[C@H]1O[C@@H](n2cnc3c(N4CCN(c5ccc(-c6cccc(CN7CCOCC7)c6)cc5)CC4)ncnc32)[C@H](O)[C@@H]1O
2349391,C[C@@H]1COCCN1c1nc(C2CCOCC2)nc2sc(-c3cc[nH]n3)nc12
2349637,Cc1cc(-c2n[nH]c3cc(NC(=O)OCc4ccccc4)ncc23)ccn1
2349787,C=CC(=O)N1CCCC(n2nc(-c3cc(C=O)n(C)n3)c3c(N)ncnc32)C1
2350403,CN(C)CC(C)(C)Cn1nc(-c2ccc3nc(OC4CC4)ccc3c2)c2c(N)ncnc21
2350477,O=C(Nc1cc(-c2cn(CCNc3c4c(nc5ccccc35)CCCC4)nn2)ccn1)Nc1cccc2c1[C@@H]1CCCCN1C2=O
2350843,CNC(=O)c1cnc(Nc2cc(C)c(F)cn2)cc1Nc1cccc(-c2nnc(C)o2)c1OC
2350852,CNC(=O)c1c(-c2ccccn2)c([C@H](C)Nc2ncnc(N)c2C#N)nc2cccc(F)c12
2350998,O=C(Nc1cc(-c2cn(CCNc3c4c(nc5ccccc35)CCCC4)nn2)ccn1)Nc1cccc2c1[C@H]1CCCCN1C2=O
2351178,[2H]C([2H])([2H])NC(=O)c1cnc(Nc2ccc(F)cn2)cc1Nc1ccccc1S(C)(=O)=O
2351187,[2H]C([2H])([2H])NC(=O)c1nnc(NC(=O)C2CC2)cc1Nc1ccccc1S(C)(=O)=O
2351460,Cc1nnc(Nc2nccc(-c3sc(C4CCNCC4)nc3-c3ccc(F)cc3)n2)s1
2351564,Cc1ccc(-n2nc(C(C)(C)C)cc2NC(=O)Nc2ccc(Cl)cc2)cc1
2351594,C#CCN(C)Cc1ccnc(NC(=O)Nc2cccc3c2C2CCCCN2C3=O)c1
2351694,CN1CCC(Cn2nc(-c3ccc4cc(OC5CCC5)ccc4c3)c3c(N)ncnc32)CC1
482537,C[C@@H]1O[C@@H](O[C@@H]2[C@@H](O)[C@H](OCCc3ccc(O)c(O)c3)O[C@H](CO)[C@H]2OC(=O)/C=C/c2ccc(O)c(O)c2)[C@H](O)[C@H](O)[C@H]1O
2351878,Fc1ccc(-c2nc(C3CCNCC3)sc2-c2ccnc(N3CCC(CN4CCOCC4)CC3)n2)cc1
2352342,CCOc1ccc2cc(-c3nn(CC(C)(C)O)c4ncnc(N)c34)ccc2n1
2352679,CN1CCN(c2cnc3c(C4CCN(C(=O)c5ccc(OC(F)(F)F)cc5N)CC4)ncnc3c2)CC1
2352688,CCOc1ccc2cc(-c3nn(CC4CCN(C(C)C)CC4)c4ncnc(N)c34)ccc2c1
2352760,O=C(c1cc2c(-c3ccc(F)cc3)cccc2s1)N1CCOCC1
2352973,C#Cc1ccc(NC(=O)Nc2cccc3c2C2CCCCN2C3=O)nc1
2353024,Fc1ccc(-c2nc(C3CCNCC3)sc2-c2ccnc(Nc3cnccn3)n2)cc1
2353033,Fc1ccc(-c2nc(C3CCNCC3)sc2-c2ccnc(Nc3ccccn3)n2)cc1
2353296,CN(Cc1ccnc(NC(=O)Nc2cccc3c2C2CCCCN2C3=O)c1)Cc1cn(CCNc2c3c(nc4ccccc24)CCCC3)nn1
438706,CC(C)Cn1c(N)nc2ccc(-c3[nH]c(-c4c(F)cccc4F)nc3-c3ccccc3)cc21.CS(=O)(=O)O
2354200,C=CS(=O)(=O)NCc1ccc(Nc2nc(Nc3ccccc3C(=O)NC)c3cc[nH]c3n2)c(OC)c1
2354640,Cc1cnc(Nc2ccc(N3CCC(N(C)CCO)CC3)c(F)c2)nc1-c1cnn(C(C)C)c1
2355101,OC[C@H]1O[C@@H](n2cnc3c(N4CCN(c5ccc(-c6ccccc6)cc5)CC4)ccnc32)[C@H](O)[C@@H]1O
88946,CN1CCN(CCCNc2ncc3cc(-c4c(Cl)cccc4Cl)c(NC(=O)Nc4ccc(Br)cc4)nc3n2)CC1
292027,CC(C)[C@H](NC(=O)[C@H](CC(N)=O)NC(=O)[C@@H](N)CO)C(=O)N[C@H](/C=C/C(CCCc1ccccc1)CCCc1ccccc1)Cc1ccccc1
2356178,OC[C@H]1O[C@@H](n2cnc3c(-c4ccc(C#Cc5ccccc5)cc4)ncnc32)[C@H](O)[C@@H]1O
2356739,CCC(=O)Nc1ccc(Nc2nc(Nc3ccccc3C(N)=O)c3cc[nH]c3n2)c(OC)c1
2356956,CCc1cc(Nc2nccc(-c3sc(C4CCNCC4)nc3-c3ccc(F)cc3)n2)nc(C)c1F
2357169,CN1CCC(Cn2nc(-c3ccc4nc(OCC(F)(F)F)ccc4c3)c3c(N)ncnc32)CC1
2357190,C=CC(=O)Nc1ccc(OC)c(Nc2nc(Nc3ccccc3C(N)=O)c3cc[nH]c3n2)c1
2358243,C[C@@H]1COCCN1c1nc(N2CCOCC2)nc2sc(-c3cc[nH]n3)nc12
2358792,CC(=O)Nc1nc(-c2ccc(F)cc2)c(-c2ccnc(Nc3ccc(N4CCNCC4)cc3)n2)s1
2359242,O=C(N[C@H]1CCc2cc(F)cc(F)c2NC1=O)c1n[nH]c(Cc2ccccc2)n1
2360401,Cc1ccccc1-n1nc(C(C)(C)C)cc1NC(=O)Nc1ccc(Cl)cc1
521450,CC(=O)Nc1ccc2c(c1)/C(=C1/Nc3ccccc3/C1=N\O)C(=O)N2
2360506,COc1ncc(-c2ccc3ncnc(-c4cccc(C(=O)N5CCN(C)CC5)c4)c3c2)cc1C(F)(F)F
65533,CCc1cn([C@H]2C[C@H](O)[C@@H](CNC(=O)Cc3ccccc3OC)O2)c(=O)[nH]c1=O
345744,CN(C)Cc1ccn2c(-c3ccnc(NCC(C)(C)C)n3)c(-c3ccc(F)cc3)nc2c1
70825,Nc1nccc(-c2c[nH]c3ccc(Br)cc23)n1
2361401,C=CC(=O)N1CCCC(n2nc(-c3cc(C(C)(C)O)n(C)n3)c3c(N)ncnc32)C1
2361463,COc1ccc(-c2ccc3ncnc(N4CCC[C@H](C(=O)N5CCN(C)CC5)C4)c3c2)cn1
2362596,Fc1ccc(-c2nc(N3CCCC3)sc2-c2ccnc(Nc3ccc(N4CCNCC4)cc3)n2)cc1
2362620,COc1ccc2c(c1)CC[C@H](NC(=O)c1nc3n(n1)[C@H](c1ccccc1)CC3)C(=O)N2C
2362665,CC(C)Cn1nc(-c2ccc3cc(OC4CC4)ccc3c2)c2c(N)ncnc21
200213,Nc1ncnc(C#Cc2ccc(N3CCOCC3)nc2)c1CCCc1cccc(Br)c1
2363139,C=CC(=O)NCc1ccc(OC)c(Nc2nc(Nc3ccccc3C(=O)NC)c3cc[nH]c3n2)c1
2363548,COc1cc(NC(=O)/C=C/CN(C)C)ccc1Nc1nc(Nc2ccccc2C(N)=O)c2cc[nH]c2n1
485069,Cc1ccc(NP(=O)(O)OP(=O)(O)OP(=O)(O)OP(=O)(O)OC[C@H]2O[C@@H](n3cnc4c(N)ncnc43)[C@H](O)[C@@H]2O)cc1
2364069,CNC(=O)c1cnc(Nc2cc(C)c(F)cn2)cc1Nc1cccc(-c2n[nH]c(C)n2)c1OC
511261,O=C(NC1CCNCC1)c1n[nH]cc1NC(=O)c1c(Cl)cccc1Cl
2365255,OC[C@H]1C[C@@H](n2cnc3c(N4CCN(c5ccc(-c6ccccc6)cc5)CC4)ncnc32)[C@H](O)[C@@H]1O
2366329,Nc1nc(-c2ccc(F)cc2)c(-c2ccnc(Nc3ccc(N4CCNCC4)cc3)n2)s1
2366549,O=C(Nc1cc(COCc2cn(CCNc3ccncc3)nn2)ccn1)Nc1cccc2c1C1CCCCN1C2=O
2366928,CN1CCC(C(=O)Nc2nc(-c3ccc(F)cc3)c(-c3ccnc(Nc4ccc(N5CCNCC5)cc4)n3)s2)CC1
2367569,C=CC(=O)N1CCCC(n2nc(-c3cc(N4CCOCC4)n(C)n3)c3c(N)ncnc32)C1
2367630,COc1ccc(-c2ccc3ncnc(-c4cncc(C(=O)N5CCN(C)CC5)c4)c3c2)cn1
2367783,C[C@@H]1COCCN1c1nc(N2CCOC[C@@H]2C)nc2sc(-c3cn[nH]c3)nc12
2368010,CCOc1ccc2cc(-c3nn(CC(C)(C)O)c4ncnc(N)c34)ccc2c1
2368285,Cc1nc(Nc2nccc(-c3sc(C4CCNCC4)nc3-c3ccc(F)cc3)n2)cc(C2CC2)c1F
2368859,Fc1ccc(-c2nc(C3CCNCC3)sc2-c2ccnc(NCCN3CCSCC3)n2)cc1
2369120,Nc1nc(-c2ccc(F)cc2)c(-c2ccnc(Nc3ccc(N4CCOCC4)cc3)n2)s1
2370069,C#Cc1ccnc(NC(=O)Nc2cccc3c2[C@H]2CCCCN2C3=O)c1
2370192,Cc1nc(N)nc(N[C@@H](C)c2c(-c3ccccc3)c(=O)n3cc(F)ccc3c2-c2ccc(F)cc2)c1C#N
2370468,OC[C@H]1O[C@@H](n2cnc3c(N4CCN(c5ccc(-c6ccc(C(F)(F)F)nc6)cc5)CC4)ncnc32)[C@H](O)[C@@H]1O
2371082,CN1CCC(Cn2nc(-c3ccc4cc(OCCO)ccc4c3)c3c(N)ncnc32)CC1
2371586,CC[C@H](C)[C@@H]1NC(=O)[C@H](Cc2ccc(O)cc2)NC(=O)[C@H](CCCNC(=N)N)NC(=O)[C@H](CO)NC(=O)[C@H](Cc2ccc(O)cc2)NC(=O)[C@H](C)NC(=O)[C@@H]2CCCN2C(=O)[C@@H](N)CSSC[C@@H](C(=O)O)NC(=O)CNC1=O
2371641,C=CC(=O)Nc1ccc(Nc2nc(Nc3ccccc3C(N)=O)c3cc[nH]c3n2)c(OC)c1
2372333,Nc1ncc2ccc3ccncc3c2n1
2372856,O=C1/C=C\C(=O)N[C@@H](CC2CCCCC2)C(=O)N[C@@H](Cc2ccccc2)C(=O)N[C@@H](CCCNC(=O)c2cnccn2)C(=O)NCC[C@@H](C(=O)O)N1
2372985,CO[C@@H]1C[C@H](C[C@@H](C)[C@@H]2CC[C@H](C)/C=C(\C)[C@@H](O)[C@@H](OC)C(=O)[C@H](C)C[C@H](C)/C=C/C=C/C=C(\C)C(N3CCS3(=O)=O)C[C@@H]3CC[C@@H](C)[C@@](O)(O3)C(=O)C(=O)N3CCCC[C@H]3C(=O)O2)CC[C@@H]1n1cnnn1
520970,COc1ccc(C(=O)/C=C/c2ccncc2)cc1
2373533,CCCCCCCCOc1ccc(-c2noc([C@@H]3CCCN3C(=N)N)n2)cc1C(F)(F)F.Cl
2374877,COc1ncc(-c2ccc3ncnc(-c4cccc(C(=O)N5CCN(C)CC5)c4)c3c2)cc1C#N
2375736,C[C@@H]1COCCN1c1nc(CN2CCOCC2)nc2sc(-c3cc[nH]n3)nc12
2376015,CC(=O)N1CCN(C(=O)c2cccc(-c3ncnc4ccc(-c5cnc6ccccc6c5)cc34)c2)CC1
2376676,Cc1cc(Nc2nccc(-c3sc(C4CCNCC4)nc3-c3ccc(F)cc3)n2)nn1C
2376759,CNC(=O)c1cnc(Nc2ccc(C#N)cn2)cc1Nc1cccc(-c2ncn(C)n2)c1OC
2376764,COCCOc1ccc2cc(-c3nn(CC4CCN(C)CC4)c4ncnc(N)c34)ccc2c1
2377075,CC(C)c1nc(N2CCOC[C@H]2C)c2nc(-c3cc[nH]n3)sc2n1
2377300,CNC(=O)c1c(-c2ccccn2)c([C@H](C)Nc2ncnc(N)c2C#N)nc2ccc(F)cc12
2378932,CC(C)(CO)Cn1nc(-c2ccc3nc(OC4CC4)ccc3c2)c2c(N)ncnc21
2380618,Cc1cc(Nc2nccc(-c3sc(C4CCNCC4)nc3-c3ccc(F)cc3)n2)cc(C)n1
2380663,N=C(N)NC(=O)c1nc(-c2cc3ccccc3o2)c(N)nc1N
2381326,CC(=O)N1CCC(C(=O)N2N=CC[C@H]2c2ccccc2)CC1
494194,CNC(=O)c1ccn2c(-c3ccnc(N)n3)c(-c3ccc(F)cc3)nc2c1
2381957,OC[C@H]1O[C@@H](n2cnc3c(C#Cc4ccc(-c5ccccc5)cc4)ncnc32)[C@H](O)[C@@H]1O
2382065,COc1ccc(-c2ccc(N3CCN(c4ncnc5c4ncn5[C@@H]4O[C@H](CO)[C@@H](O)[C@H]4O)CC3)cc2)cn1
2382311,COc1ccc(NC(=O)/C=C/CN(C)C)cc1Nc1nc(Nc2ccccc2C(N)=O)c2cc[nH]c2n1
379573,OC[C@H]1O[C@@H](n2cnc3c(NCc4ccccc4F)ncnc32)[C@H](O)[C@@H]1O
2382480,C#Cc1cccc(NC(=O)Nc2cccc3c2C2CCCCN2C3=O)n1
2382625,OC[C@H]1O[C@@H](n2cnc3c(N4CCN(c5ccc(-c6ccccc6)cc5)CC4)ncnc32)[C@H](O)[C@@H]1O
2383267,CNC(=O)c1cnc(NC(=O)C2CC2)cc1Nc1cccc(-c2ncn(C)n2)c1OC
2383680,Nc1ncnc2c1c(-c1ccc3nc(OC4CC4)ccc3c1)nn2CC1CCOCC1
222098,CC(C)[C@H]1C(=O)N[C@H](CO)C1c1ccc(OC(=O)CCCCC(=O)Oc2ccc([C@H]3[C@@H](C(C)C)C(=O)N[C@@H]3CO)c3ccccc23)c2ccccc12
183299,CCn1c(=O)c(-c2c(Cl)cccc2Cl)cc2cnc(Nc3ccncc3)nc21
2384242,COc1ccc(Cl)cc1Nc1nc(-c2sc(N)nc2C)cs1
2384417,C#Cc1ccnc(NC(=O)Nc2cccc3c2[C@@H]2CCCCN2C3=O)c1
509286,COC(=O)CCCc1ccc(Cn2cc(Cl)c(=O)[nH]c2=O)cc1
509158,Cc1cn(Cc2ccc(CCCCCC(N)=O)cc2)c(=O)[nH]c1=O
121957,O=C(O)c1ccc(S(=O)(=O)Oc2ccc(/C=C/[N+](=O)[O-])cc2)cc1O
445907,O=C(O[C@@H]1O[C@@H]2COC(=O)c3cc(O)c(O)c(O)c3-c3c(cc(O)c(O)c3O)C(=O)O[C@H]([C@H]1O)[C@@H]2O)c1cc(O)c(O)c(O)c1
509159,O=C(O)CCCCCc1ccc(Cn2cc(Br)c(=O)[nH]c2=O)cc1
65646,CCc1cn([C@H]2C[C@H](O)[C@@H](CNC(=O)Cc3ccccc3C(F)(F)F)O2)c(=O)[nH]c1=O
132208,CCCCCCCCCC#Cc1cccc([C@@H](O)[C@@H](N)CO)c1
522216,Cc1ccc(C(=O)/C=C/c2ccccc2)cc1
447415,Cc1[nH]c(/C=C2\C(=O)Nc3ccc(S(=O)(=O)Cc4c(Cl)cccc4Cl)cc32)c(C)c1C(=O)N1CCC[C@@H]1CN1CCCC1
329237,O=[N+]([O-])c1cccc(NC(P(=O)(O)O)P(=O)(O)O)c1
450289,CC(C)(C)C(=O)OCC1(CO)C/C(=C/c2ccc(F)cc2)C(=O)O1
65577,CCc1cn([C@@H]2O[C@H](CNC(=O)C3c4ccccc4C(C(F)(F)F)(C(F)(F)F)c4ccccc43)[C@@H](O)[C@@H]2F)c(=O)[nH]c1=O
2384829,COc1ncc(-c2nc(C(=O)NC(=N)N)c(N)nc2N)cn1
2385442,C[C@@H]1COCCN1c1nc(N2CCOC[C@@H]2C)nc2[nH]c(-c3cccc4[nH]ccc34)nc12
2385682,N#Cc1cc(N2CCC(C(=O)N3N=CC[C@H]3c3cc(F)cc(F)c3)CC2)ncn1
2386191,CC(C)(C)S(=O)(=O)c1cc2c(Nc3ccc4scnc4c3)ncnc2cc1OCCO
2386536,C[C@@H]1COCCN1c1nc(N2CCOC[C@@H]2C)nc2sc(-c3cn[nH]n3)nc12
66928,O=c1c2ccccc2sn1-c1ccccc1
2386706,C#CCCc1ccnc(NC(=O)Nc2cccc3c2C2CCCCN2C3=O)c1
2387767,O=C(Nc1cc(COCc2cn(CCNc3c4c(nc5ccccc35)CCCC4)nn2)ccn1)Nc1cccc2c1C1CCCCN1C2=O
2388012,CNC(=O)c1c(-c2ccccc2)c([C@H](C)Nc2ncnc(N)c2C#N)nc2ccc(F)cc12
2388126,Fc1ccc(-c2nc(C3CCNCC3)oc2-c2ccnc(Nc3ccncn3)n2)cc1
2388491,C=CC(=O)N1CCCC(Cn2nc(Br)c3c(N)ncnc32)C1
2388757,COc1ccccc1Nc1nc(-c2sc(NC(C)=O)nc2C)cs1
2389142,CN1CCC(Cn2nc(-c3ccc4nc(OC5CC5)ccc4c3)c3c(N)ncnc32)CC1
2389203,CNC(=O)c1ccccc1Nc1nc(Nc2ccc(CNC(=O)/C=C/CN(C)C)cc2OC)nc2[nH]ccc12
450288,CC(C)C(=O)OCC1(CO)C/C(=C/c2ccc(-c3ccc(C(F)(F)F)cc3)cc2)C(=O)O1
450291,CC(C)(C)C(=O)OCC1(CO)C/C(=C/c2ccc(Br)cc2)C(=O)O1
450292,CC(C)(C)C(=O)OCC1(CO)C/C(=C\c2ccc(F)c(Cl)c2)C(=O)O1
450419,CC[C@H](CO)Nc1nc(NCc2cccc(-c3cccnc3)c2)c2ncn(C(C)C)c2n1
450424,CN(C)c1ccc(/C=C2/CC(CO)(COC(=O)C3CCCCC3)OC2=O)cc1
450425,CN(C)c1ccc(/C=C2/CC(CO)(COC(=O)c3ccccc3)OC2=O)cc1
450428,CCCC(CCC)C(=O)OCC1(CO)C/C(=C/c2ccccc2C(F)(F)F)C(=O)O1
450429,CCCC(CCC)C(=O)OCC1(CO)C/C(=C/c2cccc(C(F)(F)F)c2)C(=O)O1
450272,CC(C)[C@H](CO)Nc1nc(Nc2cccc(-c3ccccc3)c2)c2ncn(C(C)C)c2n1
2389780,C[C@@H]1COCCN1c1nc(N2CCOC[C@@H]2C)nc2sc(-c3cc[nH]n3)nc12
2390202,CC(C)C[C@@H]1NC(=O)[C@H](CO)NC(=O)[C@H](CO)NC(=O)[C@@H](NC(=O)[C@H](C)NC(=O)[C@H](CC(N)=O)NC(=O)[C@@H](NC(=O)CN)C(C)C)COC(=O)[C@H](Cc2ccccc2)NC1=O
2390388,c1ccc2c(NCCn3ccnn3)c3c(nc2c1)CCCC3
2390438,CCOc1ccccc1Nc1nc(-c2sc(NC(C)=O)nc2C)cs1
2391804,Cc1cccc(Nc2nc(-c3sc(N)nc3C)cs2)c1
450294,CC(C)(C)C(=O)OCC1(CO)C/C(=C/c2ccc(Cl)c(F)c2)C(=O)O1
450358,Cc1ccccc1C(=O)OCC1(CO)C/C(=C/c2ccccc2)C(=O)O1
450359,Cc1cc(C)c(C(=O)OCC2(CO)C/C(=C/c3ccccc3)C(=O)O2)c(C)c1
450360,CC(C)c1cc(C(C)C)c(C(=O)OCC2(CO)C/C(=C/c3ccccc3)C(=O)O2)c(C(C)C)c1
450363,CC(C)C(=O)OCC1(CO)C/C(=C/c2ccc(F)cc2)C(=O)O1
450365,CC(C)C(=O)OCC1(CO)C/C(=C/c2ccc(Br)cc2)C(=O)O1
450273,CC(C)n1cnc2c(Nc3ccc(-c4ccccc4)cc3)nc(NC(C)(C)CO)nc21
2392764,CC(C)(C)C(=O)N1N=CC[C@H]1c1ccccc1
2393299,COc1ncc(-c2ccc3ncnc(-c4cccc(C(=O)N5CCN(C(C)=O)CC5)c4)c3c2)cc1C(F)(F)F
2394183,CC(=O)N[C@H]1CSSC[C@@H](C(N)=O)NC(=O)[C@H](CC(=O)O)NC(=O)[C@H](CC(C)C)NC(=O)[C@H](Cc2ccc(O)cc2)NC(=O)[C@H](CCCNC(=N)N)NC(=O)[C@H](CO)NC(=O)[C@H](Cc2ccc(O)cc2)NC(=O)[C@H](C)NC(=O)[C@@H]2CCCN2C1=O
2394357,C[C@@H]1COCCN1c1nc(N2CCN(C)CC2)nc2sc(-c3cc[nH]n3)nc12
450361,CCCCCCC(=O)OCC1(CO)C/C(=C/c2ccc(N(C)C)cc2)C(=O)O1
450426,CN(C)c1ccc(/C=C2\CC(CO)(COC(=O)c3ccc(N(C)C)cc3)OC2=O)cc1
450366,CC(C)C(=O)OCC1(CO)C/C(=C/c2ccc(F)c(Cl)c2)C(=O)O1
450279,CN(C)c1ccc(C(=O)OCC2(CO)C/C(=C/c3ccccc3)C(=O)O2)cc1
450281,O=C1OC(CO)(COC(=O)c2ccc(C(F)(F)F)cc2)C/C1=C/c1ccccc1
2394786,CC#CC(=O)NCc1ccc(OC)c(Nc2nc(Nc3ccccc3C(=O)NC)c3cc[nH]c3n2)c1
2395925,CNCCNC(=O)c1c(-c2ccccn2)c([C@H](C)Nc2ncnc(N)c2C#N)nc2ccc(F)cc12
450435,CC(C)(C)CC(=O)OCC1(CO)C/C(=C/c2ccc(Cl)cc2)C(=O)O1
450436,CC(C)(C)CC(=O)OCC1(CO)C/C(=C/c2ccc(Br)cc2)C(=O)O1
2396375,OC[C@H]1O[C@@H](n2cnc3c(N4CCN(c5ccc(-c6ccc(C(F)(F)F)cc6)cc5)CC4)ncnc32)[C@H](O)[C@@H]1O
2396714,CNC(=O)c1cnc(Nc2ccc(F)cn2)cc1Nc1ccccc1S(C)(=O)=O
2397149,CCc1ccccc1Nc1ncc(-c2sc(NC(C)=O)nc2C)s1
2397713,CCC(=O)Nc1nc(C)c(-c2csc(Nc3ccccc3OC)n2)s1
2398450,CCC(=O)Nc1nc(C)c(-c2csc(Nc3ccc(S(N)(=O)=O)cc3)n2)s1
2399503,CCOc1ccccc1Nc1nc(-c2sc(NC(=O)CC)nc2C)cs1
484803,CC(=O)NC(Cc1ccc(NP(=O)(O)OP(=O)(O)OP(=O)(O)OP(=O)(O)OC[C@H]2O[C@@H](n3cnc4c(N)ncnc43)[C@H](O)[C@@H]2O)cc1)C(N)=O
2400202,CO[C@@H]1C[C@H](C[C@@H](C)[C@@H]2CC[C@H](C)/C=C(\C)[C@@H](O)[C@@H](OC)C(=O)[C@H](C)C[C@H](C)/C=C/C=C/C=C(\C)C(N3CCS3(=O)=O)C[C@@H]3CC[C@@H](C)[C@@](O)(O3)C(=O)C(=O)N3CCCC[C@H]3C(=O)O2)CC[C@H]1O
2401150,CS(=O)(=O)c1ccccc1Nc1cc(Nc2ccc(F)cn2)ncc1C(N)=O
2401489,CN1CCN(c2ccc(Nc3nccc(-c4sc(C5CCNCC5)nc4-c4ccc(F)cc4)n3)cc2)CC1
2401653,O=C(Nc1cc(COCc2cn(CCCc3ccccc3)nn2)ccn1)Nc1cccc2c1C1CCCCN1C2=O
2401657,Fc1ccc(-c2nc(N3CCOCC3)sc2-c2ccnc(Nc3ccc(N4CCNCC4)cc3)n2)cc1
2402752,O=S(=O)(Nc1nc(-c2ccc(F)cc2)c(-c2ccnc(Nc3ccc(N4CCNCC4)cc3)n2)s1)C1CCNCC1
2402827,CCC(=O)Nc1nc(C)c(-c2csc(Nc3ccc(NC(C)=O)cc3)n2)s1
2405079,CC(=O)Nc1cc(-c2ccc(OC[C@@H](N)CC(C)C)c(C#N)c2)ccn1
2405275,COc1ccc(Cl)cc1Nc1nc(-c2sc(NC(C)=O)nc2C)cs1
484859,COc1cc(/C=C/[N+](=O)[O-])ccc1OS(=O)(=O)c1ccc(C(=O)OC[C@H]2O[C@@H](n3cnc4c(N)ncnc43)[C@H](O)[C@@H]2O)cc1
2406282,Cc1cc(-c2n[nH]c3cc(NC(=O)CCc4ccccc4)ncc23)ccn1
450430,CCCC(CCC)C(=O)OCC1(CO)C/C(=C/c2cc(C(F)(F)F)cc(C(F)(F)F)c2)C(=O)O1
450431,CCCC(CCC)C(=O)OCC1(CO)C/C(=C\c2ccc(C(F)(F)F)cc2)C(=O)O1
2406672,CC(C)(O)Cn1nc(-c2ccc3nc(OC4CC4)ccc3c2)c2c(N)ncnc21
2407026,CCC(=O)NCc1ccc(Nc2nc(Nc3ccccc3C(=O)NC)c3cc[nH]c3n2)c(OC)c1
2407322,CN1c2ccc(S(C)(=O)=O)cc2SC1NC(=O)CCCc1ccccc1
2407457,O=C(Nc1cccc(-c2cn(CCNc3c4c(nc5ccccc35)CCCC4)nn2)n1)Nc1cccc2c1C1CCCCN1C2=O
2407489,CCC(=O)Nc1nc(C)c(-c2csc(Nc3cc(OC)ccc3OC)n2)s1
520172,CS(=O)(=O)Nc1ccc(-c2ccnc3[nH]ccc23)cc1
2407573,Cn1cc(COCc2ccnc(NC(=O)Nc3cccc4c3C3CCCCN3C4=O)c2)nn1
2408067,CCOc1ccc2cc(-c3nn(CC4CCOCC4)c4ncnc(N)c34)ccc2c1
450432,CC(C)(C)CC(=O)OCC1(CO)C/C(=C/c2ccc(OC(F)(F)F)cc2)C(=O)O1
2408930,C[C@@H]1COCCN1c1ncnc2sc(-c3cc[nH]n3)nc12
2409579,OC[C@H]1O[C@@H](n2cnc3c(N4CCN(c5ccc(-c6cnn(C(F)F)c6)cc5)CC4)ncnc32)[C@H](O)[C@@H]1O
450369,CC(C)(C)C(=O)OCC1(CO)C/C(=C/c2ccc(F)c(Br)c2)C(=O)O1
450370,CC(C)(C)CC(=O)OCC1(CO)C/C(=C/c2ccccc2C(F)(F)F)C(=O)O1
66022,CCc1cn([C@@H]2O[C@H](CNC(=O)C3c4ccccc4Sc4ccccc43)[C@@H](O)[C@@H]2F)c(=O)[nH]c1=O
2413351,Cc1nc(N)sc1-c1csc(Nc2ccc([N+](=O)[O-])cc2)n1
2413690,CN1CCC(Cn2nc(-c3ccc4cc(OC5CC5)ccc4c3)c3c(N)ncnc32)CC1
2414025,CCC(=O)Nc1nc(C)c(-c2csc(Nc3ccc(O)cc3)n2)s1
2414355,CCC(=O)Nc1ccc(OC)c(Nc2nc(Nc3ccccc3C(N)=O)c3cc[nH]c3n2)c1
2414412,CNC(=O)c1cnc(Nc2cc(C)c(F)cn2)cc1Nc1cccc(-c2nnco2)c1OC
2414599,CN1c2ccc(S(C)(=O)=O)cc2SC1NC(=O)CCCOC1CCCCC1
2414748,CNC(=O)c1cnc(Nc2ccccn2)cc1Nc1ccccc1S(C)(=O)=O
509041,Cc1cn(Cc2ccc(CCCCO)cc2)c(=O)[nH]c1=O
2416205,CC(=O)Nc1nc(C)c(-c2csc(Nc3cccc(C)c3)n2)s1
2416367,Cc1nnc(N2CCC(C(=O)N3N=CC[C@H]3c3cc(F)cc(F)c3)CC2)o1
450349,CC[C@H](CO)Nc1nc(NCc2ccccn2)c2ncn(C(C)C)c2n1
2417069,Fc1ccc(-c2nc(C3CCNCC3)sc2-c2ccnc(Nc3cccnn3)n2)cc1
2418582,Cc1nc(Nc2nccc(-c3sc(C4CCNCC4)nc3-c3ccc(F)cc3)n2)cc(C2CCC2)c1F
2418621,CN1c2ccc(S(C)(=O)=O)cc2SC1NC(=O)/C=C/c1ccc(F)cc1
450283,Cc1ccc(C(=O)OCC2(CO)C/C(=C/c3ccccc3)C(=O)O2)cc1
450372,CC(C)(C)CC(=O)OCC1(CO)C/C(=C/c2cc(C(F)(F)F)cc(C(F)(F)F)c2)C(=O)O1
450416,CC[C@@H](CO)Nc1nc(NCc2ccncc2)c2ncn(C(C)C)c2n1
2420086,C[C@H]1CCN1c1nc(N2C[C@@H]3[C@@H](CC(=O)O)[C@@H]3C2)cc(C(F)(F)F)n1
2420095,CN1C(=O)[C@@H](N2CCc3c(nn(Cc4ccccc4)c3Br)C2=O)COc2ccccc21
2420975,O=C(NCC1COc2ccccc2O1)c1ccc2c(c1)C(=O)N(CC1=CC=CC1)C(=S)C2
2421096,CC[C@H](C)[C@@H]1NC(=O)[C@H](Cc2ccc(O)cc2)NC(=O)[C@H](CCCNC(=N)N)NC(=O)[C@H](CO)NC(=O)[C@H](Cc2ccc(O)cc2)NC(=O)[C@H](C)NC(=O)[C@@H]2CCCN2C(=O)[C@@H](NC(C)=O)CSSC[C@@H](C(N)=O)NC(=O)CNC1=O
2421130,Cn1cc(-c2cnc3c(-c4csc(C(=O)NCC(F)(F)F)c4)cnn3c2)cn1
2421464,Fc1ccc(-c2nc(C3CCNCC3)sc2-c2ccnc(N3CCC(N4CCOCC4)CC3)n2)cc1
450285,CC(C)C(=O)OCC1(CO)C/C(=C/c2cc(C(F)(F)F)cc(C(F)(F)F)c2)C(=O)O1
450286,CC(C)C(=O)OCC1(CO)C/C(=C/c2ccc(C(F)(F)F)cc2)C(=O)O1
450287,CC(C)C(=O)OCC1(CO)C/C(=C/c2ccc(OC(F)(F)F)cc2)C(=O)O1
450418,CC[C@H](CO)Nc1nc(NCc2cccc(-c3ccccn3)c2)c2ncn(C(C)C)c2n1
2423056,Cc1sc(C(=O)N[C@@H]2[C@H](N)CCCC2(F)F)cc1-c1cnn2cc(Cl)cnc12
2423177,[N-]=[N+]=NC[C@H]1O[C@@H](n2c(SCC(=O)NC[C@H]3O[C@@H](n4cnc5c(N)ncnc54)[C@H](O)[C@@H]3O)nc3c(N)ncnc32)[C@H](O)[C@@H]1O
2423964,CCN(CC)c1ccc(Nc2nc(-c3sc(NC(C)=O)nc3C)cs2)cc1
2424127,CC(C)(CO)Cn1nc(-c2ccc3cc(OC4CC4)ccc3c2)c2c(N)ncnc21
2424305,O=C(O)c1cc(-c2ccc(-c3ccccc3[N+](=O)[O-])o2)nc2ccc3ccccc3c12
450350,CC[C@@H](CO)Nc1nc(NCc2ccccn2)c2ncn(C(C)C)c2n1
450351,CC[C@H](CO)Nc1nc(NCc2cccnc2)c2ncn(C(C)C)c2n1
2424494,Cc1ccc(NCCCC(=O)N/N=C/c2cc(Br)cc(Br)c2O)cc1
2424944,CC(C)C[C@@H]1NC(=O)[C@H](CO)NC(=O)[C@H](CO)NC(=O)[C@@H](NC(=O)[C@H](C)NC(=O)[C@H](CC(N)=O)NC(=O)[C@@H](NC(=O)CN)C(C)C)CNC(=O)[C@H](Cc2ccccc2)NC1=O
2426830,CC1(Cn2nc(-c3ccc4nc(OC5CC5)ccc4c3)c3c(N)ncnc32)COC1
450353,CC[C@H](CO)Nc1nc(NCc2ccncc2)c2ncn(C(C)C)c2n1
2427353,COc1ccc(O)c(/C=C2/SC(=S)NC2=O)c1
2427493,CC#CC(=O)NCc1ccc(Nc2nc(Nc3ccccc3C(=O)NC)c3cc[nH]c3n2)c(OC)c1
2427618,CNC(=O)c1cnc(Nc2cc(C)c(F)cn2)cc1Nc1cccc(-c2ncn(C)n2)c1OC
2427844,C=CC(=O)N1CCC(n2nc(-c3cc(C(C)(C)O)n(C)n3)c3c(N)ncnc32)C1
2428596,CC(C)Cn1nc(-c2ccc3nc(OC4CC4)ccc3c2)c2c(N)ncnc21
2428701,CN(C)CNc1ncc2cc3cnccc3c([N+](=O)[O-])c2n1
2428955,Cc1nc(Nc2cccc(N3CCCC3=O)n2)sc1-c1cc2c(c(S(C)(=O)=O)c1)C(=O)N([C@@H](C)C1CC1)C2
2429034,CCOc1ccc2cc(-c3nn(CC4CN(C)C4)c4ncnc(N)c34)ccc2c1
2429365,O=C1/C(=C\C=C\c2ccco2)SC(=S)N1NS(=O)(=O)c1ccccc1
2429678,CCC(=O)Nc1nc(C)c(-c2csc(Nc3ccc(N(CC)CC)cc3)n2)s1
2430013,CNC(=O)c1cnc(Nc2ccc(C(F)(F)F)cn2)cc1Nc1cccc(-c2ncn(C)n2)c1OC
2430364,O=C(Nc1cc(-c2cn(CCNc3c4c(nc5ccccc35)CCCC4)nn2)ccn1)Nc1cccc2c1C1CCCCN1C2=O
2430424,OC[C@H]1O[C@@H](n2cnc3c(-c4ccsc4)ncnc32)[C@H](O)[C@@H]1O
2431859,C=CC(=O)N1CCC(n2nc(-c3cc(C=O)n(C)n3)c3c(N)ncnc32)C1
2432041,CN1c2ccc(S(C)(=O)=O)cc2SC1NC(=O)CC1CCC(Br)CC1
2433025,C[C@@H]1COCCN1c1nc(N2CCCOCC2)nc2sc(-c3cc[nH]n3)nc12
2433826,CO[C@@H]1C[C@H](C[C@@H](C)[C@@H]2CC[C@H](C)/C=C(\C)[C@@H](O)[C@@H](OC)C(=O)[C@H](C)C[C@H](C)/C=C/C=C/C=C(\C)C(N3CCN(CCO)C3=O)C[C@@H]3CC[C@@H](C)[C@@](O)(O3)C(=O)C(=O)N3CCCC[C@H]3C(=O)O2)CC[C@H]1O
2434078,O=C(NCC1COc2ccccc2O1)c1ccc2c(=O)n(Cc3ccco3)c(=S)[nH]c2c1
2434708,CN(C)C(=O)/C(C#N)=C/c1ccc(-c2nc3cnc4[nH]ccc4c3n2C2CCCCC2)o1
2435331,C=CC(=O)N1CCC(n2nc(-c3cc(C)n(C)n3)c3c(N)ncnc32)C1
2435482,CNC(=O)c1cnc(Nc2cc(C)c(F)cn2)cc1Nc1cccc(-c2ncnn2C)c1OC
2435755,Cc1cc(-c2n[nH]c3cc(NC(=O)OCc4ccccc4)ccc23)ccn1
2436467,CCC(=O)Nc1nc(C)c(-c2csc(Nc3cccc([N+](=O)[O-])c3)n2)s1
2436504,C#Cc1ccnc(NC(=O)Nc2cccc3c2C2CCCCN2C3=O)c1
2436586,CNC(=O)c1cnc(Nc2cc(C)c(F)cn2)cc1Nc1cccc(-c2ccn(C)n2)c1OC
2436808,C[C@@H]1COCCN1c1nc(N2CCOC[C@@H]2C)nc2sc(-c3c[nH]cn3)nc12
2437016,Fc1ccc(-c2nc(C3CCNCC3)sc2-c2ccnc(Nc3nncs3)n2)cc1
2437243,CC(C)(O)c1ccc(-c2ccc(N3CCN(c4ncnc5c4ncn5[C@@H]4O[C@H](CO)[C@@H](O)[C@H]4O)CC3)cc2)cc1
2437626,CC(=O)Nc1nc(C)c(-c2csc(Nc3ccc([N+](=O)[O-])cc3)n2)s1
2438092,O=C(Nc1nc(-c2ccc(F)cc2)c(-c2ccnc(Nc3ccc(N4CCNCC4)cc3)n2)s1)C1CC1
2438162,O=C(NCCSCc1ccccc1)c1ccc2c(=O)n(C3CCCCC3)c(=S)[nH]c2c1
2438243,Cc1ccc(C(=O)CSc2nnc(-c3ccncc3)[nH]2)c(C)c1
2438515,Cn1cc(-c2cnc3c(-c4csc(C(=O)N[C@@H]5CCCC[C@@H]5N)c4)cnn3c2)cn1
2439752,CCC(=O)NCc1ccc(OC)c(Nc2nc(Nc3ccccc3C(=O)NC)c3cc[nH]c3n2)c1
2439939,O=C(NCC(F)(F)F)c1cc(-c2cnn3cc(-c4ccc(OCCN5CCCCC5)cc4)cnc23)cs1
2440344,CC(=O)Nc1nc(C)c(-c2csc(Nc3ccccc3C)n2)s1
2441548,[2H]C([2H])([2H])NC(=O)c1cnc(NC(=O)C2CC2)cc1Nc1cccc(-c2ncn(C)n2)c1OC
2442308,CC(C)(O)Cn1nc(-c2ccc3cc(OC4CC4)ccc3c2)c2c(N)ncnc21
2442496,Fc1ccc(-c2nc(C3CCNCC3)sc2-c2ccnc(Nc3ccncn3)n2)cc1
2442675,Nc1ncnc2c1c(-c1ccc3cc(OC4CC4)ccc3c1)nn2CC1CCOCC1
2443183,Fc1ccc(-c2nc(C3CCNCC3)sc2-c2ccnc(NCCN3CCOCC3)n2)cc1
2443286,CNC(=O)c1cnc(Nc2cc(C)c(F)cn2)cc1Nc1cccc(-c2nc[nH]n2)c1OC
2443289,Cc1cc(Nc2nccc(-c3sc(C4CCNCC4)nc3-c3ccc(F)cc3)n2)on1
2443294,CCNC(=O)c1c(-c2ccccn2)c([C@H](C)Nc2ncnc(N)c2C#N)nc2ccc(F)cc12
2443361,CN1CCC(Cn2nc(-c3ccc4cc(OCC5CC5)ccc4c3)c3c(N)ncnc32)CC1
495997,Nc1ncnc2c1sc1ncccc12
2443724,Cc1nn(C)c2c1Cc1cnc(N)c(c1)O[C@H](C)c1cc(F)ccc1C(=O)N(C)C2
2444248,CCOc1ccc2cc(-c3nn(CC4CCOCC4)c4ncnc(N)c34)ccc2n1
2445313,C[C@@H]1COCCN1c1nc(N2CCOC[C@@H]2C)nc2sc(-c3cccc4[nH]ccc34)nc12
2446596,CCOc1ccc2cc(-c3nn(CC4CCN(C)CC4)c4ncnc(N)c34)ccc2n1
2447253,CNC(=O)c1ccccc1Nc1nc(Nc2cc(CNC(=O)/C=C/CN(C)C)ccc2OC)nc2[nH]ccc12
2448335,O=C(Nc1cccc(-c2nc3ccccc3c(=O)o2)c1)c1ccccc1Br
503307,CC(C)=CCc1ccc(O)c(C=O)c1C(=O)c1cc(C)cc(OCC(O)C(C)(C)O)c1O
2448930,C=CC(=O)NCc1ccc(Nc2nc(Nc3ccccc3C(=O)NC)c3cc[nH]c3n2)c(OC)c1
2451056,CNC(=O)c1cnc(Nc2cc(C)nc(C)n2)cc1Nc1cccc(-c2ncn(C)n2)c1OC
2451169,CO[C@@H]1C[C@H](C[C@@H](C)[C@@H]2CC[C@H](C)/C=C(\C)[C@@H](O)[C@@H](OC)C(=O)[C@H](C)C[C@H](C)/C=C/C=C/C=C(\C)C(N3CCCS3(=O)=O)C[C@@H]3CC[C@@H](C)[C@@](O)(O3)C(=O)C(=O)N3CCCC[C@H]3C(=O)O2)CC[C@H]1OP(C)(C)=O
2451709,COc1ccc(-c2ccc3ncnc(-c4cccc(C(=O)N5CCN(C)CC5)c4)c3c2)cn1
2451780,Cc1nc(N)sc1-c1csc(Nc2cccc([N+](=O)[O-])c2)n1
2453063,C=CC(=O)N1CCCC(n2nc(Br)c3c(N)ncnc32)C1
2453125,CCOc1ccc2cc(-c3nn(CC4CN(C(C)=O)C4)c4ncnc(N)c34)ccc2c1
75253,CCN(CC)CCCCNc1ncc2cc(-c3c(Cl)cccc3Cl)c(NC(=O)NC(C)(C)C)nc2n1
2453616,[2H]C([2H])([2H])NC(=O)c1nnc(Nc2ccc(F)cn2)cc1Nc1ccccc1S(C)(=O)=O
2453845,O=C(Nc1cc(COCc2cn(CCNc3ccnc4ccccc34)nn2)ccn1)Nc1cccc2c1C1CCCCN1C2=O
2454081,O=C(Nc1ccc(-c2cn(CCNc3c4c(nc5ccccc35)CCCC4)nn2)cn1)Nc1cccc2c1C1CCCCN1C2=O
2455077,Nc1ncnc2c1c(-c1ccc3cc(OC4CC4)ccc3c1)nn2CC(O)(C(F)(F)F)C(F)(F)F
2455827,Cc1nc(N)sc1-c1csc(Nc2cccc(Cl)c2)n1
2455910,Cc1nc(Nc2nccc(-c3sc(C4CCNCC4)nc3-c3ccc(F)cc3)n2)ccc1F
2456038,CN1CCN(c2ccc(Nc3nccc(-c4sc(N)nc4-c4ccc(F)cc4)n3)cc2)CC1
2456715,CS(=O)(=O)c1ccc2nc(NC(=O)CCCOc3ccc(Cl)cc3)sc2c1
2457971,CCOc1ccc2cc(-c3nn(CC4CNC4)c4ncnc(N)c34)ccc2c1
2458745,COc1ccc(-c2ccc3ncnc(-c4cccc(C(=O)N5CCN(C)CC5)c4)c3c2)cc1OC
2460940,CCC(=O)Nc1nc(C)c(-c2csc(Nc3ccc([N+](=O)[O-])cc3)n2)s1
2461495,CO[C@@H]1C[C@H](C[C@@H](C)[C@@H]2CC[C@H](C)/C=C(\C)[C@@H](O)[C@@H](OC)C(=O)[C@H](C)C[C@H](C)/C=C/C=C/C=C(\C)[C@H](N3CCCS3(=O)=O)C[C@@H]3CC[C@@H](C)[C@@](O)(O3)C(=O)C(=O)N3CCCC[C@H]3C(=O)O2)CC[C@H]1O
2461848,Cc1cc(Nc2nccc(-c3sc(C4CCNCC4)nc3-c3ccc(F)cc3)n2)ccn1
2461860,CCOc1ccc2cc(-c3nn(CC(C)C)c4ncnc(N)c34)ccc2c1
2461916,CCC(=O)Nc1nc(C)c(-c2csc(Nc3cc(Cl)ccc3C)n2)s1
458333,O=C(Nc1ccc(Br)cc1)Nc1cccc(Cl)c1
2463177,C=CS(=O)(=O)NCc1ccc(OC)c(Nc2nc(Nc3ccccc3C(=O)NC)c3cc[nH]c3n2)c1
2463747,O=C(Nc1cc(CCc2cn(CCNc3c4c(nc5ccccc35)CCCC4)nn2)ccn1)Nc1cccc2c1C1CCCCN1C2=O
2464148,Cc1csc(Nc2nccc(-c3sc(C4CCNCC4)nc3-c3ccc(F)cc3)n2)n1
2464291,CN1CCC(Cn2nc(-c3ccc4cc(OCC(C)(C)O)ccc4c3)c3c(N)ncnc32)CC1
2464377,CN1c2ccc(S(C)(=O)=O)cc2SC1NC(=O)c1ccc(C(=O)c2ccccc2)cc1
2465764,CCCCCCCCOc1ccc(-c2noc([C@@H]3CCCN3C(=N)N)n2)cc1C(F)(F)F
450715,CC(C)[C@H](CO)Nc1nc(Nc2cccc(-c3cccnc3)c2)c2ncn(C(C)C)c2n1
447437,Cc1ccc(NC(=O)c2cccc(C(F)(F)F)c2)cc1N1Cc2cnc(N)nc2N(C)C1=O
450501,CN(C)c1ccc(/C=C2/CC(CO)(COC(=O)c3ccc(C(F)(F)F)cc3)OC2=O)cc1
450503,Cc1ccc(C(=O)OCC2(CO)C/C(=C/c3ccc(N(C)C)cc3)C(=O)O2)cc1
447442,COC(=O)[C@]1(Cc2ccc(O)c(CC=C(C)C)c2)OC(=O)C(OS(=O)(=O)O)=C1c1ccc(O)cc1
70662,CC1=CC23C(=O)[C@@H](C=C(CO)[C@@H](O)[C@]2(O)[C@H]1OC(=O)c1ccccc1)[C@H]1[C@@H](C[C@H]3C)C1(C)C
450492,CC[C@H](CO)Nc1nc(NCc2cccc(-c3ccncc3)c2)c2ncn(C(C)C)c2n1
450494,CC(C)[C@H](CO)Nc1nc(NCc2ccc(-c3ccccn3)cc2)c2ncn(C(C)C)c2n1
450495,CC(C)n1cnc2c(NCc3ccc(-c4ccccn4)cc3)nc(NC(C)(C)CO)nc21
450510,CC(C)(C)CC(=O)OCC1(CO)C/C(=C/c2ccc(F)c(Cl)c2)C(=O)O1
450511,CC(C)(C)CC(=O)OCC1(CO)C/C(=C/c2ccc(Cl)c(F)c2)C(=O)O1
450508,CCCC(CCC)C(=O)OCC1(CO)C/C(=C/c2ccc(Br)cc2)C(=O)O1
450566,CC(C)[C@H](CO)Nc1nc(NCc2ccc(-c3cccnc3)cc2)c2ncn(C(C)C)c2n1
450573,Cc1cc(C)c(C(=O)OCC2(CO)C/C(=C/c3ccc(N(C)C)cc3)C(=O)O2)c(C)c1
450577,CCCC(CCC)C(=O)OCC1(CO)C/C(=C\c2ccc(Cl)c(F)c2)C(=O)O1
450650,COc1ccc(/C=C2/CC(CO)(COC(=O)c3ccccc3)OC2=O)cc1
450651,COc1ccc(/C=C2\CC(CO)(COC(=O)c3ccc(N(C)C)cc3)OC2=O)cc1
450654,CCCCC(CC)C(=O)OCC1(CO)C/C(=C/c2ccc(-c3ccc(C(F)(F)F)cc3)cc2)C(=O)O1
450656,CC(CC(=O)OCC1(CO)C/C(=C/c2ccc(F)cc2)C(=O)O1)CC(C)(C)C
450567,CC[C@H](CO)Nc1nc(NCc2ccc(-c3ccncc3)cc2)c2ncn(C(C)C)c2n1
450568,CC[C@H](CO)Nc1nc(NCc2ccc(-c3ccccc3)cc2)c2ncn(C(C)C)c2n1
450648,CCCCC(CC)C(=O)OCC1(CO)C/C(=C/c2ccc(OC)cc2)C(=O)O1
450652,CCCCC(CC)C(=O)OCC1(CO)C/C(=C/c2ccc(C(F)(F)F)cc2)C(=O)O1
450653,CCCCC(CC)C(=O)OCC1(CO)C/C(=C/c2ccc(OC(F)(F)F)cc2)C(=O)O1
450721,CCCCCC/C=C1/CC(CO)(COC(=O)C2CCCCC2)OC1=O
450649,COc1ccc(/C=C2/CC(CO)(COC(=O)C3CCCCC3)OC2=O)cc1
450723,COc1ccc(/C=C2\CC(CO)(COC(=O)c3ccc(OC)cc3)OC2=O)cc1
450579,CCCCC(CC)C(=O)OCC1(CO)C/C(=C/c2ccccc2C(F)(F)F)C(=O)O1
450580,CCCCC(CC)C(=O)OCC1(CO)C/C(=C/c2cc(C(F)(F)F)cc(C(F)(F)F)c2)C(=O)O1
450582,CC(CC(=O)OCC1(CO)C/C(=C/c2ccc(C(F)(F)F)cc2)C(=O)O1)CC(C)(C)C
450584,CC(CC(=O)OCC1(CO)C/C(=C/c2ccc(-c3ccc(C(F)(F)F)cc3)cc2)C(=O)O1)CC(C)(C)C
450716,CC[C@H](CO)Nc1nc(Nc2cccc(-c3ccncc3)c2)c2ncn(C(C)C)c2n1
450575,CCCCC(CC)C(=O)OCC1(CO)C/C(=C/c2cccc(C(F)(F)F)c2)C(=O)O1
450576,CCCC(CCC)C(=O)OCC1(CO)C/C(=C/c2ccc(-c3ccc(C(F)(F)F)cc3)cc2)C(=O)O1
450581,CC(CC(=O)OCC1(CO)C/C(=C/c2cc(C(F)(F)F)cc(C(F)(F)F)c2)C(=O)O1)CC(C)(C)C
450659,CC(CC(=O)OCC1(CO)C/C(=C/c2ccc(F)c(Cl)c2)C(=O)O1)CC(C)(C)C
450642,CC(C)n1cnc2c(Nc3cccc(-c4ccccn4)c3)nc(NC(C)(C)CO)nc21
450660,CC(CC(=O)OCC1(CO)C/C(=C/c2ccc(Cl)c(F)c2)C(=O)O1)CC(C)(C)C
450658,CC(CC(=O)OCC1(CO)C/C(=C/c2ccc(Br)cc2)C(=O)O1)CC(C)(C)C
450505,CCCC(CCC)C(=O)OCC1(CO)C/C(=C/c2ccc(OC(F)(F)F)cc2)C(=O)O1
450507,CCCC(CCC)C(=O)OCC1(CO)C/C(=C/c2ccc(Cl)cc2)C(=O)O1
450512,CC(C)(C)CC(=O)OCC1(CO)C/C(=C/c2ccc(F)c(Br)c2)C(=O)O1
450514,CC(CC(=O)OCC1(CO)C/C(=C/c2cccc(C(F)(F)F)c2)C(=O)O1)CC(C)(C)C
2469530,CNC(=O)[C@H](C)Cn1cnc2ccc(-c3cnc(OC)c(NS(=O)(=O)c4ccc(F)cc4Cl)c3)cc2c1=O
2470729,C[C@]1(C(=O)NCC2(N)C3CC4CC(C3)CC2C4)CN(S(=O)(=O)c2ccc(N3C(=O)CCC3=O)nc2)CCO1
2471225,NC1(CNC(=O)C[C@@H](NS(=O)(=O)c2ccc(N3C(=O)CCC3=O)nc2)c2ccccc2)C2CC3CC(C2)CC1C3
2473242,O=C1O/C(=C(/C(=O)O)c2ccc(O)c(O)c2)C(O)=C1c1ccc(O)c(O)c1
495400,COc1cc2c(cc1Nc1nc(Nc3ccsc3C(N)=O)c3cc[nH]c3n1)N(C(=O)CN(C)C)CCC2(C)C
2478564,CC(C)(O)[C@H](F)CNC(=O)c1cnc(Nc2ccc3ncsc3c2)cc1NC1CC1
2480398,Cl.Cl.Nc1nccc(-c2c(-c3ccc(F)cc3)ncn2C2CCCCC2)n1
70897,Nc1nccc(-c2c[nH]c3cc(Br)ccc23)n1
495436,CNC(=O)c1c(F)cccc1Nc1nc(Nc2cc3c(cc2OC)CCN3C(=O)CN(C)C)nc2[nH]ccc12
2482721,N=C(N)NCC12CC3CC(CC(C3)C1)C2
65580,CCc1cn([C@H]2C[C@H](O)[C@@H](CNC(=O)C3c4ccccc4CCc4ccccc43)O2)c(=O)[nH]c1=O
466641,COC(=O)[C@]1(Cc2ccc(OS(=O)(=O)O)c(CC=C(C)C)c2)OC(=O)C(O)=C1c1ccc(O)cc1
66058,CCc1cn([C@@H]2O[C@H](CNC(=O)C3c4ccccc4C(C)(C)c4ccccc43)[C@@H](O)[C@@H]2F)c(=O)[nH]c1=O
65647,CCc1cn([C@H]2C[C@H](O)[C@@H](CNC(=O)Cc3ccccc3-c3ccccc3)O2)c(=O)[nH]c1=O
65932,CCc1cn([C@@H]2O[C@H](CNC(=O)C3c4ccccc4Oc4c(Cl)cccc43)[C@@H](O)[C@@H]2F)c(=O)[nH]c1=O
521265,N#Cc1ccc(C(=O)/C=C/c2ccc(Cl)cc2)cc1
66123,CCc1cn([C@@H]2O[C@H](CNC(=O)C3c4ccccc4Oc4c3cccc4C(F)(F)F)[C@@H](O)[C@@H]2F)c(=O)[nH]c1=O
495238,CN1CCN(c2ccc(Nc3nccc(-c4cnn5ncccc45)n3)cc2C(F)(F)F)CC1
450950,CCC(C(=O)OCC1(CO)C/C(=C/c2ccc(Br)cc2)C(=O)O1)c1ccccc1
450951,CCC(C(=O)OCC1(CO)C/C(=C/c2ccc(F)c(Cl)c2)C(=O)O1)c1ccccc1
450733,CC(CC(=O)OCC1(CO)C/C(=C/c2ccc(F)c(Br)c2)C(=O)O1)CC(C)(C)C
65786,CCc1cn([C@H]2C[C@H](O)[C@@H](CNC(=O)C3c4ccccc4Cc4ccccc43)O2)c(=O)[nH]c1=O
521194,COc1ccc(C(=O)/C=C/c2ccncc2)c(OC)c1OC
460157,Cc1ccc(Nc2nc(-c3ccccn3)cs2)cc1
66121,CCc1cn([C@H]2C[C@H](O)[C@@H](CNC(=O)C3c4ccccc4Oc4ccccc43)O2)c(=O)[nH]c1=O
65582,CCc1cn([C@H]2C[C@H](O)[C@@H](CNC(=O)Cc3c(Cl)cccc3Cl)O2)c(=O)[nH]c1=O
450796,CC[C@H](CO)Nc1nc(Nc2ccc(-c3ccncc3)cc2)c2ncn(C(C)C)c2n1
450797,CCCCCC/C=C1/CC(CO)(COC(=O)c2ccc(N(C)C)cc2)OC1=O
450799,CCCCCC/C=C1/CC(CO)(COC(=O)c2ccc(C(F)(F)F)cc2)OC1=O
450867,CC(C)[C@H](CO)Nc1nc(Nc2ccc(-c3ccncc3)cc2)c2ncn(C(C)C)c2n1
450800,CCCCCC/C=C1/CC(CO)(COC(=O)c2ccc([N+](=O)[O-])cc2)OC1=O
450801,CCCCCC/C=C1/CC(CO)(COC(=O)c2ccc(C)cc2)OC1=O
450803,COc1ccc(/C=C2\CC(CO)(COC(=O)c3c(C(C)C)cc(C(C)C)cc3C(C)C)OC2=O)cc1
450946,O=C1OC(CO)(COC(=O)c2ccc([N+](=O)[O-])cc2)C/C1=C/c1ccc(C(F)(F)F)cc1
450877,CCCCC(/C=C1/CC(CO)(COC(=O)C(CC)CCCC)OC1=O)CC
450885,CCC(C(=O)OCC1(CO)C/C(=C/c2ccc(F)cc2)C(=O)O1)c1ccccc1
450944,CCCCC(/C=C1/CC(CO)(COC(=O)c2ccc(C(F)(F)F)cc2)OC1=O)CC
450945,O=C1OC(CO)(COC(=O)c2ccc(C(F)(F)F)cc2)C/C1=C/c1ccc(C(F)(F)F)cc1
450734,CN(C)c1cccc(C(=O)OCC2(CO)C/C(=C\c3ccc([N+](=O)[O-])cc3)C(=O)O2)c1
521195,O=C(/C=C/c1ccccn1)c1cccc([N+](=O)[O-])c1
450804,CCCCCCC(=O)OCC1(CO)C/C(=C/c2ccc(C(F)(F)F)cc2)C(=O)O1
450807,CCC(C(=O)OCC1(CO)C/C(=C/c2ccccc2C(F)(F)F)C(=O)O1)c1ccccc1
450947,Cc1ccc(C(=O)OCC2(CO)C/C(=C/c3ccc(C(F)(F)F)cc3)C(=O)O2)cc1
450949,CCC(C(=O)OCC1(CO)C/C(=C/c2ccc(Cl)cc2)C(=O)O1)c1ccccc1
450878,O=C1OC(CO)(COC(=O)C2CCCCC2)C/C1=C/c1ccc(C(F)(F)F)cc1
450879,O=C1OC(CO)(COC(=O)c2ccccc2)C/C1=C/c1ccc(C(F)(F)F)cc1
450886,CN(C)c1ccccc1C(=O)OCC1(CO)C/C(=C\c2ccccc2[N+](=O)[O-])C(=O)O1
450724,COc1ccc(/C=C2/CC(CO)(COC(=O)c3ccc(C(F)(F)F)cc3)OC2=O)cc1
450725,COc1ccc(/C=C2/CC(CO)(COC(=O)c3ccc([N+](=O)[O-])cc3)OC2=O)cc1
521264,CCOC(=O)/C(=C\c1ccccn1)C(=O)c1cccc([N+](=O)[O-])c1
460058,Nc1ncnc2c1c(-c1ccccc1)cn2[C@@H](CO)c1ccccc1
450809,CCC(C(=O)OCC1(CO)C/C(=C/c2cc(C(F)(F)F)cc(C(F)(F)F)c2)C(=O)O1)c1ccccc1
450810,CN(C)c1cccc(C(=O)OCC2(CO)C/C(=C\c3cccc([N+](=O)[O-])c3)C(=O)O2)c1
450811,CN(C)c1ccccc1C(=O)OCC1(CO)C/C(=C\c2cccc([N+](=O)[O-])c2)C(=O)O1
450736,CN(C)c1ccc(C(=O)OCC2(CO)C/C(=C\c3cccc([N+](=O)[O-])c3)C(=O)O2)cc1
450812,CN(C)c1ccc(C(=O)OCC2(CO)C/C(=C\c3ccccc3[N+](=O)[O-])C(=O)O2)cc1
450940,CCCCC(/C=C1/CC(CO)(COC(=O)C2CCCCC2)OC1=O)CC
450941,CCCCC(/C=C1/CC(CO)(COC(=O)c2ccccc2)OC1=O)CC
450873,CCCCCC/C=C1/CC(CO)(COC(=O)c2ccccc2C)OC1=O
450882,CCC(C(=O)OCC1(CO)C/C(=C/c2ccc(C(F)(F)F)cc2)C(=O)O1)c1ccccc1
450883,CCC(C(=O)OCC1(CO)C/C(=C/c2ccc(OC(F)(F)F)cc2)C(=O)O1)c1ccccc1
450888,CCCCC(/C=C1/CC(CO)(COC(=O)c2ccc(N(C)C)cc2)OC1=O)CC
450730,CCCCC(CC)C(=O)OCC1(CO)C/C(=C/c2ccc(F)c(Cl)c2)C(=O)O1
450731,CCCCC(CC)C(=O)OCC1(CO)C/C(=C\c2ccc(Cl)c(F)c2)C(=O)O1
450794,CC[C@H](CO)Nc1nc(Nc2ccc(-c3cccnc3)cc2)c2ncn(C(C)C)c2n1
450795,CC(C)[C@H](CO)Nc1nc(Nc2ccc(-c3cccnc3)cc2)c2ncn(C(C)C)c2n1
450874,CCCCCC/C=C1/CC(CO)(COC(=O)c2c(C)cc(C)cc2C)OC1=O
450875,CCCCCC/C=C1/CC(CO)(COC(=O)c2c(C(C)C)cc(C(C)C)cc2C(C)C)OC1=O
450889,CCCCC(/C=C1/CC(CO)(COC(=O)c2ccc([N+](=O)[O-])cc2)OC1=O)CC
452628,O=C(O)/C=C1\CCCc2ccccc2C1O
519960,NCCNS(=O)(=O)c1ccc(-c2ccnc3[nH]ccc23)cc1
2487662,CCCCN1CCc2cc(Nc3ncc(C)c(-c4cnn(C(C)C)c4)n3)ccc2C1
2488079,CC(C)n1cc(-c2nc(Nc3ccc4c(c3)CCN(C(=O)CO)C4)ncc2F)cn1
2488327,Nc1c2ccncc2cc2cnc(NCCN3CCOCC3)nc12
2488743,Cc1cnc(Nc2ccc3c(c2)CN(C(=O)/C=C/C(=O)c2ccccc2)CC3)nc1-c1cnn(C(C)C)c1
2489336,Cc1cnc(Nc2ccc3c(c2)CN(CC#N)CC3)nc1-c1cnn(C(C)C)c1
2489446,CCCNC(=O)N1CCc2cc(Nc3ncc(C)c(-c4cnn(C(C)C)c4)n3)ccc2C1
2490553,Cc1ccc(C(=O)CCC(=O)N2CCc3cc(Nc4ncc(C)c(-c5cnn(C(C)C)c5)n4)ccc3C2)cc1
2491399,Cc1cc(-c2ccnc(Nc3cnn(C)c3)n2)ccc1CNC(=O)N1CC(OC(C)C)C1
2491524,Cc1cnc(Nc2ccc3c(n2)CCN(CCCO)C3)nc1-c1cnn(C(C)C)c1
2492247,Cc1cnc(Nc2cc3c(cc2F)CN(CCO)CC3)nc1-c1cnn(C(C)C)c1
2492887,CC(C)n1cc(-c2nc(Nc3ccc4c(c3)CCN(CCCCCO)C4)ncc2F)cn1
2493329,CC(C)n1cc(-c2nc(Nc3ccc4c(c3)CCN(CCCCO)C4)ncc2F)cn1
2493630,C=CC(=O)Nc1ccc(-c2ccnc(Nc3ccc(N4CCOCC4)cc3)n2)cc1
2494807,Cc1cnc(Nc2ccc3c(c2)CCN(CCO)C3)nc1-c1cnn(C(C)C)c1
2495682,Nc1c2ccncc2cc2cnc(NCCCN3CCOCC3)nc12
2495691,Cc1cnc(Nc2ccc3c(c2)CCN(C(=O)/C=C/C(=O)c2ccccc2)C3)nc1-c1cnn(C(C)C)c1
2495782,C=CCN1CCc2cc(Nc3ncc(C)c(-c4cnn(C(C)C)c4)n3)ccc2C1
2496768,CCCn1c(C)cc(-c2csc(NC(=O)c3ccco3)n2)c1C
2496791,CCOCCN1CCc2cc(Nc3ncc(C)c(-c4cnn(C(C)C)c4)n3)ccc2C1
2497214,C[C@H](Nc1ncnc2[nH]cnc12)c1cc2ccc(F)cn2c(=O)c1-c1ccccc1
2497521,C/C=C/C(=O)Nc1ccc(-c2ccnc(Nc3ccc(N4CCOCC4)cc3)n2)cc1
460144,COc1cc(Nc2ncc(F)c(Nc3ccc4c(n3)NC(=O)C(C)(C)O4)n2)cc(OC)c1OC
2500286,CCCn1c(C)cc(-c2csc(NC(=O)c3cccs3)n2)c1C
2500484,CC(C)n1cc(-c2nc(Nc3ccc4c(c3)CCN(CCCO)C4)ncc2F)cn1
2500886,Cc1cnc(Nc2ccc3c(c2)CCN(C(=O)/C=C/CN(C)C)C3)nc1-c1cnn(C(C)C)c1
2501719,C[C@H](Nc1ncnc(N)c1C#N)c1nc2ccc(F)cc2n1-c1cncc(F)c1
2502023,Cc1cnc(Nc2ccc3c(c2)CCN(CCCCO)C3)nc1-c1cnn(C(C)C)c1
2502193,COC(=O)/C=C/CN1CCc2cc(Nc3ncc(C)c(-c4cnn(C(C)C)c4)n3)ccc2C1
2502429,C[C@H]1[C@@H]2C[C@@]3(O[C@H](CCC3(C)C)CC(=O)O[C@@H](CO)CC(=O)O2)O[C@@H]1CCCCc1cccc2cc(OCc3ccccc3)ccc12
2502710,CN1CCN(CCNc2ncc3cc4cnccc4c(N)c3n2)CC1
2503759,Cc1cnc(Nc2ccc3c(c2)CN(C(=O)/C=C/CN(C)C)CC3)nc1-c1cnn(C(C)C)c1
2503853,Cc1cnc(Nc2ccc3c(c2)CCN(C/C=C/C(=O)NC(C)(C)C)C3)nc1-c1cnn(C(C)C)c1
2503900,C[C@H](Nc1nc(N)nc(N)c1C#N)c1c(-c2ccccc2)c(=O)n2cc(F)ccc2c1-c1ccc(F)cc1
2504574,Cc1cnc(Nc2ccc3c(c2)CCN(C/C=C/C(=O)NCCN2CCCCC2)C3)nc1-c1cnn(C(C)C)c1
2505409,Cc1ccc(-n2cc(COc3cccc4cnc(Nc5cccc(Cl)c5)nc34)nn2)cc1[N+](=O)[O-]
476625,Cc1cc(Nc2ccc3ccccc3c2)n2ncnc2n1
475975,CC(=O)C1=C(O)C=C2Oc3c(C(N)=O)c(O)cc(O)c3[C@]2(C)C1=O
2505590,Cc1cnc(Nc2ccc3c(c2)CCN(CCCO)C3)nc1-c1cnn(C(C)C)c1
2507108,CN(C)CCCNc1ncc2cc3cnccc3c(N)c2n1
2507290,Cc1ccc(C(=O)/C=C/C(=O)N2CCc3cc(Nc4ncc(C)c(-c5cnn(C(C)C)c5)n4)ccc3C2)cc1
2507401,Cc1cnc(Nc2ccc3c(c2)CCN(C(=O)Nc2cccc(Cl)c2)C3)nc1-c1cnn(C(C)C)c1
2507611,Cc1cnc(Nc2ccc3c(c2)CCN(C/C=C/C(=O)O)C3)nc1-c1cnn(C(C)C)c1
2507831,CNc1ncc2cc3cnccc3c(N)c2n1
490359,Cc1ccc(NC(=O)c2ccnc(N3CCCCC3)c2)cc1-c1ccc(C(=O)NCC2CC2)cc1
498381,CCCN1CCC(c2ccc(Nc3nc(Nc4cc(F)ccc4C(N)=O)c4cc[nH]c4n3)c(OC)c2)CC1
2510436,CN1CCN(CCCNc2ncc3cc4cnccc4c(N)c3n2)CC1
2510720,C[C@H]1[C@@H]2C[C@@]3(O[C@H](CCC3(C)C)CC(=O)O[C@@H](CO)CC(=O)O2)O[C@@H]1CCCCc1cccc2cc(O)ccc12
2510897,COC(=O)CCCN1CCc2cc(Nc3ncc(C)c(-c4cnn(C(C)C)c4)n3)ccc2C1
2511186,C[C@H](Nc1ncnc(N)c1C#N)c1nc2ccc(F)cc2n1-c1cccnc1
5797,Nc1ncnc2c1ncn2[C@@H]1O[C@H](CO)[C@@H](O)[C@H]1O
506972,C=CCNC(=O)[C@H]1O[C@H](CNCc2ccc(Cl)c(Cl)c2)[C@@H](O)[C@@H]1O
506981,O=C(NC1CCCCCC1)[C@H]1O[C@H](CNC2CCCCCC2)[C@@H](O)[C@@H]1O
2512836,COC(=O)/C=C/CN1CCc2ccc(Nc3ncc(C)c(-c4cnn(C(C)C)c4)n3)cc2C1
2512993,Nc1c2ccncc2cc2cnc(NCCCN3CCCC3)nc12
2513103,CN(C)/C(OCc1ccc(B2OC(C)(C)C(C)(C)O2)cc1)=C(\C#N)C(O)c1ccc(-c2nc3cnc4[nH]ccc4c3n2C2CCCCC2)o1
2513277,CC#CCN1CCc2cc(Nc3ncc(C)c(-c4cnn(C(C)C)c4)n3)ccc2C1
2513289,CCCCNc1nc2ccc([N+](=O)[O-])cc2[nH]1
2513597,Cc1cnc(Nc2ccc3c(c2)CCN(C(=O)CCCN(C)C)C3)nc1-c1cnn(C(C)C)c1
2513787,Cc1[nH]c(/C=C2\C(=O)Nc3ccc(C(=O)N[C@H](C)c4ccncc4)cc32)c(C)c1NC(=O)CCl
489525,Cc1ccc(Nc2nccc(N(C)c3ccc4c(C)n(C)nc4c3)n2)cc1S(N)(=O)=O
2514620,CCNC(=O)N1CCc2cc(Nc3ncc(C)c(-c4cnn(C(C)C)c4)n3)ccc2C1
2515004,CNc1ncc2cc3cnccc3c([N+](=O)[O-])c2n1
2515340,CC(C)n1cc(-c2nc(Nc3ccc4c(c3)CCN(CCO)C4)ncc2F)cn1
2516018,Cc1[nH]c(/C=C2\C(=O)Nc3ccc(C(=O)N[C@@H](Cc4ccccc4)C(C)C)cc32)c(C)c1NC(=O)CCl
2516857,Cc1[nH]c(/C=C2\C(=O)Nc3ccc(C(=O)N[C@H](C)Cc4ccc(F)cc4)cc32)c(C)c1NC(=O)CBr
2517311,O=[N+]([O-])c1c2ccncc2cc2cnc(NCCCN3CCCCC3)nc12
2517575,C=CC(=O)Nc1ccc(-c2ccnc(Nc3cnn(CCOC)c3)n2)cc1
2518326,C=CCNC(=O)c1c(C)[nH]c(/C=C2\C(=O)Nc3ccc(C(=O)N[C@H](C)c4ccccc4)cc32)c1C
506955,OC[C@H]1O[C@H](CNC2CCCCCC2)[C@@H](O)[C@@H]1O
2518605,C#CCNC(=O)c1c(C)[nH]c(/C=C2\C(=O)Nc3ccc(C(=O)N[C@H](C)c4ccccc4)cc32)c1C
2518866,C=CC(=O)Nc1c(C)[nH]c(/C=C2\C(=O)Nc3ccc(C(=O)N[C@H](C)c4ccccc4)cc32)c1C
2519989,Cc1ccc(-n2cc(COc3cccc4cnc(Nc5cccc(Cl)c5)nc34)nn2)c([N+](=O)[O-])c1
2521155,CN(C)CCNc1ncc2cc3cnccc3c([N+](=O)[O-])c2n1
2521225,Cc1[nH]c(/C=C2\C(=O)Nc3ccc(C(=O)NCCc4ccccc4)cc32)c(C)c1NC(=O)CCl
2522021,Cc1[nH]c(/C=C2\C(=O)Nc3ccc(C(=O)N[C@H](C)c4ccccc4)cc32)c(C)c1NC(=O)CBr
2522241,CN1CCN(CCCNc2ncc3cc4cnccc4c([N+](=O)[O-])c3n2)CC1
489620,c1cc(-c2cnn3cc(-c4ccc(OCCN5CCCCC5)cc4)cnc23)ccn1
2523190,Cc1[nH]c(/C=C2\C(=O)Nc3ccc(C(=O)N[C@H](C)Cc4ccc(F)cc4)cc32)c(C)c1NC(=O)CCl
2523437,Cc1[nH]c(/C=C2\C(=O)Nc3ccc(C(=O)NC4(Cc5ccccc5)COC4)cc32)c(C)c1NC(=O)CCl
2524098,Cc1[nH]c(/C=C2\C(=O)Nc3ccc(C(=O)N[C@H](C)c4ccccc4)cc32)c(C)c1NC(=O)C(O)CCl
2524250,Cc1cccc2cc([C@H](C)Nc3ncnc(N)c3C#N)c(-c3ccccc3)c(=O)n12
2525347,Cc1[nH]c(/C=C2\C(=O)Nc3ccc(C(=O)N[C@H](C)c4ccccn4)cc32)c(C)c1NC(=O)CCl
2525686,CCN(CC)CCNC(=O)c1c(C)[nH]c(/C=C2\C(=O)Nc3ccc(C(=O)N[C@@H](C)c4ccccc4)cc32)c1C
2525864,Cc1ccc(C(=O)/C=C/C(=O)N2CCc3ccc(Nc4ncc(C)c(-c5cnn(C(C)C)c5)n4)cc3C2)cc1
2526080,Cc1cnc(Nc2ccc3c(c2)CN(CCO)C3)nc1-c1cnn(C(C)C)c1
2526147,CCN(CC)C(=O)/C=C/CN1CCc2cc(Nc3ncc(C)c(-c4cnn(C(C)C)c4)n3)ccc2C1
2526230,[2H]C([2H])([2H])NC(=O)c1cnc(NC(=O)C2CC2)cc1Nc1cccc(-c2ncc(F)cn2)c1OC
2526777,C[C@H](Nc1ncnc(N)c1C#N)c1nc2ccc(F)cc2n1-c1cc(F)cc(F)c1
2527338,Cc1cnc(Nc2ccc3c(c2)CCN(CCCCCO)C3)nc1-c1cnn(C(C)C)c1
2527866,O=[N+]([O-])c1c2ccncc2cc2cnc(NCCCN3CCOCC3)nc12
2528242,Cc1cnc(Nc2ccc3c(c2)CCN(CCC#N)C3)nc1-c1cnn(C(C)C)c1
507185,Oc1ccc(-c2cncc(-c3cc4cc(O)ccc4[nH]3)c2)cc1
506975,O=C(NCc1ccc(Cl)c(Cl)c1)[C@H]1O[C@H](CNCc2ccc(Cl)c(Cl)c2)[C@@H](O)[C@@H]1O
506976,O=C(NC1CCCCCC1)[C@H]1O[C@H](CNCc2ccc(Cl)c(Cl)c2)[C@@H](O)[C@@H]1O
507212,O=C(Nc1cccc([N+](=O)[O-])c1)[C@H]1O[C@H](CNC2CCCCCC2)[C@@H](O)[C@@H]1O
2529601,Cc1[nH]c(/C=C2\C(=O)Nc3ccc(C(=O)N[C@H](C)c4ccccc4)cc32)c(C)c1NC(=O)/C=C/CN(C)C
2530287,Cc1cnc(Nc2ccc3c(c2)CCN3CCO)nc1-c1cnn(C(C)C)c1
467679,OC[C@H]1O[C@@H](n2ccc3c(SCc4ccc(F)cc4)ncnc32)[C@H](O)[C@@H]1O
2530669,Cc1cccc(C[C@@H](C)NC(=O)c2ccc3c(c2)/C(=C/c2[nH]c(C)c(NC(=O)CCl)c2C)C(=O)N3)c1
2530919,C[C@H](Nc1nc(N)nc(N)c1C#N)c1cc2ccc(F)cn2c(=O)c1-c1ccccc1
474640,Cc1nc(-c2ccc3ccccc3c2)sc1C(=O)N(CC(=O)O)Cc1nc2ccccc2s1
2531525,CCN(CC)CCCNc1ncc2cc3cnccc3c(N)c2n1
2532058,C#CCN1CCc2cc(Nc3ncc(C)c(-c4cnn(C(C)C)c4)n3)ccc2C1
2532707,Cc1[nH]c(/C=C2\C(=O)Nc3ccc(C(=O)N[C@H](C)c4ccccc4)cc32)c(C)c1[N+](=O)[O-]
2532745,Cc1ccc(C[C@@H](C)NC(=O)c2ccc3c(c2)/C(=C/c2[nH]c(C)c(NC(=O)CCl)c2C)C(=O)N3)cc1
2533213,CCCCNc1nc2cc([N+](=O)[O-])ccc2s1
467902,N#Cc1ccc(CSc2ncnc3c2ccn3[C@@H]2O[C@H](CO)[C@@H](O)[C@H]2O)cc1
467904,Cc1ccc(CSc2ncnc3c2ccn3[C@@H]2O[C@H](CO)[C@@H](O)[C@H]2O)cc1
2534718,Cc1[nH]c(/C=C2\C(=O)Nc3ccc(C(=O)N[C@H](C)Cc4cccc(Cl)c4)cc32)c(C)c1NC(=O)CCl
2534969,Cc1cnc(Nc2ccc3c(c2)CCN(CC#N)C3)nc1-c1cnn(C(C)C)c1
2535801,Cc1[nH]c(/C=C2\C(=O)Nc3ccc(C(=O)N[C@H](C)Cc4ccc(Cl)cc4)cc32)c(C)c1NC(=O)CCl
467977,COc1ccc(CSc2ncnc3c2ccn3[C@@H]2O[C@H](CO)[C@@H](O)[C@H]2O)cc1
468047,OC[C@H]1O[C@@H](n2ccc3c(SCc4ccc(Cl)c(Cl)c4)ncnc32)[C@H](O)[C@@H]1O
2537256,CCN(CC)CCNC(=O)c1c(C)[nH]c(/C=C2\C(=O)Nc3ccc(C(=O)N[C@H](C)c4ccccc4)cc32)c1C
70212,Nc1nccc(-c2c[nH]c3ccccc23)n1
467978,OC[C@H]1O[C@@H](n2ccc3c(SCc4ccc(F)cc4F)ncnc32)[C@H](O)[C@@H]1O
467676,O=[N+]([O-])c1cccc(CSc2ncnc3c2ccn3[C@@H]2O[C@H](CO)[C@@H](O)[C@H]2O)c1
468048,OC[C@H]1O[C@@H](n2ccc3c(SCc4c(F)cccc4Cl)ncnc32)[C@H](O)[C@@H]1O
467677,OC[C@H]1O[C@@H](n2ccc3c(SCc4cccc(C(F)(F)F)c4)ncnc32)[C@H](O)[C@@H]1O
468113,OC[C@H]1O[C@@H](n2cc(I)c3c(SCc4ccccc4)ncnc32)[C@H](O)[C@@H]1O
467749,OC[C@H]1O[C@@H](n2ccc3c(SCc4ccc(Cl)cc4)ncnc32)[C@H](O)[C@@H]1O
474705,Cc1nc(-c2ccc3[nH]ccc3c2)sc1C(=O)N(CC(=O)O)Cc1nc2ccccc2s1
75719,Cn1c(=O)c(-c2c(Cl)cccc2Cl)cc2cnc(NCCCN3CCOCC3)nc21
467901,O=[N+]([O-])c1ccc(CSc2ncnc3c2ccn3[C@@H]2O[C@H](CO)[C@@H](O)[C@H]2O)cc1
467974,CC(C)(C)c1ccc(CSc2ncnc3c2ccn3[C@@H]2O[C@H](CO)[C@@H](O)[C@H]2O)cc1
467976,OC[C@H]1O[C@@H](n2ccc3c(SCc4ccc(OC(F)(F)F)cc4)ncnc32)[C@H](O)[C@@H]1O
474128,CC[C@H](CO)Nc1nc(NCc2ccccc2)n2ncc(C(C)C)c2n1
468046,OC[C@H]1O[C@@H](n2ccc3c(SCc4ccc(Cl)cc4Cl)ncnc32)[C@H](O)[C@@H]1O
509101,NC(=O)CCCc1ccc(Cn2cc(Br)c(=O)[nH]c2=O)cc1
509102,NC(=O)CCCc1ccc(Cn2cc(Cl)c(=O)[nH]c2=O)cc1
509103,Cc1cn(Cc2ccc(CCCCC(=O)O)cc2)c(=O)[nH]c1=O
509156,NC(=O)CCCCc1ccc(Cn2cc(Br)c(=O)[nH]c2=O)cc1
509157,Cc1cn(Cc2ccc(C#CCCCC(=O)O)cc2)c(=O)[nH]c1=O
76915,CCCCCCCCCCCCCCC[C@@]1(O)C[N+](C)(C)C[C@@H](CC(=O)[O-])O1
509105,O=C(O)CCCCc1ccc(Cn2cc(Br)c(=O)[nH]c2=O)cc1
520053,COc1cc(Nc2ncc3c(n2)-c2ccc(Cl)cc2C(c2c(F)cccc2OC)=NC3)ccc1C(=O)O
484888,C[C@H](NC(=O)c1ccc(S(=O)(=O)Oc2ccc(/C=C/[N+](=O)[O-])cc2)cc1)C(=O)N[C@@H](C)C(=O)OC(C)(C)C
508707,COCC(=O)NC/C=C/c1ccc2ncnc(Nc3ccc(Oc4ccc(C)nc4)c(C)c3)c2c1
508852,Cc1cn(Cc2ccc(/C=C/CC(=O)O)cc2)c(=O)[nH]c1=O
520412,N#Cc1ccc(Oc2ccc3c(c2)B(O)OC3)cc1
509155,O=C(O)CCCCc1ccc(Cn2cc(Cl)c(=O)[nH]c2=O)cc1
509216,O=C(O)CCCCCc1ccc(Cn2cc(Cl)c(=O)[nH]c2=O)cc1
509218,NC(=O)CCCCCc1ccc(Cn2cc(Cl)c(=O)[nH]c2=O)cc1
485047,Nc1ncnc2c1ncn2[C@@H]1O[C@H](COC(=O)c2ccc(S(=O)(=O)Nc3ccccc3)cc2)[C@@H](O)[C@H]1O
2540411,Cc1cn(C2CCN(Cc3cccc(Oc4cccc(F)c4)c3)CC2)c(=O)[nH]c1=O
2540561,CC(C)n1cc(C(=O)Nc2ccc(Oc3ncnc4c3CCN(CC(=O)N3CCN(C)CC3)C4)c(F)c2)c(=O)n(-c2ccc(F)cc2)c1=O
2540599,C=CC(=O)C[C@@H]1CC[C@@H](NC(=O)c2sc3nccc4c3c2NC(=O)N4c2ccc(Oc3ccccc3)cc2C)C1
2540632,CC(C)n1cc(C(=O)Nc2ccc(Oc3ncnc4c3CCN(C(=O)C3CCN(C)CC3)C4)c(F)c2)c(=O)n(-c2ccc(F)cc2)c1=O
2540703,CC(C)n1cc(C(=O)Nc2ccc(Oc3cc(NC(=O)N4CCC(N5CCN(C)CC5)CC4)ncn3)cc2)c(=O)n(-c2ccc(F)cc2)c1=O
2540849,CO[C@H]1CC[C@H](Nc2ncc(C(N)=O)c(N[C@@H]3CCC[C@H](O)C3)n2)CC1
2540877,C[C@@H]1CC[C@@H](Nc2nc(NC(C)(C)C)ncc2C(N)=O)C[C@H]1O
2541394,Cc1cn(C2CCN(Cc3ccnc(Oc4ccccc4)c3)CC2)c(=O)[nH]c1=O
2542061,CO[C@H]1CC[C@H](Nc2ncc(C(N)=O)c(NC(C)C)n2)CC1
2542236,CC(C)n1cc(C(=O)Nc2ccc(Oc3ncnc4c3CCN(CC3CCN(C)CC3)C4)c(F)c2)c(=O)n(-c2ccc(F)cc2)c1=O
2542376,Cc1cn(C2CCN(Cc3cccc(Oc4cccc(C(F)(F)F)c4)c3)CC2)c(=O)[nH]c1=O
2542392,CN(C)c1nccn2c(-c3cncnc3)c(-c3ccc(F)cc3)nc12
2542567,CO[C@H]1CC[C@H](Nc2ncc(C(N)=O)c(N[C@H]3CCC[C@H](O)C3)n2)CC1
2542575,COc1ncc(-c2cnc3[nH]cc(C(=O)c4cccc(NS(=O)(=O)Cc5ccccc5)c4F)c3c2)cn1
2542839,C=CC(=O)N[C@H]1CCC[C@H]1NC(=O)c1sc2nccc3c2c1NC(=O)N3c1ccc(Oc2ccccc2)cc1C
2543502,COc1cccc(Oc2cccc(CN3CCC(n4cc(C)c(=O)[nH]c4=O)CC3)c2)c1
2544213,Cc1cn(C2CCN(Cc3cccc(OC4CCCC4)c3)CC2)c(=O)[nH]c1=O
484041,CN1C(=O)/C(=C/c2ccc3c(c2)OCO3)N=C1N
2544353,COc1ccc(Oc2cccc(CN3CCC(n4cc(C)c(=O)[nH]c4=O)CC3)c2)cc1
484805,Nc1ncnc2c1ncn2[C@@H]1O[C@H](COP(=O)(O)OP(=O)(O)OP(=O)(O)Oc2ccccc2)[C@@H](O)[C@H]1O
484877,Cl.NCCNC(=O)c1ccc(S(=O)(=O)Oc2ccc(/C=C/[N+](=O)[O-])cc2)cc1
2544700,CC(C)n1cc(C(=O)Nc2ccc(Oc3ncnc4c3CCN(C3CN(C)C3)C4)c(F)c2)c(=O)n(-c2ccc(F)cc2)c1=O
2544792,C=CC(=O)N1CC[C@@H](NC(=O)c2sc3nccc4c3c2NC(=O)N4c2ccc(Oc3ccccc3)cc2C)C1
2544942,CC(C)n1cc(C(=O)Nc2ccc(Oc3ncnc4c3CCN(CC(=O)N3CCC3)C4)c(F)c2)c(=O)n(-c2ccc(F)cc2)c1=O
2545405,CSc1nccc(-c2c(-c3ccc(F)cc3)nc3c(Cl)nccn23)n1
2546230,C=CC(=O)NCCNC(=O)c1sc2nccc3c2c1NC(=O)N3c1ccc(Oc2ccccc2)cc1C
2546245,CC(C)n1cc(C(=O)Nc2ccc(Oc3ncnc4c3CC(=O)N4)c(F)c2)c(=O)n(-c2ccc(F)cc2)c1=O
2546451,CO[C@H]1CC[C@H](Nc2ncc(C(N)=O)c(N[C@H]3CCC[C@@H](O)C3)n2)CC1
2546896,CO[C@H]1CC[C@H](Nc2ncc(C(N)=O)c(N[C@@H]3CCC[C@@H](O)C3)n2)CC1
509040,Cc1cn(Cc2ccc(C#CCCO)cc2)c(=O)[nH]c1=O
2547059,Nc1nccc(-c2c(-c3ccc(F)cc3)nc3c(N)nccn23)n1
2547174,C=CC(=O)N1CCC[C@@H](NC(=O)c2sc3nccc4c3c2NC(=O)N4c2ccc(Oc3ccccc3)cc2C)C1
2547731,CCn1c(-c2cnc(C)nc2)nc2c(N[C@H]3CCN(C(=O)C4CC4)C3)ncnc21
2548186,Cc1cn(C2CCN(Cc3cccc(Oc4cccnc4)c3)CC2)c(=O)[nH]c1=O
2548289,Cc1cn(C2CCN(Cc3cccc(Oc4ccc(Cl)c(C(F)(F)F)c4)c3)CC2)c(=O)[nH]c1=O
2548479,Cc1cn(C2CCN(Cc3cccc(Oc4ccc(Cl)cc4)c3)CC2)c(=O)[nH]c1=O
2548682,C=CC(=O)N1CCC[C@@H](NC(=O)c2sc3nccc4c3c2NC(=O)N4c2ccc(Oc3ccccc3)cc2F)C1
2548745,Cc1cn(C2CCN(Cc3cccc(Oc4cccc(Cl)c4)c3)CC2)c(=O)[nH]c1=O
76386,CCCCCCCCCCCCCCCC1(O)C[N+](C)(C)CCO1.[Br-]
2549364,Cc1cn(C2CCN(Cc3cccc(Oc4cc(F)cc(F)c4)c3)CC2)c(=O)[nH]c1=O
2550283,Cc1cn(C2CCN(Cc3cccc(Oc4ccncc4)c3)CC2)c(=O)[nH]c1=O
2550367,Cc1cn(C2CCN(Cc3cc(Oc4ccccc4)ccn3)CC2)c(=O)[nH]c1=O
2550520,CC(C)n1cc(C(=O)Nc2ccc(Oc3ncnc4c3CCN(C3CCN(C)CC3)C4)c(F)c2)c(=O)n(-c2ccc(F)cc2)c1=O
2551087,O=C(c1cccc(NS(=O)(=O)Cc2ccccc2)c1F)c1c[nH]c2ncc(-c3cnc(C4CC4)nc3)cc12
2551315,Cc1ccc(-n2c(=O)c(C(=O)Nc3ccc(Oc4ncnc5c4CCN(CC4CCN(C)CC4)C5)c(F)c3)cn(CC3CC3)c2=O)nc1
2552167,CN1CCC(CN2CCc3c(ncnc3Oc3ccc(NC(=O)c4cn(CC5CC5)c(=O)n(-c5ccc(F)cc5)c4=O)cc3F)C2)CC1
2552293,CC(C)n1cc(C(=O)Nc2ccc(Oc3ncnc4c3CCN(C(=O)CCN3CCCC3)C4)c(F)c2)c(=O)n(-c2ccc(F)cc2)c1=O
485048,Nc1ncnc2c1ncn2[C@@H]1O[C@H](COC(=O)c2ccc(S(=O)(=O)NCc3ccccc3)cc2)[C@@H](O)[C@H]1O
2552415,Cc1cn(C2CCN(Cc3cccc(Oc4cc(C(F)(F)F)cc(C(F)(F)F)c4)c3)CC2)c(=O)[nH]c1=O
2552918,CC(C)n1cc(C(=O)Nc2ccc(Oc3ncnc4c3CCN(C(=O)CC3CCN(C)CC3)C4)c(F)c2)c(=O)n(-c2ccc(F)cc2)c1=O
2553284,CC(C)n1cc(C(=O)Nc2ccc(Oc3ncnc4c3CCN(CC3CN(C)C3)C4)c(F)c2)c(=O)n(-c2ccc(F)cc2)c1=O
2553836,CC(C)n1cc(C(=O)Nc2ccc(Oc3ncnc4c3CN(C(=O)CN3CCOCC3)C4)c(F)c2)c(=O)n(-c2ccc(F)cc2)c1=O
2553910,CC(C)n1cc(C(=O)Nc2ccc(Oc3ncnc4c3CN(C(=O)CCN3CCCC3)C4)c(F)c2)c(=O)n(-c2ccc(F)cc2)c1=O
2554173,Cc1ccc(-n2c(=O)c(C(=O)Nc3ccc(Oc4ncnc5c4CCN(CC4CCN(C)CC4)C5)c(F)c3)cn(C3CCCC3)c2=O)nc1
2554286,CN(C)c1nccn2c(-c3cccnc3)c(-c3ccc(F)cc3)nc12
2554309,Cc1cn(C2CCN(Cc3cccc(Oc4cccc(Cl)c4)n3)CC2)c(=O)[nH]c1=O
2554312,CN1CCC(CN2CCc3c(ncnc3Oc3ccc(NC(=O)c4cn(C5CCCC5)c(=O)n(-c5ccc(F)cc5)c4=O)cc3F)C2)CC1
2554350,Cc1cn(C2CCN(Cc3cccc(Oc4ccc(Cl)c(Cl)c4)c3)CC2)c(=O)[nH]c1=O
2554643,CN(C)c1nccn2c(-c3ccnc(N)n3)c(-c3ccccc3)nc12
2554898,Cc1ccc(Oc2cccc(CN3CCC(n4cc(C)c(=O)[nH]c4=O)CC3)c2)cc1
2555062,CC(C)n1cc(C(=O)Nc2ccc(Oc3ncnc4c3CN(CC3CCOCC3)C4)c(F)c2)c(=O)n(-c2ccc(F)cc2)c1=O
2555140,COc1ccc(Nc2ncc(C(N)=O)c(Nc3ccccc3)n2)cc1OC
2555491,CN(C)c1nccn2c(-c3cnn(C)c3)c(-c3ccc(F)cc3)nc12
2555670,C=CC(=O)N1CC(NC(=O)c2sc3nccc4c3c2NC(=O)N4c2ccc(Oc3ccccc3)cc2C)C1
2556223,NC(=O)c1cnc(N[C@H]2CC[C@H](O)CC2)nc1NC12CC(C1)C2
2557141,Cc1cn(C2CCN(Cc3cccc(Oc4ccc(F)c(F)c4)c3)CC2)c(=O)[nH]c1=O
75006,O=C(NC1CCCC1OC(=O)c1cc(O)c(C(=O)c2c(O)cccc2C(=O)O)c(O)c1)c1ccc(O)cc1
450036,CCCCCCC(=O)OCC1(CO)C/C(=C/c2ccccc2)C(=O)O1
450037,CCCCC(CC)C(=O)OCC1(CO)C/C(=C/c2ccccc2)C(=O)O1
450039,Cc1ccc(C(=O)OCC2(CO)C/C(=C/c3ccc([N+](=O)[O-])cc3)C(=O)O2)cc1
2558316,Cc1cn(C2CCN(Cc3cccc(OC4CCCCC4)c3)CC2)c(=O)[nH]c1=O
2558551,CN1CCC(CN2CCc3c(ncnc3Oc3ccc(NC(=O)c4cn(CC5CCC5)c(=O)n(-c5ccc(F)cc5)c4=O)cc3F)C2)CC1
2558921,CC(C)n1cc(C(=O)Nc2ccc(Oc3ncnc4c3CN(C(=O)CC3CCN(C)CC3)C4)c(F)c2)c(=O)n(-c2ccc(F)cc2)c1=O
2559503,Cc1cn(C2CCN(Cc3cncc(Oc4cccc(OC(F)(F)F)c4)c3)CC2)c(=O)[nH]c1=O
2559918,CC(C)n1cc(C(=O)Nc2ccc(Oc3ncnc4c3CCN(C3CCN(CC5CC5)CC3)C4)c(F)c2)c(=O)n(-c2ccc(F)cc2)c1=O
2559958,CN(C)c1nccn2c(-c3ccc4[nH]ncc4c3)c(-c3ccc(F)cc3)nc12
450096,CC(C)[C@H](CO)Nc1nc(Nc2ccc(-c3ccccc3)cc2)c2ncn(C(C)C)c2n1
451151,O=C1OC(CO)(COC(=O)c2ccc(C(F)(F)F)cc2)C/C1=C/C1CCCCC1
451153,Cc1ccc(C(=O)OCC2(CO)C/C(=C/C3CCCCC3)C(=O)O2)cc1
451082,O=C1OC(CO)(COC(=O)c2ccccc2)C/C1=C/c1ccc([N+](=O)[O-])cc1
451084,O=C1OC(CO)(COC(=O)C(c2ccccc2)c2ccccc2)C/C1=C/c1ccc(C(F)(F)F)cc1
451090,CN(C)c1ccc(C(=O)OCC2(CO)C/C(=C/c3ccc([N+](=O)[O-])cc3)C(=O)O2)cc1
451077,O=C1OC(CO)(COC(=O)C2CCCCC2)C/C1=C/C1CCCCC1
451078,O=C1OC(CO)(COC(=O)c2ccccc2)C/C1=C/C1CCCCC1
2562308,O=C(c1cccc(NS(=O)(=O)Cc2ccccc2)c1F)c1c[nH]c2ncc(-c3cc4c(cc3Cl)OCCO4)cc12
2562442,Cc1cn(C2CCN(Cc3cc(Oc4cccc(Cl)c4)ccn3)CC2)c(=O)[nH]c1=O
2562601,Cc1cn(C2CCN(Cc3cccc(Oc4cccc(OC(F)(F)F)c4)c3)CC2)c(=O)[nH]c1=O
2563074,CNc1cc(Oc2c(Cl)cc(NC(=O)Nc3cccc(C(F)(F)F)c3)cc2Cl)ncn1
76987,CCCCCCCCCCCCCCCC(=O)C[N+](C)(C)CCCO.[Br-]
2563562,CC(C)n1cc(C(=O)Nc2ccc(Oc3ncnc4c3CN(C)CC4)c(F)c2)c(=O)n(-c2ccc(F)cc2)c1=O
2563685,Cc1cn(C2CCN(Cc3cncc(Oc4cc(Cl)cc(Cl)c4)c3)CC2)c(=O)[nH]c1=O
2563920,CC(C)n1cc(C(=O)Nc2ccc(Oc3ncnc4c3CCN(C)C4)c(F)c2)c(=O)n(-c2ccc(F)cc2)c1=O
2564187,Cc1cn(C2CCN(Cc3cccc(Oc4ccccc4)n3)CC2)c(=O)[nH]c1=O
2564235,CC(C)Cn1cc(C(=O)Nc2ccc(Oc3ncnc4c3CCN(CC3CCN(C)CC3)C4)c(F)c2)c(=O)n(-c2ccc(F)cc2)c1=O
2564300,CN(C)c1nccn2c(-c3ccnc(N)n3)c(-c3ccc(F)cc3)nc12
2564763,CN1CCC(CN2CCc3c(ncnc3Oc3ccc(NC(=O)c4cn(C5CC5)c(=O)n(-c5ccc(F)cc5)c4=O)cc3F)C2)CC1
2564830,CN(C)c1nccn2c(-c3cnc(N)nc3)c(-c3ccc(F)cc3)nc12
2565156,C=CC(=O)N1CCC[C@@H](NC(=O)c2sc3nccc4c3c2NC(=O)N4c2ccc(OC(C)C)cc2C)C1
2565382,Cc1cn(C2CCN(Cc3cccc(Oc4ccc(O)cc4)n3)CC2)c(=O)[nH]c1=O
2565516,C=CC(=O)N1CC[C@H](NC(=O)c2sc3nccc4c3c2NC(=O)N4c2ccc(Oc3ccccc3)cc2C)C1
2565837,C[C@@H]1CC[C@@H](Nc2nc(NC3(C)CC3)ncc2C(N)=O)C[C@H]1O
2565850,CC(C)n1cc(C(=O)Nc2ccc(Oc3ncnc4c3CN(C)C4)c(F)c2)c(=O)n(-c2ccc(F)cc2)c1=O
2566010,Cc1cn(C2CCN(Cc3ccnc(Oc4cccc(Cl)c4)c3)CC2)c(=O)[nH]c1=O
2566327,CC(C)n1cc(C(=O)Nc2ccc(Oc3ncnc4c3CCN(C(=O)C3CCC3)C4)c(F)c2)c(=O)n(-c2ccc(F)cc2)c1=O
2566452,CSc1nccc(-c2c(-c3ccccc3)nc3c(N(C)C)nccn23)n1
2567092,Cc1cn(C2CCN(Cc3cccc(Oc4ccccc4C(=O)O)n3)CC2)c(=O)[nH]c1=O
2567159,Cc1cn(C2CCN(Cc3cncc(Oc4ccccc4)c3)CC2)c(=O)[nH]c1=O
2567418,CC(F)(F)COc1ncncc1CNc1ncc(C#N)c(N[C@@H]2CC[C@H](O)C(C)(C)C2)n1
2567688,Cc1cn(C2CCN(Cc3cccc(Oc4cccc(O)c4)c3)CC2)c(=O)[nH]c1=O
2568190,CC(C)Nc1nc(N[C@H]2CC[C@H](O)CC2)ncc1C(N)=O
2568305,CN1CCC(CN2CCc3c(ncnc3Oc3ccc(NC(=O)c4cn(CCF)c(=O)n(-c5ccc(F)cc5)c4=O)cc3F)C2)CC1
2568320,CC(C)(C)Nc1nc(N[C@H]2CC[C@H](O)CC2)ncc1C(N)=O
2568350,Cc1cn(C2CCN(Cc3cncc(Oc4cccc(Cl)c4)c3)CC2)c(=O)[nH]c1=O
450025,CC[C@H](CO)Nc1nc(-c2ccccc2)c2ncn(C(C)C)c2n1
450027,CC[C@H](CO)Nc1nc(-c2ccncc2)c2ncn(C(C)C)c2n1
450040,Cc1ccccc1C(=O)OCC1(CO)C/C(=C/c2ccc([N+](=O)[O-])cc2)C(=O)O1
450042,CC(C)c1cc(C(C)C)c(C(=O)OCC2(CO)C/C(=C/c3ccc([N+](=O)[O-])cc3)C(=O)O2)c(C(C)C)c1
450043,CC(C)(C)C(=O)OCC1(CO)C/C(=C/c2ccccc2C(F)(F)F)C(=O)O1
450116,CC(C)C(=O)OCC1(CO)C/C(=C/c2ccccc2C(F)(F)F)C(=O)O1
2568800,CSc1nccc(-c2c(-c3ccccc3)nc3c(Cl)nccn23)n1
2568943,CC(C)n1cc(C(=O)Nc2ccc(Oc3ncnc4c3CCN(C(=O)CN3CCOCC3)C4)c(F)c2)c(=O)n(-c2ccc(F)cc2)c1=O
2569158,CC(C)n1cc(C(=O)Nc2ccc(Oc3ncnc4c3CN(C(=O)CN3CCN(C)CC3)C4)c(F)c2)c(=O)n(-c2ccc(F)cc2)c1=O
2569172,C=CC(=O)N1CCC[C@@H](NC(=O)c2sc3nccc4c3c2NC(=O)N4c2ccc(Oc3ccccc3)cc2Cl)C1
2569757,CSc1nccc(-c2c(-c3ccc(F)cc3)nc3c(N(C)C)nccn23)n1
2569813,Cc1cccc(Oc2cccc(CN3CCC(n4cc(C)c(=O)[nH]c4=O)CC3)c2)c1
450028,CC[C@H](CO)Nc1nc(Nc2ccccc2-c2ccccc2)c2ncn(C(C)C)c2n1
2570141,Cc1cn(C2CCN(Cc3cc(Oc4cc(Cl)cc(Cl)c4)ccn3)CC2)c(=O)[nH]c1=O
2570143,Cc1cn(C2CCN(Cc3cccc(Oc4cc(Cl)cc(Cl)c4)c3)CC2)c(=O)[nH]c1=O
450044,CC(C)(C)C(=O)OCC1(CO)C/C(=C/c2cccc(C(F)(F)F)c2)C(=O)O1
450045,CC(C)(C)C(=O)OCC1(CO)C/C(=C/c2cc(C(F)(F)F)cc(C(F)(F)F)c2)C(=O)O1
450047,CC(C)(C)C(=O)OCC1(CO)C/C(=C/c2ccc(OC(F)(F)F)cc2)C(=O)O1
451009,CCCCC(/C=C1/CC(CO)(COC(=O)c2ccccc2C)OC1=O)CC
451011,CCCCC(/C=C1/CC(CO)(COC(=O)c2c(C(C)C)cc(C(C)C)cc2C(C)C)OC1=O)CC
2571312,Cc1cn(C2CCN(Cc3cccc(Oc4ccccn4)c3)CC2)c(=O)[nH]c1=O
2571379,CSc1nccc(-c2c(-c3ccc(F)cc3)nc3c(N)nccn23)n1
2571426,NC(=O)c1cnc(N[C@@H]2CCC[C@H](O)C2)nc1NC12CC(C1)C2
2571617,Cc1nn(C(C)C)c(C)c1-c1nc2c(-c3ccc4c(c3)CCCC[C@H]4NC(=O)c3nc(C(C)(C)C)no3)ccnc2[nH]1
2571817,NC(=O)c1cnc(N[C@H]2CC[C@H](O)CC2)nc1Nc1ccccc1
2571842,CC(C)n1cc(C(=O)Nc2ccc(Oc3ncnc4c3CN(CC3CCN(C)CC3)C4)c(F)c2)c(=O)n(-c2ccc(F)cc2)c1=O
2571987,CC(C)n1cc(C(=O)Nc2ccc(Oc3ncnc4c3CN(C(=O)C3CC3)C4)c(F)c2)c(=O)n(-c2ccc(F)cc2)c1=O
451012,Cc1cc(C)c(C(=O)OCC2(CO)C/C(=C/c3ccc(C(F)(F)F)cc3)C(=O)O2)c(C)c1
451079,CN(C)c1ccc(C(=O)OCC2(CO)C/C(=C/C3CCCCC3)C(=O)O2)cc1
451080,CCCCC(CC)C(=O)OCC1(CO)C/C(=C/c2ccc([N+](=O)[O-])cc2)C(=O)O1
451159,O=C1OC(CO)(COC(=O)C(c2ccccc2)c2ccccc2)C/C1=C/c1ccc(Br)cc1
451160,O=C1OC(CO)(COC(=O)C(c2ccccc2)c2ccccc2)C/C1=C/c1ccc(F)c(Cl)c1
451085,O=C1OC(CO)(COC(=O)C(c2ccccc2)c2ccccc2)C/C1=C/c1ccc(OC(F)(F)F)cc1
451017,O=C1OC(CO)(COC(=O)C(c2ccccc2)c2ccccc2)C/C1=C/c1ccccc1C(F)(F)F
451018,O=C1OC(CO)(COC(=O)C(c2ccccc2)c2ccccc2)C/C1=C/c1cccc(C(F)(F)F)c1
75585,CCOc1cc(OCC)cc(-c2cc3cnc(N)nc3nc2NC(=O)NC(C)(C)C)c1
484916,C[C@H](NC(=O)c1ccc(S(=O)(=O)Oc2ccc(/C=C/[N+](=O)[O-])cc2)cc1)C(=O)N[C@@H](C)C(=O)NCCN.Cl
450048,CCCC(CCC)C(=O)OCC1(CO)C/C(=C\c2ccc(F)c(Br)c2)C(=O)O1
450049,CCCCC(CC)C(=O)OCC1(CO)C/C(=C\c2ccc(Cl)cc2)C(=O)O1
484801,COc1ccc(NP(=O)(O)OP(=O)(O)OP(=O)(O)OC[C@H]2O[C@@H](n3cnc4c(N)ncnc43)[C@H](O)[C@@H]2O)cc1
450133,COc1ccc(C(=O)OCC2(CO)C/C(=C\c3ccc([N+](=O)[O-])cc3)C(=O)O2)cc1
450201,CN(C)c1ccc(C(=O)OCC2(CO)C/C(=C\c3ccc([N+](=O)[O-])cc3)C(=O)O2)cc1
451075,CCCCCCC(=O)OCC1(CO)C/C(=C/C2CCCCC2)C(=O)O1
451154,Cc1ccccc1C(=O)OCC1(CO)C/C(=C/C2CCCCC2)C(=O)O1
451087,O=C1OC(CO)(COC(=O)C(c2ccccc2)c2ccccc2)C/C1=C/c1ccc(F)cc1
451014,CCCCCCC(=O)OCC1(CO)C/C(=C/c2ccc([N+](=O)[O-])cc2)C(=O)O1
451015,CCCCC(CC)C(=O)OCC1(CO)C/C(=C\c2ccc([N+](=O)[O-])cc2)C(=O)O1
450035,CC(C)c1cc(C(C)C)c(C(=O)OCC2(CO)C/C(=C/C3CCCCC3)C(=O)O2)c(C(C)C)c1
450109,O=C1OC(CO)(COC(=O)c2ccccc2)C/C1=C/c1ccccc1
451076,CCCCC(CC)C(=O)OCC1(CO)C/C(=C/C2CCCCC2)C(=O)O1
451150,COc1ccc(C(=O)OCC2(CO)C/C(=C/C3CCCCC3)C(=O)O2)cc1
451081,O=C1OC(CO)(COC(=O)C2CCCCC2)C/C1=C/c1ccc([N+](=O)[O-])cc1
451161,O=C1OC(CO)(COC(=O)C(c2ccccc2)c2ccccc2)C/C1=C/c1ccc(Cl)c(F)c1
451016,CCC(C(=O)OCC1(CO)C/C(=C/c2ccc(F)c(Br)c2)C(=O)O1)c1ccccc1
457875,CN1CCC(c2ccc3c(-c4ccncc4)c(-c4ccc(F)cc4)[nH]c3c2)CC1
457876,CCN1CCC(c2ccc3c(-c4ccncc4)c(-c4ccc(F)cc4)[nH]c3c2)CC1
491437,NCCNS(=O)(=O)c1ccc(Cl)c2ccncc12
457810,Nc1nccc(-c2c(-c3ccc(F)cc3)[nH]c3cc(C4CCNCC4)ccc23)n1
457811,Nc1nccc(-c2c(-c3ccc(F)cc3)[nH]c3cc(C4CCN(CCO)CC4)ccc23)n1
485032,Nc1ncnc2c1ncn2[C@@H]1O[C@H](COC(=O)c2ccc(S(N)(=O)=O)cc2)[C@@H](O)[C@H]1O
455880,Cc1cc(=O)n(-c2ccccc2)s1
457873,OCCN1CCC(c2ccc3c(-c4ccncn4)c(-c4ccc(F)cc4)[nH]c3c2)CC1
484713,CN1CCCCC1c1c(O)cc(O)c2c(=O)cc(-c3ccccc3)oc12
6643,Fc1ccc([C@@H]2CCNC[C@H]2COc2ccc3c(c2)OCO3)cc1
484715,COc1cc(O)c(C2CCCCN2C)c2oc(-c3ccccc3)cc(=O)c12
73562,CN(C)CCNc1cc(-c2ccccc2)nc2ccccc12
484914,C[C@H](NC(=O)[C@H](C)NC(=O)c1ccc(S(=O)(=O)Oc2ccc(/C=C/[N+](=O)[O-])cc2)cc1)C(=O)O
484876,CC(C)NC(=O)c1ccc(S(=O)(=O)Oc2ccc(/C=C/[N+](=O)[O-])cc2)cc1
457945,CN1CCC(Cc2ccc3c(-c4ccncc4)c(-c4ccc(F)cc4)[nH]c3c2)CC1
458011,CN1CCN(C(=O)c2ccc3c(-c4ccncc4)c(-c4ccc(F)cc4)[nH]c3c2)CC1
458013,CN1CCC(c2ccc3c(-c4ccnc(N)n4)c(-c4ccc(F)cc4)[nH]c3c2)CC1
75258,CCN(CC)CCOc1ccc(Nc2ncc3cc(-c4c(Cl)cccc4Cl)c(=O)n(C)c3n2)cc1
456867,COc1cc2c(Oc3ccc4[nH]c(C)cc4c3F)ncnc2cc1OCCCN1CCCC1
457941,OCCN1CCC(c2ccc3c(-c4ccncc4)c(-c4ccc(F)cc4)[nH]c3c2)CC1
457944,CN1CC(c2ccc3c(-c4ccncc4)c(-c4ccc(F)cc4)[nH]c3c2)C1
468826,OC[C@H]1O[C@@H](n2ccc3c(SCc4ccccc4F)ncnc32)[C@H](O)[C@@H]1O
468827,OC[C@H]1O[C@@H](n2ccc3c(SCc4ccccc4Cl)ncnc32)[C@H](O)[C@@H]1O
470001,N#CC1=C(SCc2ccccc2)SC(c2ccccc2O)NC1=O
468594,C=C(C)C(O)CC/C(C)=C/Cc1c(O)ccc(C(=O)/C=C/c2ccc(O)cc2)c1O
469313,CCn1c(-c2nonc2N)nc2c(C#CC(C)(C)O)ncc(OC[C@H]3CCCNC3)c21
468978,CCn1c(-c2nonc2N)nc2cncc(C(=O)NC3CCNCC3)c21
469323,Cc1cc(NCCN2CCCCC2)c2ccc3ccccc3c2n1
494210,CN1CCN(c2ccn3c(-c4ccnc(N)n4)c(-c4ccc(F)cc4)nc3c2)CC1
494139,CN(CC#N)Cc1ccn2c(-c3ccnc(N)n3)c(-c3ccc(F)cc3)nc2c1
494209,Nc1nccc(-c2c(-c3ccc(F)cc3)nc3cc(C4CCN(CCc5ccccc5)CC4)ccn23)n1
74866,Cn1c(=O)c(-c2c(Cl)cccc2Cl)cc2cnc(N)nc21
494190,CN(CCO)Cc1ccn2c(-c3ccnc(N)n3)c(-c3ccc(F)cc3)nc2c1
494144,CC(c1ccn2c(-c3ccnc(N)n3)c(-c3ccc(F)cc3)nc2c1)N(C)C
494353,CC(C)Oc1ccc2c(-c3ccnc(Nc4ccc(N5CCN(C)CC5)cc4)n3)cnn2n1
494147,CCC(c1ccn2c(-c3ccnc(N)n3)c(-c3ccc(F)cc3)nc2c1)N(C)C
494197,CN(C)CCCc1ccn2c(-c3ccnc(N)n3)c(-c3ccc(F)cc3)nc2c1
494198,CCCC(c1ccn2c(-c3ccnc(N)n3)c(-c3ccc(F)cc3)nc2c1)N(C)C
75618,CC(C)(C)NC(=O)Nc1nc2nc(N)ncc2cc1-c1cc(C(F)(F)F)cc(C(F)(F)F)c1
70462,C=C(C)[C@@]12OC3(c4ccccc4)O[C@@H]1[C@@H]1C4O[C@]4(CO)[C@@H](O)[C@]4(O)C(=O)C(C)=C[C@H]4[C@@]1(O3)[C@H](C)[C@H]2OC(=O)/C=C/c1ccccc1
494151,CCC(C)CN1CCC(c2ccn3c(-c4ccnc(N)n4)c(-c4ccc(F)cc4)nc3c2)CC1
494152,CC(C)(C)CCN1CCC(c2ccn3c(-c4ccnc(N)n4)c(-c4ccc(F)cc4)nc3c2)CC1
501044,Cc1cccc(-n2nc(C(C)(C)C)cc2NC(=O)Nc2ccc(Nc3ncnc4ccc(N)cc34)cc2)c1
494203,Nc1nccc(-c2c(-c3ccc(F)cc3)nc3cc(C4CCN(CCO)CC4)ccn23)n1
494205,CC(C)CN1CCC(c2ccn3c(-c4ccnc(N)n4)c(-c4ccc(F)cc4)nc3c2)CC1
501127,Cc1cccc(-n2nc(C(C)(C)C)cc2NC(=O)Nc2cccc(Nc3ncnc4ccc(N)cc34)c2)c1
494141,CN1CCN(Cc2ccn3c(-c4ccnc(N)n4)c(-c4ccc(F)cc4)nc3c2)CC1
494191,COCCN(C)Cc1ccn2c(-c3ccnc(N)n3)c(-c3ccc(F)cc3)nc2c1
494192,C#CCN(C)Cc1ccn2c(-c3ccnc(N)n3)c(-c3ccc(F)cc3)nc2c1
494149,CN(C)CC(C)(C)c1ccn2c(-c3ccnc(N)n3)c(-c3ccc(F)cc3)nc2c1
494199,CC(C)(N)c1ccn2c(-c3ccnc(N)n3)c(-c3ccc(F)cc3)nc2c1
502091,CCC(C)[C@@H]1[C@@](C)(C(=O)/C=C/OC)[C@H]2[C@H](C)C[C@@](C)(O)C[C@]2(O)C(=O)[C@@]1(C)O
502094,CO[C@H](C)c1c(O)cc2c(c1O)C(=O)c1c(O)cc(O)cc1C2=O
502095,CO[C@H](C)c1c(O)cc2c(c1O)C(=O)c1c(cc(O)c(O)c1O)C2=O
494200,CN(C)C(C)(C)c1ccn2c(-c3ccnc(N)n3)c(-c3ccc(F)cc3)nc2c1
494202,CC(C)(CN)c1ccn2c(-c3ccnc(N)n3)c(-c3ccc(F)cc3)nc2c1
494155,CCN1CCC(c2ccn3c(-c4ccnc(N)n4)c(-c4ccc(F)cc4)nc3c2)CC1
494207,CCCCCCN1CCC(c2ccn3c(-c4ccnc(N)n4)c(-c4ccc(F)cc4)nc3c2)CC1
494208,Nc1nccc(-c2c(-c3ccc(F)cc3)nc3cc(C4CCN(Cc5ccccc5)CC4)ccn23)n1
500777,CC(C)(C)c1cc(NC(=O)Nc2ccc(Cl)cc2)n(-c2cccc(N)c2)n1
76431,CCCCCCCCCCCCCCCCC1(O)C[N+](C)(C)CCO1.[Br-]
3666,O=c1c(O)c(-c2ccc(O)c(O)c2)oc2cc(O)cc(O)c12
455881,O=c1cc(-c2ccccc2)sn1-c1ccccc1
480303,N=C(N)NC(=O)c1nc(Cl)c(N2CCCCCC2)nc1N
484560,CCCCCCCCCCCCCC(=O)O[C@@H]1[C@@H](C)[C@@]2(O)[C@@H](C=C(CO)C[C@]3(OC)C(=O)C(C)=C[C@@H]23)[C@@H]2C(C)(C)[C@]12OC(C)=O
522730,COC(=O)c1ccc2c(c1)NC(=O)/C2=C(\Nc1ccc(N(C)C(=O)CN2CCN(C)CC2)cc1)c1ccccc1
450639,CC(C)n1cnc2c(Nc3ccc(Br)cc3)nc(-c3ccncc3)nc21
75552,CN(C)c1cc(-c2cc3cnc(N)nc3nc2NC(=O)NC(C)(C)C)cc(N(C)C)c1
450368,CC(C)C(=O)OCC1(CO)C/C(=C/c2ccc(F)c(Br)c2)C(=O)O1
75673,CCN(CC)CCCNc1ncc2cc(-c3c(Cl)cccc3Cl)c(=O)n(C)c2n1
495926,Cc1cc(C)c2c(n1)sc1c(N)ncnc12
484858,Nc1ncnc2c1ncn2[C@@H]1O[C@H](COC(=O)c2ccc(S(=O)(=O)Oc3ccc(/C=C/[N+](=O)[O-])cc3)cc2)[C@@H](O)[C@H]1O
453654,O=c1[nH]c(=O)n([C@H]2C[C@H](O)[C@@H](CO)O2)cc1Cl
81318,Cc1ccc(C)c(C2=C(c3cn(C)c4ccccc34)C(=O)NC2=O)c1
450050,CCCCC(CC)C(=O)OCC1(CO)C/C(=C/c2ccc(Cl)c(F)c2)C(=O)O1
76199,Cn1c(=O)c(-c2c(Cl)cccc2Cl)cc2cnc(Nc3ccc(CC(=O)O)cc3)nc21
450720,CCCCCC/C=C1/CC(CO)(COC(=O)C(CC)CCCC)OC1=O
484591,Nc1nc(=O)[nH]c2nc[nH]c12
522217,COc1ccc(C(=O)/C=C/c2ccccn2)cc1
2715851,CNS(=O)(=O)c1cc(-c2sc(Nc3cccc(N4CCOCC4=O)n3)nc2C)cc2c1C(=O)N([C@@H](C)C1CC1)C2
2716926,CNS(=O)(=O)c1cc(-c2sc(Nc3cccc(N4CCNCC4=O)n3)nc2C)cc2c1C(=O)N([C@@H](C)C1CC1)C2
484833,O=C(O[C@@H]1O[C@@H]2COC(=O)c3cc(O)c(O)c(O)c3-c3c(cc(O)c(O)c3O)C(=O)O[C@H]([C@H]1OC(=O)c1cc(O)c(O)c(O)c1)[C@@H]2OC(=O)c1cc(O)c(O)c(O)c1)c1cc(O)c(O)c(O)c1
2718053,CCn1cc(CNC(=O)C2=C(C)NC(Nc3nc4ccc(F)c(N)c4o3)=NC2c2ccc(C)cc2Cl)cn1
453228,O=C(NOC[C@H](O)CO)c1ccc(F)c(F)c1Nc1ccc(I)cc1F
2720320,CC1=C(C(=O)NCc2cnn(C)c2)[C@H](c2ccc(C)cc2Cl)N=C(Nc2nc3cccc(N)c3o2)N1
495929,Nc1ncnc2c1sc1ncc(-c3ccccc3)cc12
2720994,CNS(=O)(=O)c1cc(-c2sc(Nc3cccc(N4CCCCC4=O)n3)nc2C)cc2c1C(=O)N([C@@H](C)C1CC1)C2
2721598,CCn1cc(CNC(=O)C2=C(C)NC(Nc3nc4cccc(N)c4o3)=NC2c2ccc(C)cc2Cl)cn1
2722243,CC(=O)Nc1nc(C)c(-c2cc3c(c(S(=O)(=O)Nc4ccc(CN(C)C)cc4)c2)C(=O)N([C@@H](C)C2CC2)C3)s1
2722316,Cc1nc(Nc2cccc(N3CCOCC3=O)n2)sc1-c1cc2c(c(S(=O)(=O)NC3COC3)c1)C(=O)N([C@@H](C)C1CC1)C2
2723130,CNS(=O)(=O)c1cc(-c2sc(Nc3cccc(N4CCN(C)CC4=O)n3)nc2C)cc2c1C(=O)N([C@@H](C)C1CC1)C2
450364,CC(C)C(=O)OCC1(CO)C/C(=C/c2ccc(Cl)cc2)C(=O)O1
2724515,Nc1ncnc2c1ncn2[C@@H]1O[C@H](CNCC#Cc2nc3c(N)ncnc3n2[C@@H]2O[C@H](CO)[C@@H](O)[C@H]2O)[C@@H](O)[C@H]1O
2725002,CNS(=O)(=O)c1cc(-c2sc(Nc3cccc(N4CC[C@@H](O)C4=O)n3)nc2C)cc2c1C(=O)N([C@@H](C)C1CC1)C2
2726051,CC(=O)Nc1nc(C)c(-c2cc3c(c(S(=O)(=O)Nc4cccc(C#N)c4)c2)C(=O)N([C@@H](C)C2CC2)C3)s1
2726085,Cc1nc2sc1-c1cc3c(c(c1)S(=O)(=O)Nc1ccc(cc1)CN(C)CCCCNC(=O)c1cccc(n1)N2)C(=O)N([C@@H](C)C1CC1)C3
451086,O=C1OC(CO)(COC(=O)C(c2ccccc2)c2ccccc2)C/C1=C/c1ccc(-c2ccc(C(F)(F)F)cc2)cc1
2726415,Cc1nc2sc1-c1cc3c(c(c1)S(=O)(=O)NCCN(C)CCNC(=O)c1cccc(n1)N2)C(=O)N([C@@H](C)C1CC1)C3
2726517,Cc1nc2sc1-c1cc3c(c(c1)S(=O)(=O)NCCCCCNC(=O)c1cccc(n1)N2)C(=O)N([C@@H](C)C1CC1)C3
2726787,N#Cc1ccc(Cl)cc1S(=O)(=O)Nc1ccc(-c2ncc3c(N)n[nH]c3n2)cc1
2726937,CC(=O)Nc1nc(C)c(-c2cc3c(c(S(=O)(=O)Nc4cccc(S(C)(=O)=O)c4)c2)C(=O)N([C@@H](C)C2CC2)C3)s1
522064,O=[N+]([O-])c1cnc(Sc2nnc(O)n2-c2ccc3c(c2)OCCO3)s1
2727779,NC[C@H]1O[C@@H](n2c(SCC(=O)NC[C@H]3O[C@@H](n4cnc5c(N)ncnc54)[C@H](O)[C@@H]3O)nc3c(N)ncnc32)[C@H](O)[C@@H]1O
2728320,CCn1cc(CNC(=O)C2=C(C)NC(Nc3nc4ccc(F)c(N)c4o3)=N[C@@H]2c2ccc(C)cc2Cl)cn1
450290,CC(C)(C)C(=O)OCC1(CO)C/C(=C/c2ccc(Cl)cc2)C(=O)O1
450293,CC(C)(C)C(=O)OCC1(CO)C/C(=C\c2ccc(Cl)c(F)c2)C(=O)O1
2728507,Cc1nc(Nc2cccc(N3CCCCC3=O)n2)sc1-c1cc2c(c(S(C)(=O)=O)c1)C(=O)N([C@@H](C)C1CC1)C2
2728964,Nc1ncnc2c1ncn2[C@@H]1O[C@H](COCC#Cc2nc3c(N)ncnc3n2[C@@H]2O[C@H](CO)[C@@H](O)[C@H]2O)[C@@H](O)[C@H]1O
485066,CC(=O)NC(Cc1ccc(OS(=O)(=O)c2ccc(C(=O)OC[C@H]3O[C@@H](n4cnc5c(N)ncnc54)[C@H](O)[C@@H]3O)cc2)cc1)C(N)=O
2730912,CNS(=O)(=O)c1cc(-c2sc(Nc3cccc(N4CCCOC4=O)n3)nc2C)cc2c1C(=O)N([C@@H](C)C1CC1)C2
2731506,Cc1c(Nc2nc(N)c3c(C#N)c(N4CCC[C@H]4C)n(C)c3n2)cnn1[C@@H]1CCOC1
2731512,Cc1nc2sc1-c1cc3c(c(c1)S(=O)(=O)Nc1ccc(cc1)CN(C)CCCNC(=O)c1cccc(n1)N2)C(=O)N([C@@H](C)C1CC1)C3
2731624,CC1=C(C(=O)NCc2cnn(C)c2)C(c2ccc(C)cc2Cl)N=C(Nc2nc3cccc(N)c3o2)N1
2732137,CCn1cc(CNC(=O)C2=C(C)NC(Nc3nc4ccc(F)c(N)c4o3)=N[C@H]2c2ccc(C)cc2Cl)cn1
2732741,CC1=C(C(=O)NCc2cnn(C)c2)C(c2ccc(C)cc2Cl)N=C(Nc2nc3ccc(F)c(N)c3o2)N1
2732761,Cc1nc(Nc2cccc(N3CCOCC3=O)n2)sc1-c1cc2c(c(S(C)(=O)=O)c1)C(=O)N([C@@H](C)C1CC1)C2
2732908,Cc1nc(Nc2cccc(N3CCN(C)C3=O)n2)sc1-c1cc2c(c(S(C)(=O)=O)c1)C(=O)N([C@@H](C)C1CC1)C2
450427,COc1ccc(C(=O)OCC2(CO)C/C(=C\c3ccc(N(C)C)cc3)C(=O)O2)cc1
2733535,CNS(=O)(=O)c1cc(-c2sc(Nc3cccc(N(C)C(C)=O)n3)nc2C)cc2c1C(=O)N([C@@H](C)C1CC1)C2
78560,O=C1Cc2c([nH]c3ccc([N+](=O)[O-])cc23)-c2ccccc2N1
447450,COc1cc(N2CCC(N3CCN(C)CC3)CC2)ccc1Nc1ncc(Cl)c(Nc2ccccc2S(=O)(=O)C(C)C)n1
484802,CC(=O)NC(Cc1ccc(NP(=O)(O)OP(=O)(O)OP(=O)(O)OC[C@H]2O[C@@H](n3cnc4c(N)ncnc43)[C@H](O)[C@@H]2O)cc1)C(N)=O
2735250,Cc1nc2sc1-c1cc3c(c(c1)S(=O)(=O)NCCN(C)CCCNC(=O)c1cccc(n1)N2)C(=O)N([C@@H](C)C1CC1)C3
2735446,CC1=C(C(=O)NCc2cnn(C)c2)[C@@H](c2ccc(C)cc2Cl)N=C(Nc2nc3cccc(N)c3o2)N1
2735579,Cc1nc(Nc2cccc(N3CCCOC3=O)n2)sc1-c1cc2c(c(S(C)(=O)=O)c1)C(=O)N([C@@H](C)C1CC1)C2
450434,CC(C)(C)CC(=O)OCC1(CO)C/C(=C/c2ccc(F)cc2)C(=O)O1
2735889,Cc1nc2sc1-c1cc3c(c(c1)S(=O)(=O)NCCOCCNC(=O)c1cccc(n1)N2)C(=O)N([C@@H](C)C1CC1)C3
2736538,Cc1c(Nc2nc(N)c3c(C#N)c(N4CCC[C@H]4C)n(C)c3n2)cnn1[C@H]1CCOC1
450352,CC[C@@H](CO)Nc1nc(NCc2cccnc2)c2ncn(C(C)C)c2n1
2738476,CNS(=O)(=O)c1cc(-c2sc(Nc3cccc(N4C[C@H](O)CC4=O)n3)nc2C)cc2c1C(=O)N([C@@H](C)C1CC1)C2
2738815,Cc1nc(Nc2cccc(N3CCCC3=O)n2)sc1-c1cc2c(c(S(=O)(=O)NC3COC3)c1)C(=O)N([C@@H](C)C1CC1)C2
2739328,Cc1nc(Nc2cccc(N3CCNC3=O)n2)sc1-c1cc2c(c(S(=O)(=O)NC3COC3)c1)C(=O)N([C@@H](C)C1CC1)C2
2739372,Cc1n[nH]c2nc(-c3ccc(NS(=O)(=O)c4cc(Cl)ccc4F)cc3)nc(OC3CCN(C(C)C)CC3)c12
450371,CC(C)(C)CC(=O)OCC1(CO)C/C(=C/c2cccc(C(F)(F)F)c2)C(=O)O1
450282,O=C1OC(CO)(COC(=O)c2ccc([N+](=O)[O-])cc2)C/C1=C/c1ccccc1
76197,Cn1c(=O)c(-c2c(Cl)cccc2Cl)cc2cncnc21
521193,COc1ccc(C(=O)/C=C/c2cccnc2)c(OC)c1OC
450373,CC(C)(C)CC(=O)OCC1(CO)C/C(=C/c2ccc(C(F)(F)F)cc2)C(=O)O1
494196,CN(C)CCc1ccn2c(-c3ccnc(N)n3)c(-c3ccc(F)cc3)nc2c1
450367,CC(C)C(=O)OCC1(CO)C/C(=C/c2ccc(Cl)c(F)c2)C(=O)O1
450417,CC[C@H](CO)Nc1nc(NCc2cccc(-c3ccccc3)c2)c2ncn(C(C)C)c2n1
75502,CN1CCN(CCCNc2ncc3cc(-c4c(Cl)cccc4Cl)c(NC(=O)NC4CCCCC4)nc3n2)CC1
501045,CCC(=O)Nc1ccc2ncnc(Nc3ccc(NC(=O)Nc4cc(C(C)(C)C)nn4-c4cccc(C)c4)cc3)c2c1
450362,CCCCC(CC)C(=O)OCC1(CO)C/C(=C\c2ccc(N(C)C)cc2)C(=O)O1
450280,COc1ccc(C(=O)OCC2(CO)C/C(=C/c3ccccc3)C(=O)O2)cc1
450726,COc1ccc(/C=C2/CC(CO)(COC(=O)c3ccc(C)cc3)OC2=O)cc1
450284,CC(C)C(=O)OCC1(CO)C/C(=C/c2cccc(C(F)(F)F)c2)C(=O)O1
450433,CC(C)(C)CC(=O)OCC1(CO)C/C(=C/c2ccc(-c3ccc(C(F)(F)F)cc3)cc2)C(=O)O1
460059,Nc1ncnc2c1c(-c1ccccc1)cn2[C@H](CO)c1ccccc1
450802,COc1ccc(/C=C2\CC(CO)(COC(=O)c3c(C)cc(C)cc3C)OC2=O)cc1
450727,COc1ccc(/C=C2/CC(CO)(COC(=O)c3ccccc3C)OC2=O)cc1
521054,COc1ccc(C(=O)/C=C/c2ccccn2)c(OC)c1OC
450943,CCCCC(/C=C1/CC(CO)(COC(=O)c2ccc(OC)cc2)OC1=O)CC
450735,CN(C)c1ccccc1C(=O)OCC1(CO)C/C(=C\c2ccc([N+](=O)[O-])cc2)C(=O)O1
450793,CC(C)[C@H](CO)Nc1nc(Nc2ccc(-c3ccccn3)cc2)c2ncn(C(C)C)c2n1
450876,CCCCCCC(=O)OCC1(CO)C/C(=C/C(CC)CCCC)C(=O)O1
450881,COc1ccc(C(=O)OCC2(CO)C/C(=C/c3ccc(C(F)(F)F)cc3)C(=O)O2)cc1
450729,CCCCC(CC)C(=O)OCC1(CO)C/C(=C/c2ccc(Br)cc2)C(=O)O1
450808,CCC(C(=O)OCC1(CO)C/C(=C/c2cccc(C(F)(F)F)c2)C(=O)O1)c1ccccc1
450948,Cc1ccccc1C(=O)OCC1(CO)C/C(=C/c2ccc(C(F)(F)F)cc2)C(=O)O1
450880,CN(C)c1ccc(C(=O)OCC2(CO)C/C(=C/c3ccc(C(F)(F)F)cc3)C(=O)O2)cc1
75775,CN1CCN(c2ccc(Nc3ncc4cc(-c5c(Cl)cccc5Cl)c(=O)n(C)c4n3)cc2)CC1
450798,CCCCCC/C=C1/CC(CO)(COC(=O)c2ccc(OC)cc2)OC1=O
450813,CN(C)c1cccc(C(=O)OCC2(CO)C/C(=C\c3ccccc3[N+](=O)[O-])C(=O)O2)c1
450952,CCC(C(=O)OCC1(CO)C/C(=C/c2ccc(Cl)c(F)c2)C(=O)O1)c1ccccc1
450722,CCCCCC/C=C1/CC(CO)(COC(=O)c2ccccc2)OC1=O
490644,CC[C@@H]1C(=O)N(C)c2cnc(Nc3ccc(C(=O)NC4CCN(C)CC4)cc3OC)nc2N1C1CCCC1
483082,CCCC/C=C/C=C/CC(=O)O[C@@]12C[C@H](C)[C@@]3(O)[C@@H](C=C(CO)C[C@]4(O)C(=O)C(C)=C[C@@H]34)[C@@H]1C2(C)C
450641,CC(C)[C@H](CO)Nc1nc(Nc2cccc(-c3ccccn3)c2)c2ncn(C(C)C)c2n1
512926,CCS(=O)(=O)Nc1ccc2c(c1)/C(=C(/Nc1ccc(CN3CCCCC3)cc1)c1ccccc1)C(=O)N2
75477,CN1CCN(CCCNc2ncc3cc(-c4c(Cl)cccc4Cl)c(NC(=O)NCc4ccccc4)nc3n2)CC1
503308,CC(C)=CCc1ccc(O)c(C=O)c1C(=O)c1cc(C)cc2c1OC(C(C)(C)O)CO2
458490,Cc1ccc(-c2c(C(=O)CF)n(CCCO)c3ncnc(N)c23)cc1
75651,Cc1ncc2cc(-c3c(Cl)cccc3Cl)c(=O)n(C)c2n1
459668,Cc1cccc(Nc2nc(NCCN)ncc2C(N)=O)c1
79452,Oc1[nH]c(Nc2ccc(Cl)c(Cl)c2)nc2ncnc1-2
450574,CC(C)c1cc(C(C)C)c(C(=O)OCC2(CO)C/C(=C/c3ccc(N(C)C)cc3)C(=O)O2)c(C(C)C)c1
450513,CC(CC(=O)OCC1(CO)C/C(=C/c2ccccc2C(F)(F)F)C(=O)O1)CC(C)(C)C
450509,CCCC(CCC)C(=O)OCC1(CO)C/C(=C\c2ccc(F)c(Cl)c2)C(=O)O1
450719,CCCCCC/C=C1/CC(CO)(COC(=O)CCCCCC)OC1=O
2740880,O=C1NC(Nc2ccc(Oc3ccccc3)cc2)=N/C1=C\c1ccc2c(c1)OCO2
2741011,O=C1N=C(Nc2ccccc2)S/C1=C\c1ccc2c(c1)OCO2
2741088,COC(=O)Nc1cc(-c2ccc(OC[C@@](C)(N)CC(C)C)cn2)ccn1
2741264,Cc1ccc(NC2=N/C(=C\c3ccc4c(c3)OCO4)C(=O)N2)c(C)c1
2741324,O=C(O)/C=C1\CCCc2cc(-c3ccccc3)ccc2C1O
2741625,O=C(O)/C=C1\CCCc2cc(Br)ccc2C1O
2741720,Cc1cc2ncccc2cc1Nc1ncc2c(n1)n([C@@H]1CNC[C@H]1F)c(=O)n2C
2741807,COC(=O)Nc1cc(-c2ccc(OC[C@@](C)(N)CC(C)C)c(C)n2)ccn1
81402,Cc1ccc2c(c1)c(C1=C(c3cn(C)c4ccccc34)C(=O)NC1=O)cn2C
2742063,Nc1cc(C(F)(F)F)c(-c2cc(N3CCOC(c4ccccc4)C3)nc(N3CCOCC3)n2)cn1
2742118,CNC(=O)N(CCO)c1cc(-c2cnc(N)cc2C(F)(F)F)nc(N2CCOCC2)n1
2742278,O=C(O)c1ccc(SC2=NS(=O)(=O)c3ccccc32)cc1
2742594,COC(=O)Nc1cc(-c2cnc(OC[C@@](C)(N)CC(C)C)c(OC)c2)ccn1
495775,CCCN1CCC(Oc2cc(Nc3nc(Nc4cccc(F)c4C(N)=O)c4cc[nH]c4n3)c(OC)cc2Cl)CC1
2743401,Cc1ccc(NC2=N/C(=C\c3ccc4c(c3)OCO4)C(=O)N2)cc1C
2743430,O=C1NC(N2CCC(N3CCCCC3)CC2)=N/C1=C\c1ccc2c(c1)OCO2
2743456,O=C(O)Cc1cc(O)ccc1Oc1c(Cl)cccc1Cl
450502,CN(C)c1ccc(/C=C2\CC(CO)(COC(=O)c3ccc([N+](=O)[O-])cc3)OC2=O)cc1
2743887,CC(=O)Nc1cc(-c2cc(F)c(OC[C@@H](N)CC(C)C)c(C(F)(F)F)c2)ccn1
2744034,O=C(c1ccc(Nc2nccc(-c3ccc(Cl)s3)n2)cc1)N1CCC(N2CCCC2)CC1
2744187,CC(=O)SCCCCCCCOc1ccc2c(c1)N(C)[C@H](C(C)C)C(=O)N[C@@H](CO)C2
2744364,O=C1NC(Nc2ccc(-c3ccccc3)cc2)=N/C1=C\c1ccc2c(c1)OCO2
2744413,Nc1cc(C(F)(F)F)c(-c2cc(N3CCS(=O)(=O)CC3)nc(N3CCOCC3)n2)cn1
2744496,O=C1NC(Nc2ccc(N3CCNCC3)cc2)=N/C1=C\c1ccc2c(c1)OC=CO2
2744563,COc1ccc2c(c1)OCCN2c1cc(-c2cnc(N)nc2)nc(N2CCOCC2)n1
2745044,O=C(c1ccc(Nc2ncc(Cl)c(-c3ccc(Cl)s3)n2)cc1)N1CCC(N2CCCC2)CC1
2745232,C[C@H]1[C@@H](CO)OC(=O)N1c1nc(-c2cnc(N)nc2C(F)(F)F)cc(N2CCOCC2)n1
2745359,CCCCNc1ncc(C(=O)NC2CCN(CCC[18F])CC2)c(N[C@H]2CC[C@H](O)CC2)n1
2746198,COC(=O)Nc1cc(-c2ccc(OC[C@@](C)(N)CC(C)C)c(C#N)c2)ccn1
2746494,C[C@H]1OC(=O)N(c2nc(-c3cnc(N)nc3C(F)(F)F)cc(N3CCOCC3)n2)[C@H]1CN1CC[S+]([O-])CC1
2746508,O=C(O)Cc1ccc(O)cc1Nc1c(Cl)cccc1Cl
2746689,O=C1NC(N2CCCC2)=N/C1=C\c1ccc2c(c1)OCO2
2746864,O=C(O)/C=C1\CCCc2cc(F)ccc2C1O
2746888,Nc1ncc(-c2cc(N3CCOCC3)nc(N3C(=O)O[C@@H]4COC[C@@H]43)n2)c(C(F)(F)F)n1
81403,Cn1cc(C2=C(c3cn(C)c4ccc(Cl)cc34)C(=O)NC2=O)c2ccccc21
450504,Cc1ccccc1C(=O)OCC1(CO)C/C(=C/c2ccc(N(C)C)cc2)C(=O)O1
2747479,O=C(O)/C=C1\CCCc2cc(/C=C/c3ccccc3)ccc2C1O
2747804,O=C1NC(Nc2ccccc2)=N/C1=C\c1ccc(F)cc1
2748094,Cc1ccc(-c2nc(Nc3ccc(C(=O)NCCCN4CCOCC4)cc3)ncc2Cl)s1
2748250,Nc1cc(C(F)(F)F)c(-c2cc(NC(CO)Cc3ccccc3)nc(N3CCOCC3)n2)cn1
2748486,COC(=O)Nc1cc(-c2cc(Cl)c(OC[C@@](C)(N)CC(C)C)cn2)ccn1
2748534,NC(=O)c1c(N)c(C(=O)c2ccccc2)n2ccccc12
2748549,COC(=O)Nc1cc(-c2ccc(OC[C@@](C)(N)CC(C)C)c(F)c2)ccn1
2748575,CC(C)Sc1ncc2cc3cnccc3c(N)c2n1
2748585,C[C@H]1COC(=O)N1c1nc(-c2cnc(N)nc2C(F)(F)F)cc(N2CCOCC2)n1
2748805,CC(=O)Nc1cc(-c2ccc(OC[C@@](C)(N)CC(C)C)c(OC(F)(F)F)c2)ccn1
2748843,Nc1ncc(-c2cc(N3CCOC3=O)nc(N3CCOCC3)n2)c(C(F)(F)F)n1
2749064,O=C(c1ccc(Nc2nccc(-c3ccc(COCC(F)(F)F)s3)n2)cc1)N1CCC(N2CCCC2)CC1
2749183,COc1cccc(/C=C2\N=C(Nc3ccccc3)NC2=O)c1
2749214,O=C(O)/C=C1\CCCc2cc(I)ccc2C1O
2749259,CN(C)CCCNC(=O)c1ccc(Nc2nccc(-c3cc4ccccc4s3)n2)cc1
2749492,COC(=O)Nc1cc(-c2ccc(OC[C@@](C)(N)CC(C)C)c(C(F)(F)F)c2)ccn1
2749599,CCCNc1ccc2ncc(-c3ccc4[nH]ncc4c3)n2n1
2750001,CCCCCCc1ccc(NC2=N/C(=C\c3ccc(O)c(OC)c3)C(=O)N2)cc1
2750185,O=C(O)Cc1cc(O)ccc1Oc1ccccc1O
2750403,CC(=O)Nc1cc(-c2ccc(OC[C@@H](N)CC(C)C)c(OC(F)(F)F)c2)ccn1
2750474,COC(=O)Nc1cc(-c2ccc(OC[C@@H](N)CC(C)C)c(-c3ccno3)c2)ccn1
2750688,Cc1ccc(C)c(NC2=N/C(=C\c3ccc4c(c3)OCO4)C(=O)N2)c1
2750757,O=C(NCCCN1CCOCC1)c1ccc(Nc2nccc(-c3cc4ccccc4s3)n2)cc1
2750886,CN1CCN(c2ccc(NC3=N/C(=C\c4ccc5c(c4)OCO5)C(=O)N3)cc2)CC1
2751147,COc1ccc(/C=C2\N=C(Nc3ccccc3)NC2=O)cc1O
450714,CC[C@H](CO)Nc1nc(Nc2cccc(-c3cccnc3)c2)c2ncn(C(C)C)c2n1
2751837,Cc1cc(-c2cc(C)c(OC[C@@](C)(N)CC(C)C)cn2)ccn1
2751996,O=C1NC(Nc2ccc(F)cc2)=N/C1=C\c1ccc2c(c1)OCO2
2752007,COC(=O)Nc1cc(-c2cnc(OC[C@@](C)(N)CC(C)C)cc2C)ccn1
2752037,O=C(c1ccc(Nc2ncc(Br)c(-c3cc4ccccc4s3)n2)cc1)N1CCC(N2CCCC2)CC1
2752223,COC(=O)Nc1cc(-c2ccc(OC[C@@](C)(N)CC(C)C)c(C)c2C)ccn1
2752239,O=C1NC(Nc2ccc(O)c(F)c2)=N/C1=C\c1ccc2c(c1)OCO2
2752244,Nc1ncc(-c2cc(N3CCOCC3)nc(N3C(=O)OC[C@@H]3CO)n2)c(C(F)(F)F)n1
2752259,COc1cc(/C=C2\N=C(Nc3ccc(N4CCCCC4)cc3)NC2=O)ccc1O
2752411,Nc1ncc(-c2cc(N3CCOCC3)nc(N3C[C@H](CO)OC3=O)n2)c(C(F)(F)F)n1
2752441,NN1C(=O)/C(=C2\C(=O)Nc3ccc(Br)cc32)SC1=S
2752586,CCSC1=N/C(=C\c2ccc3c(c2)OCO3)C(=O)N1
2752743,O=C(O)Cc1ccc(O)cc1Sc1ccccc1
2752851,COc1ncc2cc3cnccc3c([N+](=O)[O-])c2n1
2752871,NC(=O)Cc1cc(O)ccc1Oc1ccccc1Cl
450565,CC[C@H](CO)Nc1nc(NCc2ccc(-c3cccnc3)cc2)c2ncn(C(C)C)c2n1
2753158,O=C(O)Cc1ccc(O)cc1Oc1ccccc1
2753190,O=c1[nH]c(Cc2cc(O)ccc2Oc2ccccc2Cl)no1
2753466,CN(C1=N/C(=C\c2ccc3c(c2)OCO3)C(=O)N1)c1ccccc1
2753479,Oc1ccc(Oc2ccccc2Cl)c(-c2nnn[nH]2)c1
2753761,O=C(O)/C=C1\CCCc2c(CCc3ccccc3)cccc2C1O
2753909,O=C(O)/C=C1\CCCc2c(/C=C/c3ccccc3)cccc2C1O
2753927,CCCCCCCCCCc1ccc(-c2noc(CCCN)n2)cc1.Cl
2754247,CC(=O)Nc1cc(-c2ccc(OC[C@@](C)(N)CC(C)C)c(C(F)(F)F)c2)ccn1
2754306,O=C(O)/C=C1\CCCc2ccc(-c3ccccc3)cc2C1O
2754597,CSc1ncc2cc3cnccc3c([N+](=O)[O-])c2n1
450655,CCCCC(CC)C(=O)OCC1(CO)C/C(=C/c2ccc(F)cc2)C(=O)O1
2755116,NC(=O)c1c(N)c(C(=O)c2ccc(F)cc2)n2ccccc12
2755144,CNC(=O)N(C)c1cc(-c2cnc(N)cc2C(F)(F)F)nc(N2CCOCC2)n1
2755504,O=C1NC(Nc2ccccc2)=NC1Cc1ccc2c(c1)OCO2
2755612,COC(=O)Nc1cc(-c2cnc(OC[C@@](C)(N)CC(C)C)c(C)c2)ccn1
467903,COC(=O)c1ccc(CSc2ncnc3c2ccn3[C@@H]2O[C@H](CO)[C@@H](O)[C@H]2O)cc1
2756108,O=C1NC(Nc2ccccc2)=N/C1=C\c1ccc2c(c1)OCCCO2
2756231,COC(=O)Nc1cc(-c2cnc(OC[C@@](C)(N)CC(C)C)c(C#N)c2)ccn1
450647,CCCCCCC(=O)OCC1(CO)C/C(=C/c2ccc(OC)cc2)C(=O)O1
450657,CC(CC(=O)OCC1(CO)C/C(=C/c2ccc(Cl)cc2)C(=O)O1)CC(C)(C)C
2756847,CC(=O)Nc1cc(-c2ccc(OC[C@@H](N)CC(C)C)c(C(F)(F)F)c2)ccn1
2756994,O=C(c1ccc(Nc2nccc(-c3cc4ccccc4s3)n2)cc1)N1CCC(N2CCCCC2)CC1
2757042,Nc1cc(C(F)(F)F)c(-c2cc(N3CCOC3=O)nc(N3CCOCC3)n2)cn1
2757133,C[C@@H]1OC(=O)N(c2nc(-c3cnc(N)nc3C(F)(F)F)cc(N3CCOCC3)n2)[C@H]1CO
507211,O=C(NCc1ccc(Cl)c(Cl)c1)[C@H]1O[C@H](CNC2CCCCCC2)[C@@H](O)[C@@H]1O
2757312,O=C(NCCCN1CCOCC1)c1ccc(Nc2ncc(Cl)c(-c3ccc(Cl)s3)n2)cc1
2757324,Nc1ccc2cc3cnccc3c([N+](=O)[O-])c2n1
2757702,CCCCSc1ncc2cc3cnccc3c(N)c2n1
450638,CC(C)n1cnc2c(Nc3ccc(Br)cc3)nc(-c3cccnc3)nc21
2758014,CC(=O)Nc1cc(-c2ccc(OC[C@@H](N)CC(C)C)c(Cl)c2)ccn1
2758433,O=C1NC(N2CCN(c3ccc(F)cc3)CC2)=N/C1=C\c1ccc2c(c1)OCCO2
2758649,C[C@]1(CO)COC(=O)N1c1nc(-c2cnc(N)nc2C(F)(F)F)cc(N2CCOCC2)n1
2758719,Nc1cc(C(F)(F)F)c(-c2cc(N3CCCC3=O)nc(N3CCOCC3)n2)cn1
2758984,CSC1=N/C(=C\c2ccc3c(c2)OCO3)C(=O)N1
2759009,COC(=O)Nc1cc(-c2ccc(OC[C@@](C)(N)CC(C)C)c(Cl)c2)ccn1
2759126,CCSC1=N/C(=C\c2ccc3c(c2)OCO3)C(=O)N1C
450493,CC[C@H](CO)Nc1nc(NCc2ccc(-c3ccccn3)cc2)c2ncn(C(C)C)c2n1
2759331,C/C(=C1/N=C(Nc2ccccc2)NC1=O)c1ccc2c(c1)OCO2
450583,CC(CC(=O)OCC1(CO)C/C(=C/c2ccc(OC(F)(F)F)cc2)C(=O)O1)CC(C)(C)C
450717,CC[C@H](CO)Nc1nc(Nc2ccc(-c3ccccn3)cc2)c2ncn(C(C)C)c2n1
2759377,C[C@H]1[C@H](CO)OC(=O)N1c1nc(-c2cnc(N)nc2C(F)(F)F)cc(N2CCOCC2)n1
2759417,Nc1ncc(-c2cc(N3CCOCC3)nc(N3C(=O)OC[C@H]3CO)n2)c(C(F)(F)F)n1
2759549,CSc1ncc2cc3cnccc3c(N)c2n1
2759664,COC(=O)Nc1cc(-c2cnc(OC[C@@](C)(N)CC(C)C)c(Cl)c2)ccn1
2760257,Nc1cc(C(F)(F)F)c(-c2cc(N3CCOC[C@H]3CO)nc(N3CCOCC3)n2)cn1
450125,CCC(C(=O)OCC1(CO)C/C(=C\c2ccc(-c3ccc(C(F)(F)F)cc3)cc2)C(=O)O1)c1ccccc1
2760681,CC(=O)Nc1cc(-c2cc(F)c(OC[C@@H](N)CC(C)C)cc2F)ccn1
2760859,O=C(O)/C=C1\CCCc2cc(Cl)ccc2C1O
2761151,CC(=O)Nc1cc(-c2ccc(OC[C@@](C)(N)CC(C)C)c(C#N)c2)ccn1
2761197,CCCCCCc1ccc(NC2=N/C(=C\c3ccc4c(c3)OCO4)C(=O)N2)cc1
2761218,CC(=O)Nc1cc(-c2ccc(OC[C@@](C)(N)CC(C)C)c(F)c2)ccn1
2761602,O=c1[nH]nc(Cc2cc(O)ccc2Oc2ccccc2Cl)[nH]1
2762330,NC(=O)c1c(N)c(C(=O)c2ccc(Br)cc2)n2ccccc12
2762673,CC(=O)Nc1cc(-c2cc(F)c(OC[C@@H](N)CC(C)C)c(Cl)c2)ccn1
2762849,O=C(c1ccc(Nc2ncc(F)c(-c3cc4ccccc4s3)n2)cc1)N1CCC(N2CCCC2)CC1
2763066,O=C(O)Cc1ccc(O)cc1Oc1ccccc1Cl
509217,NC(=O)CCCCCc1ccc(Cn2cc(Br)c(=O)[nH]c2=O)cc1
2763173,O=C1NC(Nc2ccccc2)=N/C1=C\c1ccc(O)c(O)c1
485064,Nc1ncnc2c1ncn2[C@@H]1O[C@H](COC(=O)c2ccc(S(=O)(=O)NCCCc3ccccc3)cc2)[C@@H](O)[C@H]1O
2763548,Nc1cc(C(F)(F)F)c(-c2cc(N3CCN(c4ccccc4)C3=O)nc(N3CCOCC3)n2)cn1
2763744,O=C(O)Cc1ccccc1Oc1ccc(O)cc1CC(=O)O
2763819,COc1cc(-c2cc3c(N[C@H]4CCN(C(=O)C5CCC5)C4)ncnc3s2)cnc1OC
2764044,Nc1cc(C(F)(F)F)c(-c2cc(N3CCOCC3)nc(N3CCOCC3)c2)cn1
2764135,O=C(O)C(F)(F)c1cc(O)ccc1Oc1ccccc1Cl
2764243,CC(=O)Nc1cc(-c2ccc(OC[C@@H](N)CC(C)C)cc2)ccn1
2764369,CC(C)C[C@H](N)COc1ccc(-c2ccnc(N)c2)cc1
2764523,O=C1NC(Nc2ccc(N3CCCCC3)cc2)=N/C1=C\c1ccc2c(c1)OCO2
2764908,O=C1NC(NC2CCNCC2)=N/C1=C\c1ccc2c(c1)OCO2
451092,O=C1OC(CO)(COC(=O)c2ccc([N+](=O)[O-])cc2)C/C1=C\c1ccc([N+](=O)[O-])cc1
2765242,CCCSc1ncc2cc3cnccc3c(N)c2n1
2765426,Cc1cc(-c2ccnc(C(F)F)c2)ncc1OC[C@@](C)(N)CC(C)C
2765660,O=C(O)Cc1ccc(O)cc1Cc1ccccc1
2765722,CCCSC1=N/C(=C\c2ccc3c(c2)OCO3)C(=O)N1C
2765920,O=C1NC(Nc2ccccc2)=N/C1=C\c1ccc2c(c1)OCCO2
2766031,Cc1ccc(-c2ccnc(Nc3ccc(C(=O)N4CCC(N5CCCC5)CC4)cc3)n2)s1
2766178,CC(=O)Nc1cc(-c2cc(F)c(OC[C@@H](N)CC(C)C)c(F)c2)ccn1
2766213,Cc1cnc(Nc2ccc(C(=O)N3CCC(N4CCCC4)CC3)cc2)nc1-c1ccc(Cl)s1
2766353,COc1cc(/C=C2\N=C(Nc3ccccc3)NC2=O)ccc1O
2766390,CN1CCN(C(=O)c2ccc(Nc3nccc(-c4cc5ccccc5s4)n3)cc2)CC1
2766447,CN1CCN(c2ccc(NC3=N/C(=C\C4=COc5ccccc5O4)C(=O)N3)cc2)CC1
2766884,COC(=O)Nc1cc(-c2cc(C)c(OC[C@@](C)(N)CC(C)C)cn2)ccn1
450026,CC[C@H](CO)Nc1nc(-c2cccnc2)c2ncn(C(C)C)c2n1
2767090,COC(=O)Nc1cc(-c2ccc(OC[C@@](C)(N)CC(C)C)c(CO)c2)ccn1
2767297,O=C1NC(Nc2cccc(F)c2)=N/C1=C\c1ccc2c(c1)OCO2
2767565,O=C(O)/C=C1\CCCc2ccc(Br)cc2C1O
2767810,O=C(O)/C=C1\CCCc2c(-c3ccccc3)cccc2C1O
2767860,Oc1ccc(-c2cnc3[nH]cc(-c4ccc(F)c(F)c4)c3c2)cc1O
2767900,O=C(O)Cc1ccc(O)cc1Oc1c(Cl)cccc1Cl
2768177,CCSc1ncc2cc3cnccc3c([N+](=O)[O-])c2n1
2768537,C[C@H](O)[C@@H]1COC(=O)N1c1nc(-c2cnc(N)nc2C(F)(F)F)cc(N2CCOCC2)n1
450041,Cc1cc(C)c(C(=O)OCC2(CO)C/C(=C/c3ccc([N+](=O)[O-])cc3)C(=O)O2)c(C)c1
2768743,O=C(c1ccc(Nc2ncc(Cl)c(-c3cc4ccccc4s3)n2)cc1)N1CCC(N2CCCC2)CC1
2769398,Oc1ccc(Oc2ccccc2Cl)c(Cc2nnn[nH]2)c1
2769663,O=C(O)/C=C1\CCCc2c(/C=C/c3c(Cl)cccc3Cl)cccc2C1O
2769809,CC(=O)Nc1cc(-c2ccc(OC[C@@H](N)CC(C)C)c(F)c2)ccn1
2769879,CS(=O)(=O)CCCNC(=O)c1ccc(Nc2nccc(-c3cc4ccccc4s3)n2)cc1
2769903,CN1C(=O)/C(=C2/SC(=S)N(N)C2=O)c2cc(Br)ccc21
2770060,COC(=O)Nc1cc(-c2ccc(OC[C@@](C)(N)CC(C)C)nc2)ccn1
2770108,COC(=O)Nc1cc(-c2ccc(OC[C@@](C)(N)CC(C)C)c(C)c2)ccn1
2770466,CN1C(=O)/C(=C2\Nc3ccccc3\C2=N/O)c2ccccc21
2770653,[2H]C1([2H])Oc2ccc(/C=C3\N=C(Nc4ccccc4)NC3=O)cc2O1
2770668,CCOc1ccc(C(=O)c2c(N)c(C(N)=O)c3ccccn23)cc1
2770929,CC(C)C[C@](C)(N)COc1cnc(-c2ccnc(C(F)F)c2)cc1C(F)F
2771057,CC1(C)OC(=O)N(c2nc(-c3cnc(N)nc3C(F)(F)F)cc(N3CCOCC3)n2)[C@H]1CO
2771368,Nc1ncc(-c2cc(N3CCCOC3=O)nc(N3CCOCC3)n2)c(C(F)(F)F)n1
2771711,CC(C)c1ccc(C(=O)c2c(N)c(C(N)=O)c3ccccn23)cc1
2771749,COc1cc(/C=C2\N=C(Nc3ccc(N4CCN(C)CC4)cc3)NC2=O)ccc1O
2771908,CNC1=N/C(=C\c2ccc3c(c2)OCO3)C(=O)N1
2772413,O=C(O)/C=C1\CCCc2c(Br)cccc2C1O
508851,Cc1cn([C@@H]2O[C@H](CO)[C@@H](O)[C@H]2O)c(=O)n(Cc2ccccc2)c1=O
2772934,Cc1cnc(Nc2ccc(C(=O)N3CCC(N4CCCC4)CC3)cc2)nc1-c1cc2ccccc2s1
2772994,O=C1NC(N2CCCCC2)=N/C1=C\c1ccc2c(c1)OCO2
2773075,C[C@H]1COC(=O)N1c1nc(-c2cnc(N)cc2C(F)(F)F)cc(N2CCOCC2)n1
2773373,COC(=O)Nc1cc(-c2ccc(OC[C@@](C)(N)CC(C)C)c(C(F)F)n2)ccn1
2773433,O=C1NC(Nc2ccc(N3CCNCC3)cc2)=N/C1=C\c1ccc2c(c1)OCO2
450029,CC[C@H](CO)Nc1nc(Nc2cccc(-c3ccccc3)c2)c2ncn(C(C)C)c2n1
2773601,COC(=O)Nc1cc(-c2ccc(OC[C@@](C)(N)CC(C)C)c(C(F)F)c2)ccn1
2773746,CN1CCN(CCCNC(=O)c2ccc(Nc3nccc(-c4cc5ccccc5s4)n3)cc2)CC1
2774103,Nc1ncc(-c2cc(N3CCOCC3)nc(N3C[C@@H](CO)OC3=O)n2)c(C(F)(F)F)n1
2774127,COC(=O)Nc1cc(-c2ccc(OC[C@@](C)(N)CC(C)C)c(OC(F)(F)F)c2)ccn1
509043,O=C(O)CCCc1ccc(Cn2cc(Cl)c(=O)[nH]c2=O)cc1
2774352,C[C@H]1OC(=O)N(c2nc(-c3cnc(N)nc3C(F)(F)F)cc(N3CCOCC3)n2)[C@H]1CO
2774523,NC1=N/C(=C\c2ccc3c(c2)OCO3)C(=O)N1
2774846,O=C1Cc2cc(O)ccc2N1c1c(Cl)cccc1Cl
2774938,O=C(NC1CC1)c1ccc(Nc2nccc(-c3cc4ccccc4s3)n2)cc1
2775006,COc1cc(-c2cc3c(O[C@H]4CCN(C(=O)C5CCC5)C4)ncnc3s2)cnc1OC
450046,CC(C)(C)C(=O)OCC1(CO)C/C(=C/c2ccc(C(F)(F)F)cc2)C(=O)O1
2775208,O=C(c1ccc(Nc2nccc(-c3ccc(Cl)c(Cl)c3)n2)cc1)N1CCC(N2CCCC2)CC1
2775441,COC(=O)Nc1cc(-c2cc(C(F)F)c(OC[C@@](C)(N)CC(C)C)cn2)ccn1
2775571,CC(=O)Nc1cc(-c2ccc(OC[C@@](C)(N)CC(C)C)c(C(F)F)c2)ccn1
2775575,Nc1cc(C(F)(F)F)c(-c2cc(N3CCNC3=O)nc(N3CCOCC3)n2)cn1
509104,Cc1cn(Cc2ccc(CCCCC(N)=O)cc2)c(=O)[nH]c1=O
2775744,Cc1cc(-c2cc(Cl)c(OC[C@@](C)(N)CC(C)C)cn2)ccn1
2775817,Cc1nc2cnc3ccc(-c4cnc5[nH]ccc5c4)cc3c2n1-c1ccc(C(C)(C)C#N)nc1
2776049,CCC(=O)N1CC[C@H](Nc2ncnc3sc(-c4cnc(OC)c(OC)c4)cc23)C1
485067,CS(=O)(=O)c1ccc(C(=O)OC[C@H]2O[C@@H](n3cnc4c(N)ncnc43)[C@H](O)[C@@H]2O)cc1
2776388,COc1ccc(/C=C2\N=C(Nc3ccccc3)NC2=O)cc1
484819,Nc1ncnc2c1ncn2[C@@H]1O[C@H](COP(=O)(O)OP(=O)(O)OP(=O)(O)OP(=O)(O)Oc2ccccc2)[C@@H](O)[C@H]1O
2776702,CC(=O)SCCCCCCOc1ccc2c(c1)N(C)[C@@H](C(C)C)C(=O)N[C@H](CO)C2
2776809,COC(=O)Nc1cc(-c2ccc(OC[C@@](C)(N)CC(C)C)c(Cl)n2)ccn1
2777088,N#Cc1cc(N)ncc1-c1cc(N2CCOC(CCO)C2)nc(N2CCOCC2)n1
2777136,COc1cc(/C=C2\N=C(Nc3ccc(N4CCNCC4)cc3)NC2=O)ccc1O
2777374,CCCSC1=N/C(=C\c2ccc3c(c2)OCO3)C(=O)N1
2777481,O=C(c1ccc(Nc2nccc(-c3cc4ccccc4o3)n2)cc1)N1CCC(N2CCCC2)CC1
484804,CC(=O)NCCNP(=O)(O)OP(=O)(O)OP(=O)(O)OC[C@H]1O[C@@H](n2cnc3c(N)ncnc32)[C@H](O)[C@@H]1O
2777975,O=C1NC(Nc2ccccn2)=N/C1=C\c1ccc2c(c1)OCO2
2778085,O=C(O)Cc1cc(O)ccc1Oc1ccc([N+](=O)[O-])cc1Cl
2778288,C[C@H]1OC(=O)N(c2nc(-c3cnc(N)nc3C(F)(F)F)cc(N3CCOCC3)n2)[C@H]1CC#N
451019,O=C1OC(CO)(COC(=O)C(c2ccccc2)c2ccccc2)C/C1=C/c1cc(C(F)(F)F)cc(C(F)(F)F)c1
2778794,Oc1ccc(Oc2ccccc2Cl)c(Cc2cc(O)no2)c1
467678,Cc1cccc(CSc2ncnc3c2ccn3[C@@H]2O[C@H](CO)[C@@H](O)[C@H]2O)c1
2778861,O=C1NC(N2CCOCC2)=N/C1=C\c1ccc2c(c1)OCO2
81801,Cn1cc(C2=C(c3ccsc3)C(=O)NC2=O)c2ccccc21
2779182,Cc1ccc(-c2nc(Nc3ccc(C(=O)N4CCC(N5CCCC5)CC4)cc3)ncc2Cl)s1
2779205,O=C1NC(Nc2ccccc2)=N/C1=C\c1ccc2c(c1)CCCO2
2779291,COc1ccc2cc(C(=O)c3ccc(C#N)cc3)oc2c1
2779329,Nc1cc(C(F)(F)F)c(-c2cc(N3CCCCC3=O)nc(N3CCOCC3)n2)cn1
2779625,Cc1ccc2c(c1)CCC/C(=C\C(=O)O)C2O
2779996,CN1CCC(NC(=O)c2ccc(Nc3nccc(-c4cc5ccccc5s4)n3)cc2)CC1
451010,CCCCC(/C=C1/CC(CO)(COC(=O)c2c(C)cc(C)cc2C)OC1=O)CC
2780211,O=C1NC(Nc2ccccc2)=N/C1=C\c1ccc2c(c1)CCO2
2780260,C[C@H]1CC[C@@H](c2nc3cccc(Cl)c3c(=O)n2-c2cccc(F)c2)N1c1ncnc2[nH]cnc12
2780433,CCC(C)[C@@H](NC(=O)[C@@H](CCC(=O)O)NC(=O)[C@@H](CCC(=O)O)NC(=O)[C@@H](CCC(=O)O)NC(C)=O)C(=O)N[C@H](Cc1ccc(NC(=O)CCCCCn2cc(-c3ccc(-n4nc(-c5ccc(Cl)cc5)c5c(N)ncnc54)cc3)nn2)cc1)C(=O)NCC(=O)N[C@H](CCC(=O)O)C(=O)N[C@H](Cc1ccccc1)C(=O)N[C@H](CCC(=O)O)C(=O)N[C@H](C)C(N)=O
2780695,CCCCCOc1ccc(NC2=N/C(=C\c3ccc4c(c3)OCO4)C(=O)N2)cc1
520094,CN(C)CCNS(=O)(=O)c1ccc(-c2ccnc3[nH]ccc23)cc1
451152,O=C1OC(CO)(COC(=O)c2ccc([N+](=O)[O-])cc2)C/C1=C/C1CCCCC1
81388,Cn1cc(C2=C(c3cn(C)c4cc(N)ccc34)C(=O)NC2=O)c2ccccc21
81078,Cn1cc(C2=C(c3ccc4ccccc4c3)C(=O)NC2=O)c2ccccc21
450038,O=C1OC(CO)(COC(=O)C2CCCCC2)C/C1=C/c1ccccc1
485049,Nc1ncnc2c1ncn2[C@@H]1O[C@H](COC(=O)c2ccc(S(=O)(=O)NCCc3ccccc3)cc2)[C@@H](O)[C@H]1O
470511,CS(=O)(=O)N1CCN(Cc2cc3nc(-c4cccc5[nH]ncc45)nc(N4CCOCC4)c3s2)CC1
457874,Fc1ccc(-c2[nH]c3cc(C4CCNCC4)ccc3c2-c2ccncc2)cc1
457812,Fc1ccc(-c2[nH]c3cc(C4CCNCC4)ccc3c2-c2ccncn2)cc1
76832,CCCCCCCCCCCCCCCCCC1(O)C[N+](C)(C)CCO1.[Br-]
82499,Cn1cc(C2=C(c3cccc(Oc4ccccc4)c3)C(=O)NC2=O)c2ccccc21
500844,CC(C)(C)c1cc(NC(=O)Nc2cccc3ccccc23)n(-c2cccc(N)c2)n1
81633,COC(=O)c1ccc2c(c1)c(C1=C(c3cn(C)c4ccccc34)C(=O)NC1=O)cn2C
457813,CN1CCC(c2ccc3c(-c4ccncn4)c(-c4ccc(F)cc4)[nH]c3c2)CC1
494834,CN1CCN(c2ccc3nc(-c4c(N)c5c(F)cccc5[nH]c4=O)[nH]c3c2)CC1
494189,CC(C)(C)NCc1ccn2c(-c3ccnc(N)n3)c(-c3ccc(F)cc3)nc2c1
494204,Nc1nccc(-c2c(-c3ccc(F)cc3)nc3cc(C4CCN(CCCO)CC4)ccn23)n1
458012,CN1CCN(Cc2ccc3c(-c4ccncc4)c(-c4ccc(F)cc4)[nH]c3c2)CC1
78067,CCC(CO)Nc1nc(NCc2ccccc2)c2ncn(C(C)C)c2n1
494195,CN(C)c1ccn2c(-c3ccnc(N)n3)c(-c3ccc(F)cc3)nc2c1
484714,O=c1cc(-c2ccccc2)oc2c(C3CCCCN3)c(O)cc(O)c12
457943,Fc1ccc(-c2[nH]c3cc(N4CCOCC4)ccc3c2-c2ccncc2)cc1
529107,Cc1ccc(Nc2ccnc(Nc3ccc4c(c3)CS(=O)(=O)C4)n2)cc1O.Cl
494142,NC(=O)c1ccn2c(-c3ccnc(N)n3)c(-c3ccc(F)cc3)nc2c1
529050,CN(C)CCN(C)Cc1nc(-c2ccc3c(Nc4ccc(Oc5ccccc5)cc4)ccnc3c2)cs1
529789,O=C(NCCCN1CCCCC1)c1ccc(Nc2nccc(Nc3ccc(Oc4ccccc4)cc3)n2)cc1
529863,COc1ccc(-n2ccnc2SCC(=O)Nc2cc(C)ccc2C)c(OC)c1
502093,C[C@@H](O)c1c(O)cc2c(c1O)C(=O)c1c(O)cc(O)cc1C2=O
529055,Oc1ccccc1CN1CCC2(CCCN(Cc3ccccc3F)C2)C1
529945,Cc1ccc(Nc2nccc(N(C)c3ccc4c(c3)nc(NC(=O)Cc3ccc(Cl)c(Cl)c3)n4C)n2)cc1S(N)(=O)=O.O=C(O)C(F)(F)F
530060,OC1=C2C(=Nc3ccccc3SC2c2ccccc2)c2ccccc21
528827,COc1ccc(Nc2ncc3c(-c4cccc(NC(=O)Cc5ccc(O)cc5)c4)c[nH]c3n2)cc1OC
528988,Cl.N=c1n(CCN2CCCCC2)c2ccccc2n1CC(O)c1cccc(Br)c1
529132,CS(=O)(=O)c1cccc(-c2cnc3[nH]cc(-c4cccc(CCN)c4)c3c2)c1.O=C(O)C(F)(F)F
529426,Cn1cnc2c(Nc3ccncc3)nc(-c3ccc4c(c3)OCO4)nc21.O=C(O)C(F)(F)F
510783,OCCn1cc(-c2ccc3c(c2)CC/C3=N\O)c(-c2ccncc2)n1
494206,Nc1nccc(-c2c(-c3ccc(F)cc3)nc3cc(C4CCN(CC5CC5)CC4)ccn23)n1
82201,Cn1cc(C2=C(c3cn(C)c4cc(C(N)=O)ccc34)C(=O)NC2=O)c2ccccc21
530247,COc1cccc(-n2ncc3c(N/N=C/c4ccc(CN(C)CCN(C)C)cc4)ncnc32)c1
529729,O=C(O)C(F)(F)F.O=c1[nH]ccc2nc(N[C@@H]3CCNC3)nc(Nc3cc(Cl)cc(Cl)c3)c12
529290,CCN1CCN(Cc2ccc(NC(=O)c3cc4ccc5cccnc5c4[nH]3)cc2)CC1
530102,COc1cccc(O)c1CN1CCC2(CCCN(Cc3ccc(F)cc3)C2)C1
81256,Oc1[nH]c(Nc2cccc(Cl)c2)nc2ncnc1-2
529814,CCOC(=O)C1=C(C)N=c2sc(=Cc3ccccc3O)c(=O)n2C1c1ccc(OC)c2ccccc12
530123,CN(C)CCN(C)Cc1ccc(-c2ccc3c(Nc4ccc(Cl)cc4F)ccnc3c2)o1
494140,CCN(CC)Cc1ccn2c(-c3ccnc(N)n3)c(-c3ccc(F)cc3)nc2c1
530265,COc1cccc(Nc2nc(NCCO)c3ccccc3n2)c1.Cl
530138,COc1cc2nccc(Nc3ccc(Oc4ccccc4)cc3)c2cc1OC.Cl
82982,Cc1cn([C@H]2C[C@H](O)[C@@H](CO)O2)c(=O)[nH]c1=O
494201,CCC(CN(C)C)c1ccn2c(-c3ccnc(N)n3)c(-c3ccc(F)cc3)nc2c1
81745,COc1cccc2c1c(C1=C(c3cn(C)c4ccccc34)C(=O)NC1=O)cn2C
494150,CN(C)CC(F)c1ccn2c(-c3ccnc(N)n3)c(-c3ccc(F)cc3)nc2c1
509994,COC(=O)CCCc1ccc(Cn2cc(Br)c(=O)[nH]c2=O)cc1
83299,CN1CCC(n2cc(C3=C(c4c[nH]c5ccccc45)C(=O)NC3=O)c3ccccc32)CC1
501126,Cc1cccc(-n2nc(C(C)(C)C)cc2NC(=O)Nc2cccc(Nc3ncnc4ccc([N+](=O)[O-])cc34)c2)c1
529241,Cc1ccc(-c2cc(C(=O)Nc3ccc(S(=O)(=O)N4CCCCC4)cc3)[nH]n2)c(O)c1
2785595,CC(=O)N1CCc2cc(S(=O)(=O)NC(CC(C)C)C(=O)CCc3ccc(O)cc3)ccc21
529316,O=C(NCCN1CCCCC1)c1cccc(Nc2nccc(Nc3ccc(Oc4ccccc4)cc3)n2)c1
2786063,Cn1nccc1-n1c([C@@H]2CSCN2c2ncnc3[nH]cnc23)nc2cccc(Cl)c2c1=O
494193,CN(C)C(=N)c1ccn2c(-c3ccnc(N)n3)c(-c3ccc(F)cc3)nc2c1
494153,CCCC(C)CN1CCC(c2ccn3c(-c4ccnc(N)n4)c(-c4ccc(F)cc4)nc3c2)CC1
2786533,CN1CCN(c2ccc(Nc3nccc(-c4cccnc4)n3)cc2C(F)(F)F)CC1
2786559,CNc1cc(-c2ccnc(Nc3ccc(N4CCN(C)CC4)c(C(F)(F)F)c3)n2)ccn1
81687,COc1ccc(C2=C(c3cn(C)c4ccccc34)C(=O)NC2=O)cc1
529766,CCOC(=O)C1=C(C)N=c2sc(=Cc3cc(Cl)ccc3O)c(=O)n2C1c1ccc(OC)cc1
501043,Cc1cccc(-n2nc(C(C)(C)C)cc2NC(=O)Nc2ccc(Nc3ncnc4ccc([N+](=O)[O-])cc34)cc2)c1
529702,COc1ccc(-c2nc(NC(=O)CS(=O)(=O)c3ccc(F)cc3)sc2C)cc1
2790283,O=C(Nc1cnccc1-c1ccccc1)c1ccnc(NC(=O)C2CC2)c1
2790483,CC1CN(c2ccncc2NC(=O)c2ccnn3cc(-c4ccccc4)nc23)CCO1
2790679,Cc1ccc(-n2cc(NC(=O)c3c[nH]c4ccccc34)cn2)cc1
2790957,O=C(c1ccc(O)cc1)c1ccc(S(=O)(=O)c2ccc(O)cc2)cc1
585365,O=C(NCc1ccco1)C1CCN(S(=O)(=O)c2ccc(Cl)cc2)CC1
525025,CN1CCN(c2ccc(Nc3nccc(-c4c(-c5cccc(NC(=O)c6c(F)cccc6F)c5)nn5ccccc45)n3)cc2)CC1
525619,CCn1c(-c2nonc2N)nc2c(-c3cccc(NC(=O)Nc4ccc(C(F)(F)F)cc4)c3)ncc(OCCCN)c21.O=C(O)C(F)(F)F
525842,COc1cc(Nc2nccc(-c3c(-c4cccc(NC(=O)c5c(F)cccc5F)c4)nn4ncccc34)n2)cc(OC)c1OC
525991,COc1cc(C(=O)Nc2ccc(-c3nc4ccccc4[nH]3)cc2)cc(OC)c1OC
2793268,CN1CCN(c2ccc(Nc3nccc(-c4ccc([N+](=O)[O-])cc4)n3)cc2C(F)(F)F)CC1
525177,COCCNCc1ncsc1-c1ccc2c(Nc3cc(O)c(Cl)cc3F)ccnc2c1
525698,Cl.c1ccc(Oc2ccc(Nc3ccnc(Nc4ccc5cn[nH]c5c4)n3)cc2)cc1
525895,CCn1c(-c2nonc2N)nc2c(-c3cccc(NC(=O)Nc4ccc(C#N)cc4)c3)ncc(OCCCN)c21.O=C(O)C(F)(F)F
584903,Cc1nc2ccccc2c(O)c1CC=C(Cl)Cl
524867,O=C(O)C1Cc2c([nH]c3ccccc23)C(c2ccc(Cl)cc2Cl)N1
525479,COc1ccc(C(=O)Nc2ccc3nc(N4CCCCC4)cc(C)c3c2)cc1OC
451088,O=C1OC(CO)(COC(=O)C(c2ccccc2)c2ccccc2)C/C1=C/c1ccc(Cl)cc1
450034,Cc1cc(C)c(C(=O)OCC2(CO)C/C(=C/C3CCCCC3)C(=O)O2)c(C)c1
526995,COCCNCC(O)Cn1c2ccc(Cl)cc2c2cc(Cl)ccc21
2797282,CN1CCN(c2ccc(Nc3nccc(-c4ccc5ccccc5c4)n3)cc2C(F)(F)F)CC1
527625,CC(C)(CN)c1nc(-c2ccc(Br)c(O)c2)c(-c2ccncc2)[nH]1.Cl
2797321,COc1cccc(-c2ccnc(Nc3ccc(N4CCN(C)CC4)c(C(F)(F)F)c3)n2)c1
2797439,CN1CCN(c2ccc(Nc3nccc(-c4ccc(C#N)cc4)n3)cc2C(F)(F)F)CC1
527930,NS(=O)(=O)CCc1cccc(Nc2nccc(-c3c(-c4cccc(NC(=O)c5c(F)cccc5F)c4)nn4ccccc34)n2)c1
2798167,O=C(Nc1cnccc1-c1ccc(Cl)cc1)c1ccnc(NC(=O)C2CC2)c1
450051,CCCCC(CC)C(=O)OCC1(CO)C/C(=C\c2ccc(F)c(Br)c2)C(=O)O1
451013,CC(C)c1cc(C(C)C)c(C(=O)OCC2(CO)C/C(=C/c3ccc(C(F)(F)F)cc3)C(=O)O2)c(C(C)C)c1
2799274,[N-]=[N+]=N[C@H]1[C@@H](O)[C@H](n2cnc3c(N)ncnc32)O[C@@H]1CO
2799522,N#Cc1c(N)ncnc1N1CSC[C@H]1c1nc2cccc(Cl)c2c(=O)n1-c1cccs1
2799928,CN1CCN(c2ccc(Nc3nccc(-c4cccc(C#N)c4)n3)cc2C(F)(F)F)CC1
2800030,NCCCCOc1ccc2c(c1)C1Nc3ccc(Br)cc3C1CC(=O)N2
2800263,CN1CCN(c2ccc(Nc3nccc(-c4ccc(F)cc4)n3)cc2C(F)(F)F)CC1
2800338,COc1ccc(-n2cc(Nc3cccc4[nH]ncc34)cn2)cc1
450122,CC(C)(C)C(=O)OCC1(CO)C/C(=C/c2ccc(-c3ccc(C(F)(F)F)cc3)cc2)C(=O)O1
2800876,Cn1nccc1-n1c([C@@H]2CSCN2c2ncnc(N)c2C#N)nc2cccc(Cl)c2c1=O
2800910,O=C(OCC1CCCO1)c1cccc(CN2CCCC(Nc3ccc4[nH]ncc4c3)C2)c1
526407,CN1CCN(Cc2ccc(-c3ccc4c(Nc5cc(O)c(Cl)cc5F)ccnc4c3)o2)CC1
526703,CCn1c(-c2nonc2N)nc2c(-c3ccccc3)ncc(OCCCNCCCN3CCOCC3)c21.O=C(O)C(F)(F)F
526781,CCNC(=O)Nc1ccc(N(C)c2ccnc(Nc3ccc(CS(C)(=O)=O)cc3)n2)cc1.Cl
2801521,CCCCCCCCOc1ccc2cc(-c3noc([C@@H]4[C@@H](O)CCN4C(=N)N)n3)ccc2c1
527246,O=C(NCCN1CCC(c2ccncc2)CC1)c1cccc(Nc2nccc(Nc3ccc(Oc4ccccc4)cc3)n2)c1
2801896,CN1CCN(c2ccc(Nc3nccc(-c4cccc([N+](=O)[O-])c4)n3)cc2C(F)(F)F)CC1
528376,COc1ccc(N2CCN(C(CNC(=O)C3CCCCC3)c3ccc4c(c3)OCO4)CC2)cc1
2802410,Cc1ccc(-c2ccnc(Nc3ccc(N4CCN(C)CC4)c(C(F)(F)F)c3)n2)cc1
2802648,CCCNc1cnc2ccc(-c3cccc(O)c3)nn12
2802743,CN1CCN(c2ccc(Nc3nccc(-c4cccc(Cl)c4)n3)cc2C(F)(F)F)CC1
2803143,CN1CCN(c2ccc(Nc3nccc(-c4ccnc(Cl)c4)n3)cc2C(F)(F)F)CC1
2803177,CN1CCN(c2ccc(Nc3nccc(-c4ccccc4)n3)cc2C(F)(F)F)CC1
526179,Cl.NC(=O)c1ccccc1Nc1nc(Nc2cccc(N3CCN(CCO)CC3)c2)ncc1Cl
527866,FC(F)(F)c1cccc(Nc2nc3ccccc3nc2Nc2cccc(C(F)(F)F)c2)c1
2804546,CN1CCN(c2ccc(Nc3nccc(-c4ccnc(NCc5ccccc5)c4)n3)cc2C(F)(F)F)CC1
524889,CCOc1ccc(N2C(N)=NC(N)=NC2(C)C)cc1.Cl
525200,Nc1ncc(-c2cn[nH]c2)cc1-c1nc2cc(Cl)cnc2[nH]1
81384,Cn1cc(C2=C(c3cn(C)c4ncccc34)C(=O)NC2=O)c2ccccc21
81323,Cn1cc(C2=C(c3ccccc3[N+](=O)[O-])C(=O)NC2=O)c2ccccc21
525785,COc1ccc2nc(C)cc(Nc3ccc(Cl)cc3)c2c1
526181,CC(C)(NCc1ncc[nH]1)c1nc(-c2ccc(Cl)c(O)c2)c(-c2ccncc2)[nH]1.Cl
2805511,CN1CCN(c2ccc(Nc3nccc(-c4cccc(F)c4)n3)cc2C(F)(F)F)CC1
2805787,CN1CCN(c2ccc(Nc3nccc(-c4ccc(Cl)cc4)n3)cc2C(F)(F)F)CC1
527952,O=C(O)c1ccc(-c2cnc3ccc(NC4CCC(O)CC4)nn23)cc1
525205,CC(c1cccc(Nc2nccc(-c3c(-c4cccc(NC(=O)c5c(F)cccc5F)c4)nn4ccccc34)n2)c1)S(C)(=O)=O
525278,FC(F)(F)c1ccc(Nc2nnnc3ccccc23)cc1
451157,O=C1OC(CO)(COC(=O)c2ccc(C(F)(F)F)cc2)C/C1=C/c1ccc([N+](=O)[O-])cc1
526486,c1cncc(Oc2ccc(Nc3ccnc4cc(-c5cccc(CNCCN6CCOCC6)c5)ccc34)cc2)c1
526872,CN1CCC(NC(=O)c2cccc(Nc3cc(Nc4cccc(Br)c4)ncn3)c2)CC1
527265,CN(C)CCOc1ccc(-c2cc(-c3ccc(Cl)c(O)c3)c(-c3ccnc(N)n3)o2)cc1
527340,Cc1cc(Nc2ncc(C#N)c(Nc3ccccc3C(N)=O)n2)ccc1N1CCN(C)CC1.Cl
81913,Cn1cc(C2=C(c3cn(C)c4cc([N+](=O)[O-])ccc34)C(=O)NC2=O)c2ccccc21
527649,Cc1cccc2[nH]c(-c3cc(-c4cn[nH]c4)cnc3N)nc12
528106,CCN(CC)CCNC(=O)c1ccc(Nc2ncc([N+](=O)[O-])c(Nc3ccccc3OC)n2)cc1.Cl
525504,Cl.Oc1cccc(Nc2ccnc3cc(-c4ccncc4)ccc23)c1
525576,Br.CC(=O)Nc1nc(C)c(-c2csc(Nc3ccc(Cl)cc3)n2)s1
525581,CS(=O)(=O)Cc1ccc(Nc2nccc(-c3c(-c4cccc(NC(=O)c5c(F)cccc5F)c4)nn4ncccc34)n2)cc1
451162,O=C1OC(CO)(COC(=O)C(c2ccccc2)c2ccccc2)C/C1=C/c1ccc(F)c(Br)c1
527344,CC(C)(CN)c1nc(-c2ccc(Cl)c(O)c2)c(-c2ccnc(N)n2)[nH]1
451008,CCCCC(/C=C1/CC(CO)(COC(=O)c2ccc(C)cc2)OC1=O)CC
526646,Cc1nc(-c2cccc(Nc3ccnc4cc(-c5nccs5)ccc34)c2)no1.Cl
528517,O=C(NC1CCN(Cc2ccccc2)CC1)c1cc(-c2ccncc2)nc2ccc(Cl)cc12
524823,COc1cccc(Nc2nc(N)c3ccccc3n2)c1.Cl
525219,Cl.NC[C@H](CC1CCCCC1)NC(=O)c1ccc(-c2ccnc3[nH]ccc23)s1
524736,c1ccc(-c2ccc(-c3nc4ccccc4[nH]3)cc2)cc1
525000,O=C(Nc1cccc(-c2nn3ccccc3c2-c2ccnc(Nc3ccc(NCCCN4CCOCC4)c(F)c3)n2)c1)c1c(F)cccc1F
525592,CCC(C)NCC(O)(c1ccc(Cl)cc1)c1ccc(Cl)cc1
527357,Cc1ccc(N2C(=O)C3C(C2=O)C2(c4ccccc4)C(=O)C3(c3ccccc3)C(c3ccccc3)=C2c2ccccc2)cc1
584875,CCc1c(C)c(=N)c2ccccc2n1C.I
525675,Oc1cc(Nc2ccnc3cc(I)ccc23)c(F)cc1Cl
525676,Cc1ccc(C(=O)c2oc3ccc4c(C)cc(=O)oc4c3c2C)cc1
526587,CCC(O)c1ccc(Br)cc1NC(=O)c1cccc(Cl)c1
527675,COc1ccc(CN2CCCC(C(=O)c3ccc(C(F)(F)F)cc3)C2)c(O)c1
584686,COc1ccc2nc(C)cc(Nc3cccc(O)c3)c2c1.Cl
526968,COc1cc2cc(C(=O)Nc3ccccc3)c(N)nc2cc1OC
528289,COc1c(CN2CCCC2)cccc1-c1cc2c(-c3ccc(C(=O)O)c(C(C)C)c3)ccnc2[nH]1.O=C(O)C(F)(F)F
528477,COc1cccc(NC(=O)[C@H](C(C)C)n2c(=O)[nH]c3ccccc3c2=O)c1
585766,COC(=O)c1ccc(C2C3=C(O)CC(c4ccc(F)cc4)CC3=Nc3ccccc3N2C(=O)c2ccccc2)cc1
525985,Cc1csc(-c2ncc(OC[C@@H](N)Cc3ccccc3)cc2-c2ccc3[nH]nc(C)c3c2)c1.O=C(O)C(F)(F)F
526520,O=C(NCCN1CCC(c2ccncc2)CC1)c1ccc(Nc2nccc(Nc3ccc(Oc4ccccc4)cc3)n2)cc1
528141,Clc1ccc(-c2cnc3ccc(NCCc4cccnc4)nn23)cc1
528429,CCCCCCc1cc2cc(-c3csc(C=Cc4ccccc4)n3)c(=O)oc2cc1O
524938,O=C(NCC(c1ccc(C(F)(F)F)cc1)N1CCCC1)c1cc(-c2ccncc2)c(-c2cccc(O)c2)o1.O=C(O)C(F)(F)F
525612,CN(C)CCCNCc1ccc(-c2ccc(F)c(Cl)c2)o1.Cl
527836,CCn1c(-c2nonc2N)nc2c(-c3cccc(NC(=O)Nc4cccc(C#N)c4)c3)ncc(OCCCN)c21.O=C(O)C(F)(F)F
531154,CCn1c(-c2nonc2N)nc2c(-c3cccc(NC(=O)Nc4cccc(Cl)c4)c3)ncc(OCCCN)c21.O=C(O)C(F)(F)F
532092,CN1CCN(CCCNCc2cccc(Nc3nccc(Nc4ccc(Oc5ccccc5)cc4)n3)c2)CC1
532631,CC(C)(CNCc1ccc(Cl)cc1)c1nc(-c2ccc(Cl)c(O)c2)c(-c2ccncc2)[nH]1.Cl
533018,CCn1c(-c2nonc2N)nc2c(-c3ccccc3)ncc(OCCCCNCCc3ncc[nH]3)c21.O=C(O)C(F)(F)F
531307,CCOC(=O)c1cn(CC)c2cc(N(C)CCc3ccc(OC)c(OC)c3)c(F)cc2c1=O
531390,O=c1nc(C=Cc2ccc(Br)cc2)oc2ccccc12
531597,CC(C)(CNC(=O)[C@H]1CCCN1)c1nc(-c2ccc(Cl)c(O)c2)c(-c2ccncc2)[nH]1.Cl
532714,COc1ccc2nc(N)nc(C)c2c1
533319,CNC(=O)c1ccccc1Nc1nc(Nc2ccc(N3CCN(C)CC3)nc2)ncc1C.Cl
531582,COc1cccc(NC(=O)Cn2c(C)c(C#N)c3ccccc32)c1
531631,CCOc1ccc2nc3cc(NC(=O)c4ccco4)ccc3c(N)c2c1
532796,CCC(c1ccccc1)c1nn2c(-c3cccs3)nnc2s1
533104,CS(=O)(=O)Cc1ccc(Nc2nccc(N3CCCc4cc(NC(=O)Nc5cccc(C(F)(F)F)c5)ccc43)n2)cc1
534477,O=C(NCCCN1CCOCC1)c1cccc(Nc2nccc(Nc3ccc(Oc4ccccc4)cc3)n2)c1
531399,c1ccc(Oc2ccc(Nc3ccnc4cc(-c5ccc(CNCCN6CCOCC6)o5)ccc34)cc2)cc1
587417,O=C(CCl)NCCOc1ccc(Cl)cc1Cl
2833876,C[C@@H]1[C@@H](C)[C@H](C)O[C@@H](O[C@@H]2[C@@H](O)[C@H](OCCc3ccc(O)c(O)c3)O[C@H](CO[C@@H]3OC[C@](O)(CO)[C@H]3O)[C@H]2OC(=O)/C=C/c2ccc(O)c(O)c2)[C@@H]1C
532263,COc1ccc(-c2cnc3[nH]cc(-c4ccncc4)c3c2)cc1OC
532571,COCCNCc1cccc(-c2ccc3c(Nc4ccc(Oc5ccccc5)cc4)ccnc3c2)c1
81012,Cn1cc(C2=C(c3ccc(N)cc3)C(=O)NC2=O)c2ccccc21
532656,CS(=O)(=O)CCNCc1cccc(-c2ccc3c(Nc4ccc(Oc5cccnc5)cc4)ccnc3c2)c1
533042,CC(C)(CNCc1ccc(F)c(F)c1)c1nc(-c2ccnc(N)n2)c(-c2ccc(Cl)c(O)c2)[nH]1.Cl
533645,Cl.NCc1ccc(Nc2nccc(Nc3ccc(-c4ccccc4)cc3)n2)cc1
534415,CC(=O)c1ccc(NC(=O)CSc2nc(-c3ccccc3Cl)ns2)cc1
531025,CC(C)(C)c1ccc(O)c(CNC2CCCCC2)c1
532346,Oc1ccc(-c2nc(-c3ccc4oc5ccc(-c6[nH]c(-c7ccc(O)cc7)nc6-c6ccccc6)cc5c4c3)c(-c3ccccc3)[nH]2)cc1
532660,Cn1c(=O)c2cc(C(=O)NCCCN3CCCCCC3)sc2c2ccccc21
530415,CN1CCN(c2ccc(Nc3ncc(C#N)c(Nc4ccccc4C(N)=O)n3)cc2)CC1.Cl
530958,Cc1cc(F)ccc1-c1nc(Nc2ccncc2)c2ccn(C)c2n1
534775,COc1ccc(Nc2ncc(Cl)c(Nc3cccnc3C(N)=O)n2)cc1N1CCN(C)CC1.Cl
530721,O=C(NC1CCCCC1)C(c1cccs1)N(CCc1ccccc1)C(=O)c1ccco1
531038,CC(Oc1ccc(NC(=O)c2cccs2)cc1)C(=O)c1ccc(Cl)cc1
531919,Cc1[nH]c(-c2ccc(F)cc2)cc1C(=O)NC1CCN(Cc2ccccc2)CC1
532746,Cc1sc2ncnc(Sc3nc4ccccc4[nH]3)c2c1C
530725,COc1ccc(-c2cnc3ccc(NC4CCC(O)CC4)nn23)cn1
531772,CCN(CC)CCCOc1ccc(Nc2nccc(-c3c(-c4cccc(NC(=O)c5c(F)cccc5F)c4)nn4ccccc34)n2)cc1F
531822,CN(C)CCOc1ccc(-c2cc(-c3ccnc(N)n3)c(-c3ccc(Cl)c(O)c3)o2)cc1
533134,CN(C)CCNCc1nc(-c2ccc3c(Nc4ccc(Oc5ccccc5)cc4)ccnc3c2)cs1
533978,O=[N+]([O-])c1ccc(C=NNc2nc3ccccc3[nH]2)cc1
534203,CCn1c(-c2nc(-c3ccnc(N4CCN(C)CC4)c3)cnc2N)nc2cc(S(C)(=O)=O)ccc21
530352,O=C(Nc1c(F)cccc1F)c1cccc(-c2nn3ccccc3c2-c2ccnc(Nc3cccc(-c4cnco4)c3)n2)c1
530976,CCS(=O)(=O)c1ccc(OC)c(Nc2nccc(-c3c(-c4cccc(NC(=O)c5c(F)cccc5F)c4)nn4ncccc34)n2)c1
531350,CCOc1cc2c(cc1OCC)C(c1cc(OC)c(O)cc1Cl)NCC2
532070,CC1CN(C(=O)c2sc3ccccc3c2Cl)CC(C)O1
533588,NS(=O)(=O)c1cccc(Nc2nccc(-c3cnn4ncccc34)n2)c1
534366,CS(=O)(=O)CCNCc1cccc(-c2ccc3c(Nc4cc(O)c(Cl)cc4F)ccnc3c2)c1
530898,Cc1cc(Nc2nc(Nc3cccc(Cl)c3)nc3ccccc23)n[nH]1
530738,COc1ccc(CCN2CCC(CN(C)Cc3cnn(-c4ccccc4)c3)CC2)cc1
532301,Cn1cc(-c2ccnc3[nH]c(-c4cccc(CNC5CCC(O)CC5)c4)cc23)cn1.O=C(O)C(F)(F)F
534220,CCn1c(-c2nonc2N)nc2c(-c3cccc(NC(=O)Nc4cccc(C(F)(F)F)c4)c3)ncc(OCCCN)c21.O=C(O)C(F)(F)F
586907,CCCCCC(=O)N1c2ccccc2NC2=C(C(=O)CC(c3ccc(OC)c(OC)c3)C2)C1c1ccc(C(F)(F)F)cc1
535104,COc1ccc(C(=O)NC(c2ccc(Cl)cc2Cl)c2cc(Cl)c3cccnc3c2O)cc1
530986,C#CCNC(=O)c1ccc(-c2ccnc(Nc3cccc(CCCN4CCOCC4)c3)n2)s1
531065,CN1CCN(Cc2cccc(Nc3nccc(Nc4ccc(Oc5ccccc5)cc4)n3)c2)CC1
533918,O=C(Nc1cccc(-c2nn3ccccc3c2-c2ccnc(Nc3cccc(-c4cnco4)c3)n2)c1)C1CCCCC1
587495,CCOc1ccc(CN2CCN(CC(O)COc3ccc(OCC(O)CN4CCN(Cc5ccc(OCC)cc5)CC4)cc3)CC2)cc1
532698,O=C(NC(c1ccccc1)c1ccc2cccnc2c1O)c1ccccc1
532777,COCCNC(=O)c1ccc(OC2CCN(Cc3ccc(F)c(F)c3)CC2)c(Cl)c1
533691,Cc1ccc(Nc2nc3cc(Nc4ccnc(Nc5cccc(CS(C)(=O)=O)c5)n4)ccc3o2)cc1.O=C(O)C(F)(F)F
81386,COc1ccc2c(C3=C(c4cn(C)c5ccccc45)C(=O)NC3=O)cn(C)c2c1
534460,CCC(=O)Nc1nnc(Cc2ccc(OC)c(OC)c2)s1
530994,COc1ccc(-c2cnc3ccc(N4CCCC4)nn23)cc1OC.O=CO
533694,CN(C)c1ccc(C=Cc2nc(=O)c3ccccc3o2)cc1
535021,CCn1c(-c2nonc2N)nc2c(-c3cccc(Cl)c3)ncc(OCCCNCc3cnc(C)nc3N)c21.O=C(O)C(F)(F)F
587267,CCCCNc1nc(NC(C)(C)C)nc(NC(C)(C)C)n1
540147,O=C(O)C(=O)O.Oc1ccccc1CN1CCN(C(c2ccccc2)c2ccccc2)CC1
540791,Cl.c1ccc2c(NCCCCCCNc3c4c(nc5ccccc35)CCCC4)c3c(nc2c1)CCCC3
542240,CS(=O)(=O)Cc1ccc(Nc2ncc(Cl)c(Nc3cccnc3C(N)=O)n2)cc1.Cl
542398,CN(c1ccc2c(c1)nc(NCc1ccccc1)n2C)c1ccnc(Nc2ccc(CS(C)(=O)=O)cc2)n1.Cl
588740,COc1ccc(C2=C(c3ccc(OC)cc3)C3(c4ccccc4)C(=O)C2(c2ccccc2)C2C(=O)N(c4ccc(C)cc4)C(=O)C23)cc1
541540,CS(=O)(=O)Cc1ccc(Nc2nccc(-c3c(-c4cccc(C(=O)Nc5c(F)cccc5F)c4)nn4ccccc34)n2)cc1
541692,COc1ccc(CNC(=O)c2cc3c(=O)n4ccccc4nc3n(CCc3ccccc3)c2=N)cc1
549200,CCN(C)CCCCn1cnc2c(O)nc(Nc3ccccc3)nc21.Cl.Cl
542494,Cn1cccc1C(=O)Nc1cccc(-c2nn3ccccc3c2-c2ccnc(Nc3ccc4c(c3)OCCO4)n2)c1
542891,N#Cc1ccc(C(=O)Nc2cc(-c3cccc(O)c3)cc3[nH]ncc23)cc1
549204,Cl.Cl.OCCC1CCCCN1CCCCn1cnc2c(O)nc(Nc3ccccc3)nc21
549206,CN(C)CCCCn1cnc2c(O)nc(Nc3ccccc3)nc21.Cl.Cl
80942,Cn1cc(C2=C(c3c(Cl)ccc(Cl)c3Cl)C(=O)NC2=O)c2ccccc21
13048,CCN(CC)CCNC(=O)c1c(C)[nH]c(/C=C2\C(=O)Nc3ccc(F)cc32)c1C
541552,COc1cccc(Nc2nccc(-c3c(-c4cccc(NC(=O)c5c(F)cccc5F)c4)nn4ccccc34)n2)c1
542105,CCOC(=O)c1c(NC(=O)c2ccccc2)sc2c(O)c(CN(CC)CC)ccc12
549142,Cl.Cl.OCCN(CCO)CCCCn1cnc2c(O)nc(Nc3ccccc3)nc21
549606,Cc1ccc([N+](=O)[O-])cc1S(=O)(=O)N(C)/N=C/c1cnc2ccc(F)cn12.Cl
549608,CCOC(=O)c1ccc2ncc(/C=N/N(C)S(=O)(=O)c3cc([N+](=O)[O-])ccc3C)n2c1.Cl
540879,CCN(CC)CCNC(=O)c1ccc(N/C=C2\C(=O)Nc3ccc(S(=O)(=O)Cc4c(Cl)cccc4Cl)cc32)cc1
540952,Cl.N#CCc1ccc(Nc2nccc(Nc3ccc(Oc4ccccc4)cc3)n2)cc1
588059,CCOC(=O)C1=C(c2ccccc2)N=c2sc(=Cc3cc(C)n(-c4ccc(F)cc4)c3C)c(=O)n2C1c1cccc(OC)c1OC
542756,O=C(NC1CCCC1)c1ccc(N2CCC(NCc3cccc(C(F)(F)F)c3)CC2)cc1
541721,CCC1(C)CC(CCNCc2ccccc2O)(c2ccc(C)cc2)CCO1
540746,CC(C)(CNC(=O)C1CCN(Cc2ccc(Cl)cc2)CC1)c1nc(-c2ccc(Cl)c(O)c2)c(-c2ccncc2)[nH]1.Cl
541330,CCNC(=O)Nc1ccc(-c2cnc(N)c(-c3nc4ccc(OC)cc4[nH]3)c2)cc1
83189,CN1CCC(n2cc(C3=C(c4cn(C)c5ccccc45)C(=O)NC3=O)c3ccccc32)CC1
542914,CS(=O)(=O)Cc1cccc(Nc2ncc(Cl)c(Nc3cccnc3C(N)=O)n2)c1.Cl
549621,Cc1ccc([N+](=O)[O-])cc1S(=O)(=O)N(C)/N=C/c1cnc2ccc(Cl)cn12.Cl
540901,COc1ccc2nc(-c3cc(-c4ccc(NC(C)=O)cc4)cnc3N)[nH]c2c1
540974,CS(=O)(=O)Nc1cccc(-c2cnc3[nH]cc(-c4cccc(CN)c4)c3c2)c1
541897,NC(=O)c1ccccc1Nc1nc(Nc2cc[nH]n2)ncc1Cl
549550,Cc1ccc([N+](=O)[O-])cc1S(=O)(=O)n1ccc(-c2cnc3ccc(Cl)cn23)c1.Cl
549551,Cl.O=[N+]([O-])c1ccc(CO)c([S+]([O-])c2nc(-c3cnc4ccc(Cl)cn34)cs2)c1
541446,COc1cc(OC)cc(C(=O)Nc2ccc(-c3nc4ccccc4[nH]3)cc2)c1
542054,CCOc1cc(Br)c(C(C)NC(=O)c2cccc(OC)c2)cc1OCC
540915,CS(=O)(=O)Nc1cccc(-c2cnc3[nH]cc(-c4ccc(CN)cc4)c3c2)c1
81808,Cc1c(C2=C(c3cn(C)c4ccccc34)C(=O)NC2=O)c2ccccc2n1C
549109,Cl.Cl.Oc1nc(Nc2ccccc2)nc2c1ncn2CCCCN1CCC(O)CC1
540845,CC(C)=CCN1CCC(C(=O)Nc2ccc(-c3nc4ccccc4[nH]3)cc2)CC1
541529,CCN(CC)CCn1c(=N)n(CC(O)c2ccc(Cl)c(Cl)c2)c2ccccc21.Cl
549115,Cl.Cl.Oc1nc(Nc2ccccc2)nc2c1ncn2CCCCN1CCCC(O)C1
81680,Cn1cc(C2=C(c3cccs3)C(=O)NC2=O)c2ccccc21
540140,CNCC(C)(C)c1nc(-c2ccc(Cl)c(O)c2)c(-c2ccncc2)[nH]1.Cl
540289,CCOc1cc(Cl)c(C(C)NC(=O)c2cccc(OC)c2)cc1OCC
542796,CN1CCN(Cc2cccc(-c3ccc4c(Nc5cc(O)c(Cl)cc5F)ccnc4c3)c2)CC1
549120,Cl.Cl.Oc1nc(Nc2ccccc2)nc2c1ncn2CCCCN1CCC(O)(c2ccc(Cl)c(C(F)(F)F)c2)CC1
542003,Brc1ccc(Nc2nc3ccccc3nc2Nc2ccc(Br)cc2)cc1
550104,COCc1cc(O)c(O)c(O)c1-c1c(COC)cc(O)c(O)c1O.Cl
552891,Cl.Cl.Oc1nc(Nc2ccccc2)nc2c1ncn2CCCCN1CCCCC1
564071,COc1cccc(-c2cnc(N)nc2-c2cn(C)c3ccccc23)c1
552895,Cl.Cl.Oc1nc(Nc2ccccc2)nc2c1ncn2CCCCN1CCCCC1c1ccccc1
553504,Cl.Oc1cccc(-c2nc(N3CCOCC3)c3oc4ncccc4c3n2)c1
79856,Oc1[nH]c(Nc2ccc(Br)cc2)nc2ncnc1-2
81441,Cn1cc(C2=C(c3c[nH]c4ccccc34)C(=O)NC2=O)c2ccccc21
552989,COC1CCCN(CCCCn2cnc3c(O)nc(Nc4ccccc4)nc32)C1.Cl.Cl
282566,CN(C)c1ccc(-c2cc(-c3cccc(O)c3)c3c(N)ncnc3n2)cc1
550544,CN1C[C@@H]2Cn3c(c(C4=C(c5cn(C)c6ccccc56)C(=O)NC4=O)c4ccccc43)C[C@H]2C1.Cl
81654,Cn1cc(C2=C(c3ccc(Cl)cc3)C(=O)NC2=O)c2ccccc21
80379,Oc1ccc(Nc2nc(O)c3[nH]cnc3n2)cc1
81567,Cc1cccc2c1c(C1=C(c3cn(C)c4ccccc34)C(=O)NC1=O)cn2C
2834074,COc1cc2nccc(Oc3ccc(NC(=O)Nc4ccccc4F)c(F)c3)c2cc1OC
564352,CC(=O)Nc1nc2[nH]nc(NC(C)=O)c2cc1C#N
2835154,O=C(Nc1ccc(F)cc1F)Nc1ccc(Oc2ccnc3[nH]ccc23)cc1F
2835487,COc1cc2nccc(Oc3ccc(NC(=O)Nc4cccc(Br)c4)c(F)c3)c2cc1OC
2835503,CN1CCN(C(=O)c2cccc(NC(=O)Nc3ccc(N(C)c4ccnc(Nc5ccc(CS(C)(=O)=O)cc5)n4)cc3)c2)CC1
81279,Cc1cccc(C2=C(c3cn(C)c4ccccc34)C(=O)NC2=O)c1C
2836263,COc1cc2nccc(Oc3ccc(NC(=O)Nc4cccc(C#N)c4)c(F)c3)c2cc1OC
2836324,Cc1cc(Nc2ncc3ccc(-c4cnc5c(c4C)NCCO5)cc3n2)ccc1NC(=O)CN1CCC1
2836417,C[C@@H]1COCCN1c1cc(N2CCOC[C@@H]2C)nc2[nH]c(-c3cc[nH]n3)cc12
2837065,COc1cc2nccc(Oc3ccc(NC(=O)Nc4cccc(OC(C)C)c4)c(F)c3)c2cc1OC
2837617,NCCCNC(=O)NC[C@H]1O[C@@H](n2c(C#CCN(CC(=O)O)C[C@H]3O[C@@H](n4cnc5c(N)ncnc54)[C@H](O)[C@@H]3O)nc3c(N)ncnc32)[C@H](O)[C@@H]1O
2838096,COc1cc2nccc(Oc3ccc(NC(=O)Nc4ccc(C=C5CCNCC5)cc4)c(F)c3)c2cc1OC
2838315,COc1cc2nccc(Oc3ccc(NC(=O)Nc4cccc(C(F)(F)F)c4)c(F)c3)c2cc1OC
2838494,COc1cc2nccc(Oc3ccc(NC(=O)Nc4ccc(N5CCN(C)CC5)cc4)c(F)c3)c2cc1OC
2838569,COc1cc2nccc(Oc3ccc(NC(=O)Nc4cc(C(=O)N5CCN(C)CC5)cc(C(F)(F)F)c4)c(F)c3)c2cc1OC
2838916,O=C(Nc1ccc(F)cc1F)Nc1ccc(Oc2ccnc3cc4c(cc23)OCCO4)cc1F
2839152,Cc1cnc(Nc2ccc(CCNC(=O)/C=C/CN(C)C)cc2)nc1-c1cnn(C(C)C)c1
2839292,COc1cc2nccc(Oc3ccc(NC(=O)Nc4ccc(OC5CCN(C)CC5)cc4)c(F)c3)c2cc1OC
81536,Cn1cc(C2=C(c3cn(C)c4c([N+](=O)[O-])cccc34)C(=O)NC2=O)c2ccccc21
2839745,COc1cc2nccc(Oc3ccc(NC(C)=O)c(F)c3)c2cc1OC
2840535,NCCS(=O)(=O)NC[C@H]1O[C@@H](n2c(C#CCOC[C@H]3O[C@@H](n4cnc5c(N)ncnc54)[C@H](O)[C@@H]3O)nc3c(N)ncnc32)[C@H](O)[C@@H]1O
83753,CCCCCCCCCC(O)(P(=O)(O)O)P(=O)(O)O
2840751,COc1cc2nccc(Oc3ccc(NC(=O)Nc4ccc(CN5CCCC5)c(OC(F)(F)F)c4)c(F)c3)c2cc1OC
2840847,CCN(CC)Cc1ccc(NC(=O)Nc2ccc(Oc3ccnc4cc(OC)c(OC)cc34)cc2F)cc1
2840995,Nc1ncnc2c1ncn2[C@@H]1O[C@H](CN2CC#Cc3nc4c(N)ncnc4n3[C@@H]3O[C@H](CNC(=O)CNC(=O)C2)[C@@H](O)[C@H]3O)[C@@H](O)[C@H]1O
2841026,C[C@@H]1COCCN1c1nc(N2CCOC[C@@H]2C)cc2sc(-c3cc[nH]n3)nc12
2841213,Nc1ncnc2c1ncn2[C@@H]1O[C@H](CN2CC#Cc3nc4c(N)ncnc4n3[C@@H]3O[C@H](CNC(=O)NCCCNC(=O)C2)[C@@H](O)[C@H]3O)[C@@H](O)[C@H]1O
2842487,COc1cc2nccc(Oc3ccc(NC(=O)Nc4ccc(CC5CCNCC5)c(C(F)(F)F)c4)c(F)c3)c2cc1OC
2842838,C[C@@H]1COCCN1c1cc(C2(C#N)CCOCC2)nc2sc(-c3cc[nH]n3)nc12
82092,Cn1cc(C2=C(c3cccc([N+](=O)[O-])c3)C(=O)NC2=O)c2ccccc21
2842976,CC(C)c1cc(N2CCOC[C@H]2C)c2nc(-c3cc[nH]n3)sc2n1
2842997,O=C(Nc1cnccc1-c1ccc(F)cc1)c1ccnc(Nc2ccc(F)cc2)n1
2843451,Cc1cnc(Nc2ccc(CNC(=O)/C=C/C(=O)c3ccccc3)cc2)nc1-c1cnn(C(C)C)c1
2843612,C[C@@H]1COCCN1c1cc(C2(C#N)CC2)nc2sc(-c3cc[nH]n3)nc12
2844410,COc1cc2nccc(Oc3ccc(NC(=O)Nc4ccc(CN5CCCC5)cc4)c(F)c3)c2cc1OC
2844477,COc1cc2nccc(Oc3ccc(NC(=O)Nc4ccc(OC5CCN(C)CC5)c(C(F)(F)F)c4)c(F)c3)c2cc1OC
94537,Cc1ccccc1CSc1ncnc2c1ncn2[C@@H]1O[C@H](CO)[C@@H](O)[C@H]1O
2845141,C=CS(=O)(=O)NCCc1ccc(Nc2ncc(C)c(-c3cnn(C(C)C)c3)n2)cc1
2845287,COc1cc2nccc(Oc3ccc(NC(=O)Nc4ccc(N(C)C5CCN(C)CC5)c(C(F)(F)F)c4)c(F)c3)c2cc1OC
2845439,NCCN(CC#Cc1nc2c(N)ncnc2n1[C@@H]1O[C@H](CNC(=O)CC(=O)O)[C@@H](O)[C@H]1O)C[C@H]1O[C@@H](n2cnc3c(N)ncnc32)[C@H](O)[C@@H]1O
2845635,COc1cc2nccc(Oc3ccc(NC(=O)Nc4ccc(N(C)C5CCN(C)CC5)cc4)c(F)c3)c2cc1OC
2845858,COc1cc2nccc(Oc3ccc(NC(=O)Nc4ccc(N(C)C5CCN(C)CC5)c(OC(F)(F)F)c4)c(F)c3)c2cc1OC
2847228,CCN(CC)Cc1ccc(NC(=O)Nc2ccc(Oc3ccnc4cc(OC)c(OC)cc34)cc2F)cc1C(F)(F)F
2847493,C[C@@H]1COCCN1c1cc(-c2cncnc2)nc2sc(-c3cc[nH]n3)nc12
2847919,COc1cc2nccc(Oc3ccc(NC(=O)Nc4ccc(OC5CCN(C)CC5)c(OC(F)(F)F)c4)c(F)c3)c2cc1OC
2848478,C[C@@H]1COCCN1c1cc(N2CCOC[C@@H]2C)cc2sc(-c3cc[nH]n3)nc12
2848707,CCCS(=O)(=O)NCc1ccc(Nc2ncc(C)c(-c3cnn(C(C)C)c3)n2)cc1
2848764,COc1cc2nccc(Oc3ccc(NC(=O)Nc4ccc(CN5CCOCC5)cc4)c(F)c3)c2cc1OC
2848835,C[C@@H]1COCCN1c1cc(N2CCOC[C@@H]2C)nc2sc(-c3cc(O)ccc3F)nc12
2849162,Cc1cnc(Nc2ccc(CNC(=O)C3CC3)cc2)nc1-c1cnn(C(C)C)c1
2850175,OC[C@H]1O[C@@H](n2ccc3c(-c4cccc5c4oc4ccccc45)nc(F)nc32)[C@H](O)[C@@H]1O
2850272,CCOC(=O)C1=C(C)NC(=O)NC1c1ccccc1OCc1cn(CC(=O)c2ccc(Cl)cc2)nn1
2850569,C[C@@H]1COCCN1c1cc(N2CCOC[C@@H]2C)nc2sc(-c3cscn3)nc12
553042,CCN(CC)CCCCn1cnc2c(O)nc(Nc3ccccc3)nc21.Cl.Cl
553199,Cc1ccc([N+](=O)[O-])cc1S(=O)(=O)c1nc(-c2cnc3ccc(Cl)cn23)cs1.Cl
503352,O=C1NC[C@@H](c2c[nH]c3cc(Br)ccc23)N[C@H]1c1c[nH]c2cc(Br)ccc12
147075,c1ccc(-c2cc(-c3ccncc3)c(-c3ccoc3)[nH]2)cc1
2852315,Nc1ncnc2c1ncn2[C@@H]1O[C@H](CN2CC#Cc3nc4c(N)ncnc4n3[C@@H]3O[C@H](CNC(=O)NCCNC(=O)C2)[C@@H](O)[C@H]3O)[C@@H](O)[C@H]1O
2853485,C[C@@H]1COCCN1c1cc(N2CCOC[C@@H]2C)nc2sc(-c3ccccn3)nc12
2853645,C[C@@H]1COCCN1c1nc(N2CCOC[C@@H]2C)cc2[nH]c(-c3cc[nH]n3)nc12
2854071,COc1cc2nccc(Oc3ccc(NC(=O)Nc4cc(C(F)(F)F)ccc4F)c(F)c3)c2cc1OC
553482,Cl.Cn1cc(C2=C(c3ccc4cc5n(c4c3)CCC(CN)C5)C(=O)NC2=O)c2ccccc21
2854531,COc1cc2nccc(Oc3ccc(NC(=O)Nc4ccc(CN5CCN(C)CC5)c(C(F)(F)F)c4)c(F)c3)c2cc1OC
2854712,COc1cc2nccc(Oc3ccc(NC(=O)Nc4ccc(C=C5CCNCC5)c(OC(F)(F)F)c4)c(F)c3)c2cc1OC
2854747,COc1cc2nccc(Oc3ccc(NC(=O)Nc4ccc(CN5CCN(C)CC5)cc4)c(F)c3)c2cc1OC
2855625,COCCOc1cc2nccc(Oc3ccc(NC(=O)Nc4ccc(F)cc4F)c(F)c3)c2cc1OCCOC
2855803,Cc1cnc(Nc2ccc(CNC(=O)CCCN(C)C)cc2)nc1-c1cnn(C(C)C)c1
2856072,O=C(Nc1ccc(F)cc1F)Nc1ccc(Oc2ccnc3sccc23)cc1F
2856237,COc1cc2nccc(Oc3ccc(NC(=O)Nc4ccc(NC5CCN(C)CC5)cc4)c(F)c3)c2cc1OC
2856578,Cc1nc(Nc2ncc(C(=O)Nc3c(C)cccc3Cl)s2)cc(N2CCN(CCO)CC2)n1.O
553210,Cc1ccc([N+](=O)[O-])cc1S(=O)(=O)N(C)/N=C/c1cnc2ccc(C(F)(F)F)cn12.Cl
553212,Cl.Oc1cccc(-c2nc(N3CCOCC3)c3sccc3n2)c1
2856944,NCCNC(=O)NC[C@H]1O[C@@H](n2c(C#CCN(CC(=O)O)C[C@H]3O[C@@H](n4cnc5c(N)ncnc54)[C@H](O)[C@@H]3O)nc3c(N)ncnc32)[C@H](O)[C@@H]1O
2857082,Cc1cnc(Nc2ccc(CNC(=O)CCCl)cc2)nc1-c1cnn(C(C)C)c1
2857114,Cc1cnc(Nc2ccc(CCNC(=O)CCCN(C)C)cc2)nc1-c1cnn(C(C)C)c1
2857201,COc1cc2nccc(Oc3ccc(NC(=O)Nc4ccc(CN5CCCCC5)c(C(F)(F)F)c4)c(F)c3)c2cc1OC
2857836,COc1cc2nccc(Oc3ccc(NC(=O)Nc4ccc(CC5CCNCC5)cc4)c(F)c3)c2cc1OC
2857931,O=C(Nc1ccc(F)cc1F)Nc1ccc(Oc2ccnc3ccccc23)cc1F
2858449,Cc1cnc(Nc2ccc(CCNC(=O)CCl)cc2)nc1-c1cnn(C(C)C)c1
2859130,COc1cc2nccc(Oc3ccc(NC(=O)Nc4cc(CN5CCN(C)CC5)cc(C(F)(F)F)c4)c(F)c3)c2cc1OC
2859180,Nc1ncnc2c1ncn2[C@@H]1O[C@H](CN2CC#Cc3nc4c(N)ncnc4n3[C@@H]3O[C@H](CNC(=O)CCNC(=O)C2)[C@@H](O)[C@H]3O)[C@@H](O)[C@H]1O
2859820,N#Cc1ccc(Nc2nccc(C(=O)Nc3cnccc3-c3ccc(F)cc3)n2)cc1
2859899,COc1cc2nccc(Oc3ccc(NC(=O)Nc4cccc(C)c4)c(F)c3)c2cc1OC
2860146,Cc1cnc(Nc2ccc(CNS(=O)(=O)C3CC3)cc2)nc1-c1cnn(C(C)C)c1
2860376,COc1cc2nccc(Oc3ccc(NC(=O)Nc4cccc(C(=O)N5CCN(C)CC5)c4)c(F)c3)c2cc1OC
2860567,COc1cc2nccc(Oc3cc(C(=O)Nc4ccc(CN5CCN(C)CC5)c(C(F)(F)F)c4)ccc3C)c2cc1OC
2861050,COc1cc2nccc(Oc3ccc(NC(=O)Nc4ccc(CN5CCCCC5)cc4)c(F)c3)c2cc1OC
81010,Cc1cccc(C2=C(c3cn(C)c4ccccc34)C(=O)NC2=O)c1
2861403,O=C(Nc1ccc(F)cc1F)Nc1ccc(Oc2ccncc2)cc1F
2861663,COc1cc2nccc(Oc3ccc(NC(=O)Nc4ccc(CN5CCCCC5)c(OC(F)(F)F)c4)c(F)c3)c2cc1OC
2861926,C[C@@H]1COCCN1c1cc(N2CCOC[C@@H]2C)nc2sc(-c3nccs3)nc12
2862784,CNc1cc(Nc2cccn(-c3ccccn3)c2=O)nc2c(C(=O)N[C@H]3CC[C@@H]3OC)cnn12
2863106,C=CS(=O)(=O)NCc1ccc(Nc2ncc(C)c(-c3cnn(C(C)C)c3)n2)cc1
2863345,O=C(Nc1ccc(F)cc1F)Nc1ccc(Oc2ccnc3ccsc23)cc1F
2863856,O=C(Nc1ccc(F)cc1F)Nc1ccc(Oc2ccnc3cc(Cl)ccc23)cc1F
2864266,CCS(=O)(=O)NCc1ccc(Nc2ncc(C)c(-c3cnn(C(C)C)c3)n2)cc1
2865254,COc1cc2nccc(Oc3ccc(NC(=O)Nc4cccc(CN5CCN(C)CC5)c4)c(F)c3)c2cc1OC
2866668,COc1cc2nccc(Oc3ccc(NC(=O)Nc4ccc(C(=O)N5CCN(C)CC5)c(C(F)(F)F)c4)c(F)c3)c2cc1OC
2866821,COc1cc2nccc(Oc3ccc(NC(=O)Nc4cccc(Cl)c4)c(F)c3)c2cc1OC
2867552,COc1cccc(NC(=O)Nc2ccc(Oc3ccnc4cc(OC)c(OC)cc34)cc2F)c1
2868151,OC[C@H]1O[C@@H](n2ccc3c(-c4cc5ccccc5o4)nc(F)nc32)[C@H](O)[C@@H]1O
2868806,COc1cc2nccc(Oc3ccc(NC(=O)Nc4ccc(CN5CCCC5)c(C(F)(F)F)c4)c(F)c3)c2cc1OC
2869331,CCN(CC)Cc1ccc(NC(=O)Nc2ccc(Oc3ccnc4cc(OC)c(OC)cc34)cc2F)cc1OC(F)(F)F
2869856,CCCCS(=O)(=O)NCc1ccc(Nc2ncc(C)c(-c3cnn(C(C)C)c3)n2)cc1
2869967,Cc1cnc(Nc2ccc(CCNC(=O)CCCl)cc2)nc1-c1cnn(C(C)C)c1
2870086,Cc1cn([C@H]2C[C@H](NC(=O)N[C@H]3C[C@H](c4[nH]c(=O)[nH]c(=O)c4C)O[C@@H]3O)[C@@H](CO)O2)c(=O)[nH]c1=O
2870910,COc1cc2nccc(Oc3ccc(NC(=O)Nc4ccc(C(=O)N5CCN(C)CC5)cc4)c(F)c3)c2cc1OC
2871172,C[C@@H]1COCCN1c1cc(N2C3CCC2COC3)nc2[nH]c(-c3ccccn3)nc12
2871205,O=C(Nc1ccc(F)cc1F)Nc1ccc(Oc2ncnc3ccsc23)cc1F
2871440,COc1cc2nccc(Oc3ccc(NC(=O)Nc4ccc(F)cc4)c(F)c3)c2cc1OC
2871715,COc1cc2nccc(Oc3ccc(NC(N)=O)c(F)c3)c2cc1OC
2871973,C[C@@H]1COCCN1c1cc(N2CCOC[C@@H]2C)nc2[nH]c(-c3cc[nH]n3)nc12
2872645,O=C(Nc1ccc(F)cc1F)Nc1ccc(Oc2ccnc3cc4c(cc23)OCO4)cc1F
2872794,C=CC(=O)NCc1ccc(Nc2ncc(C)c(-c3cnn(C(C)C)c3)n2)cc1
2873101,COc1ccc2nccc(Oc3ccc(NC(=O)Nc4ccc(F)cc4F)c(F)c3)c2c1
2873302,Nc1ncnc2c1ncn2[C@@H]1O[C@H](CN2CC#Cc3nc4c(N)ncnc4n3[C@@H]3O[C@H](CNC(=O)CC(=O)NCC2)[C@@H](O)[C@H]3O)[C@@H](O)[C@H]1O
2873406,COc1cc2nccc(Oc3ccc(NC(=O)Nc4cccc(OC(F)F)c4)c(F)c3)c2cc1OC
2873877,COc1ccc2c(Oc3ccc(NC(=O)Nc4ccc(F)cc4F)c(F)c3)ccnc2c1
2875298,COc1cc2nccc(Oc3ccc(NC(=O)Nc4cccc(C(C)(C)C)c4)c(F)c3)c2cc1OC
2875410,COc1cc2ncnc(Oc3ccc(NC(=O)Nc4ccc(F)cc4F)c(F)c3)c2cc1OC
2875588,Nc1ncnc2c1ncn2[C@@H]1O[C@H](CN2CC#Cc3nc4c(N)ncnc4n3[C@@H]3O[C@H](CNS(=O)(=O)CCNC(=O)C2)[C@@H](O)[C@H]3O)[C@@H](O)[C@H]1O
2876053,COc1cc2nccc(Oc3ccc(NC(=O)Nc4cccc(C(C)C)c4)c(F)c3)c2cc1OC
2877056,C=C(C)[C@@H]1CCC(C)=C[C@H]1c1c(O)cc(C(C)n2nccn2)cc1O
2877070,Cc1cnc(Nc2ccc(CNC(=O)/C=C/CN(C)C)cc2)nc1-c1cnn(C(C)C)c1
82091,Cn1cc(C2=C(c3cn(C)c4cc(C(=O)O)ccc34)C(=O)NC2=O)c2ccccc21
2877434,CCOc1cc(N2CCOCC2)ccc1Nc1ncc(F)c(Nc2ccccc2NS(C)(=O)=O)n1
2877952,Cc1cnc(Nc2ccc(CCNC(=O)/C=C/C(=O)c3ccccc3)cc2)nc1-c1cnn(C(C)C)c1
2878004,NCCC(=O)NC[C@H]1O[C@@H](n2c(C#CCN(CC(=O)O)C[C@H]3O[C@@H](n4cnc5c(N)ncnc54)[C@H](O)[C@@H]3O)nc3c(N)ncnc32)[C@H](O)[C@@H]1O
2878296,COc1cc2nccc(Oc3ccc(NC(=O)Nc4cccc(OC(F)(F)F)c4)c(F)c3)c2cc1OC
83354,CCN1CCC(n2cc(C3=C(c4cn(C)c5ccccc45)C(=O)NC3=O)c3ccccc32)CC1
2878912,COc1cc2nccc(Oc3ccc(NC(=O)Nc4ccc(C=C5CCNCC5)c(C(F)(F)F)c4)c(F)c3)c2cc1OC
81843,Cn1cc(C2=C(c3cn(C)c4ccc(OCc5ccccc5)cc34)C(=O)NC2=O)c2ccccc21
81833,Cn1cc(C2=C(c3cc[nH]c3)C(=O)NC2=O)c2ccccc21
2879948,COc1cc2nccc(Oc3ccc(NC(=O)Nc4ccccc4)c(F)c3)c2cc1OC
2881008,Cc1cc(Nc2nc(-c3ccccc3)ncc2Cl)c(OC(C)C)cc1C1CCNCC1
2881017,COc1cc2nccc(Oc3ccc(NC(=O)Nc4ccc(CC5CCNCC5)c(OC(F)(F)F)c4)c(F)c3)c2cc1OC
2881086,NCCS(=O)(=O)NC[C@H]1O[C@@H](n2c(C#CCN(CC(=O)O)C[C@H]3O[C@@H](n4cnc5c(N)ncnc54)[C@H](O)[C@@H]3O)nc3c(N)ncnc32)[C@H](O)[C@@H]1O
2881132,Cc1cnc(Nc2ccc(CNC(=O)CCl)cc2)nc1-c1cnn(C(C)C)c1
81834,Cn1cc(C2=C(c3ccccc3)C(=O)NC2=O)c2ccccc21
81845,Cn1cc(C2=C(c3cc4ccccc4n3C)C(=O)NC2=O)c2ccccc21
81849,Cn1cc(C2=C(c3cn(Cc4ccccc4)c4ccccc34)C(=O)NC2=O)c2ccccc21
81947,Cn1cc(C2=C(c3cccc(N)c3)C(=O)NC2=O)c2ccccc21
536523,O=C(CCc1ccco1)NC1CCN(CC2(c3ccc(Cl)cc3)CCC2)CC1
537060,CC(C)(CNCCOc1ccc(Cl)cc1)c1nc(-c2ccnc(N)n2)c(-c2ccc(Cl)c(O)c2)[nH]1.Cl
538396,O=C(Nc1ccccc1)Nc1cccc(-c2nn3c(OCCN4CCCC4)cccc3c2-c2ccncc2)c1
536554,CN(C)CCNCc1ccc(-c2ccc3c(Nc4ccc(Cl)cc4F)ccnc3c2)o1
81823,Cn1cc(C2=C(c3csc4ccccc34)C(=O)NC2=O)c2ccccc21
537221,CNC(=O)c1ccccc1Nc1nc(Nc2cccc(CS(C)(=O)=O)c2)ncc1C.O=CO
537927,OC(CNC1CCCCC1)Cn1c2ccccc2c2ccccc21
538082,Cc1cc(Nc2ccc(C)c(Cl)c2)n2nc(C(F)(F)F)nc2n1
535362,O=C(NCCN1CCCCC1)c1ccc(Nc2nccc(Nc3ccc(Oc4ccccc4)cc3)n2)cc1
536739,CC(C)(CNCc1ccc(F)c(F)c1)c1nc(-c2ccc(Cl)c(O)c2)c(-c2ccncc2)[nH]1.Cl
537540,Cc1nnc(-c2cccc(Nc3ccnc4cc(-c5nccs5)ccc34)c2)o1.Cl
535281,N=C(N)c1ccc(Nc2nccc(Nc3nc(-c4ccccc4)cs3)n2)cc1.O=C(O)C(F)(F)F
535763,CC(=O)Nc1ccc(Nc2ncc([N+](=O)[O-])c(Nc3ccccc3C(N)=O)n2)cc1.Cl
536458,COc1ccc(-c2cnn3ccc(Nc4cc(OC)c(OC)c(OC)c4)nc23)cc1OC
536746,CN1CCN(c2ccc(Nc3ncc(Cl)c(Nc4cccnc4C(N)=O)n3)cc2)CC1.Cl
536861,O=C(NCCCN1CCC(N2CCCCC2)CC1)C1=Cc2cc(Br)ccc2OC1
535289,CS(=O)(=O)Cc1ccc(Nc2nccc(-c3c(-c4cccc(NC(=O)c5c(F)cccc5F)c4)nn4ccccc34)n2)cc1
82172,CC(=O)Nc1ccc2c(C3=C(c4cn(C)c5ccccc45)C(=O)NC3=O)cn(C)c2c1
538096,O=C(NC1CCN(Cc2ccccc2)CC1)c1cc(C(=O)NC2CCN(Cc3ccccc3)CC2)cc(C(=O)NC2CCN(Cc3ccccc3)CC2)c1
539239,CN1CCN(Cc2ccc(-c3ccc4c(Nc5ccc(Cl)cc5F)ccnc4c3)o2)CC1
536571,Cl.c1ccc(Oc2ccc(Nc3ccnc(Nc4ccc(OCCN5CCCCC5)cc4)n3)cc2)cc1
536754,Oc1cccc(-c2cnc3ccc(NCc4ccc(F)cc4)nn23)c1
536810,CNC(=O)c1ccccc1Nc1nc(Nc2ccc(N3CCOCC3)cc2)ncc1Cl.Cl
537635,COc1cccc(C=Cc2nc(=O)c3ccccc3o2)c1OC
81817,Cn1cc(C2=C(c3cn(-c4ccccc4)c4ccccc34)C(=O)NC2=O)c2ccccc21
536943,CC(C)(CN)c1cc(-c2ccc(Cl)c(O)c2)c(-c2ccncc2)o1.Cl
537402,FC(F)(F)c1cccc(Nc2nc(-c3ccccc3)nc3ncccc23)c1
539100,Cc1ccnc(NC(c2cccc(OCc3ccccc3)c2)c2ccc3cccnc3c2O)c1
539104,CCN1CCN(c2cc(C)c3cc(NC(=O)c4ccc(OC)c(OC)c4)ccc3n2)CC1
536000,CCn1c(-c2nonc2N)nc2c(-c3cccc(Cl)c3)ncc(OCCCNCCc3c[nH]cn3)c21.O=C(O)C(F)(F)F
536151,CN(c1ccc(NC(=O)Nc2cc(C(F)(F)F)ccc2F)cc1)c1ccnc(NCCN2CCOCC2)n1.O=C(O)C(F)(F)F
81842,CSc1ccc2c(c1)c(C1=C(c3cn(C)c4ccccc34)C(=O)NC1=O)cn2C
537718,O=C(NCCN1CCCC1)c1cccc(Nc2nccc(Nc3ccc(Oc4ccccc4)cc3)n2)c1
538194,COc1ccc(CCn2c(=N)c(C(=O)NCc3cccnc3)cc3c(=O)n4cccc(C)c4nc32)cc1
538808,CCn1c(-c2nonc2N)nc2c(-c3ccc(CO)o3)ncc(OCCCN)c21.O=C(O)C(F)(F)F
538956,CCCN(CCC)CC(O)COc1ccccc1C(=O)Nc1ccccc1
539180,Fc1ccc2[nH]c3c(NCCCN4CCOCC4)ncnc3c2c1
537172,CN(C)CC(O)COc1ccc(Nc2ncc([N+](=O)[O-])c(Nc3ccccc3O)n2)cc1.O=C(O)C(F)(F)F
537256,CC(=O)Nc1nnc(SCc2c(C)cc(C(C)(C)C)cc2C)s1
537804,CCn1c(-c2nonc2N)nc2c(-c3cccc(NC(=O)Nc4ccccc4Cl)c3)ncc(OCCCN)c21.O=C(O)C(F)(F)F
539726,CC(C)(CNCc1ccc(C(F)(F)F)cc1)c1nc(-c2ccnc(N)n2)c(-c2ccc(Cl)c(O)c2)[nH]1.Cl
535316,O=C(Nc1cccc(-c2nn3ccccc3c2-c2ccnc(Nc3ccc(-c4cc[nH]n4)cc3)n2)c1)c1c(F)cccc1F
536162,O=C(NCCCN1CCCCC1)c1cccc(Nc2nccc(Nc3ccc(Oc4ccccc4)cc3)n2)c1
536723,COCCNCc1cccc(-c2ccc3c(Nc4cc(O)c(Cl)cc4F)ccnc3c2)c1
537100,Cc1ccc(Cl)cc1N1CCN(CCCNC(=O)C2CCN(c3nc4ccccc4[nH]3)CC2)CC1
538507,CNC(=O)c1ccccc1Nc1nc(Nc2ccc(CCN3CCN(C)CC3)cc2)ncc1Cl.Cl
81815,COc1ccc2c(c1)c(C1=C(c3cn(C)c4ccccc34)C(=O)NC1=O)cn2C
539909,CN(C)CCNCc1ccc(-c2ccc3c(Nc4ccc(Oc5ccccc5)cc4)ccnc3c2)o1
536834,Cn1nc(-c2ccc(NC(=O)Nc3ccc4ccccc4c3)c(F)c2)c2cnc(NCCN3CCOCC3)nc21.O=C(O)C(F)(F)F
537654,NCCNC(=O)c1ccc(-c2cnc3[nH]cc(-c4ccc(C(N)=O)cc4)c3c2)cc1
538049,NS(=O)(=O)c1cccc(N/C=C2\C(=O)Nc3ccc(S(=O)(=O)Cc4c(Cl)cccc4Cl)cc32)c1
538593,CN1CCN(CCCNCc2ccc(Nc3nccc(Nc4ccc(Oc5ccccc5)cc4)n3)cc2)CC1
539123,CC(C)(CNCc1ccc(Cl)c(Cl)c1)c1nc(-c2ccc(Cl)c(O)c2)c(-c2ccncc2)[nH]1.Cl
535942,Nc1ccc(-c2nc3cc(Cc4ccc5[nH]c(-c6ccc(N)cc6)nc5c4)ccc3[nH]2)cc1
537901,O=C(Nc1cccc(-c2nn3ccccc3c2-c2ccnc(Nc3ccc(C(=O)N4CCOCC4)cc3)n2)c1)c1c(F)cccc1F
538975,CC(=O)c1sc(NC(=O)Nc2ccc(C)cc2C)nc1C
539051,COc1ccc(-c2cn3c(C(=O)Nc4ccccc4Cl)c(-c4ccccc4)c4c3n2CCCC4)cc1
539738,CCCCOC(=O)c1ccc(Nc2cc(C)nc3ccc(OC)cc23)cc1
535244,COc1ccc(C(=O)Nc2nonc2-c2ccc(OC)c(OC)c2)cc1Cl
537114,Cl.Cn1c(=O)n(C)c2cc(CNCCNc3ccnc4cc(Cl)ccc34)ccc21
535731,CN(c1ccc(NC(=O)Nc2cccc(Cl)c2)cc1)c1ccnc(N)n1.Cl
536101,Cc1ccc(Nc2nc3cc(N(C)c4ccnc(Nc5cccc(CCS(C)(=O)=O)c5)n4)ccc3n2C)cc1.O=C(O)C(F)(F)F
537988,CCOC(=O)c1cccc(NC(=O)Nc2cccc(-c3ncc(OCCCN)c4c3nc(-c3nonc3N)n4CC)c2)c1.O=C(O)C(F)(F)F
539963,CC(C)(CNC(=O)[C@H]1CCCCN1)c1nc(-c2ccc(Cl)c(O)c2)c(-c2ccncc2)[nH]1.Cl
536105,O=C(Cc1ccc(Nc2nccc(Nc3cccc4[nH]ncc34)n2)cc1)Nc1ccc(C(F)(F)F)cc1
536334,COc1cccc(CNCC(C)(C)c2nc(-c3ccc(Cl)c(O)c3)c(-c3ccncc3)[nH]2)c1.Cl
537204,COc1ccc(CNC2CCN(c3ccc(NC(=O)c4cccc(Cl)c4)cc3)CC2)cc1OC
537833,CN(C)CCNCc1cccc(-c2ccc3c(Nc4ccc(Oc5ccccn5)cc4)ccnc3c2)c1
535888,N#Cc1ccc(-c2cnc3ccc(NCCc4cccnc4)nn23)cc1
539070,CS(=O)(=O)Cc1ccc(Nc2nccc(-c3c(-c4cccc(NC(=O)C5CCCCC5)c4)nn4ncccc34)n2)cc1
539143,COCCN(C(=O)Cc1cccs1)C(C(=O)NCc1ccc(OC)cc1)c1ccc(C(C)C)cc1
539217,COc1ccc(C=C2SC(=N)N(c3ccccc3OC)C2=O)cc1
539289,O=C(Nc1ccc(CN2CCOCC2)cc1)c1ccc(-c2cc(Cl)ccc2Cl)o1
564363,CC(=O)Nc1nn(C)c2nc(N)c(C#N)c(-c3ccccc3)c12
564910,Cc1cc(Nc2nc(-c3ccncc3)nc3ccccc23)n[nH]1
562371,Nc1ncc(-c2ccc(C(F)(F)F)cc2)c(-c2c[nH]c3ccccc23)n1
83274,Cc1cccnc1NC(P(=O)(O)O)P(=O)(O)O
81617,Cn1cc(C2=C(c3cn(C)c4c(N)cccc34)C(=O)NC2=O)c2ccccc21
563669,CCCCc1c(-c2ccc(OCCOCCOCCN)cc2)n(C)c2nccnc12
564351,Cn1nc(N)c2c(-c3ccccc3)c(C#N)c(N)nc21
563931,Cn1cc(-c2nc(N)ncc2I)c2ccccc21
560579,COc1cccc(-c2cnc(N)nc2-c2c[nH]c3ccccc23)c1
560842,COc1nc(NNC(C)=O)c(C#N)c(-c2ccccc2)c1C#N
548021,Br.Br.N=c1n(CC(=O)N/N=C/c2ccc(/C=N/NC(=O)Cn3c(=N)n(Cc4ccccc4)c4ccccc43)cc2)c2ccccc2n1Cc1ccccc1
87509,CCCCCCCC(=O)OC[C@H](CO)OC(=O)CCCCCCC
560841,N#Cc1c(N2CCOCC2)nc2[nH]nc(N)c2c1-c1ccccc1
564364,N#Cc1c(Cl)nc2[nH]nc(N)c2c1-c1ccccc1
14785,C#Cc1cccc(Nc2ncnc3cc(OCCOC)c(OCCOC)cc23)c1
557330,N#Cc1cc2c(N)n[nH]c2nc1N
553058,Cc1ccc([N+](=O)[O-])cc1[S+]([O-])c1nc(-c2cnc3ccc(Cl)cn23)cs1.Cl
84122,O=P(O)(O)C(Nc1cccc(-c2ccccc2)c1)P(=O)(O)O
83500,Cn1cc(C2=C(c3cn(C4CCN(CC5CC5)CC4)c4ccccc34)C(=O)NC2=O)c2ccccc21
14805,CS(=O)(=O)CCNCc1ccc(-c2ccc3ncnc(Nc4ccc(OCc5cccc(F)c5)c(Cl)c4)c3c2)o1
553211,Cc1ccc([N+](=O)[O-])cc1S(=O)(=O)N(C)/N=C/c1cnc2ccc(C#N)cn12.Cl
549178,Cl.Cl.Oc1nc(Nc2ccccc2)nc2c1ncn2CCCCN1CCC(N2CCCCC2)CC1
553177,Cc1ccc([N+](=O)[O-])cc1S(=O)(=O)N(C)/N=C/c1cnc2ccc(Br)cn12.Cl
549055,Cl.Cn1cc(C(=O)C(C)(C)N)c2ccccc21
567995,N#Cc1cc2c(N)n(-c3ccccc3)nc2nc1N
549209,C=CCN(CC=C)CCCCn1cnc2c(O)nc(Nc3ccccc3)nc21.Cl.Cl
567305,CCCCc1c(-c2ccc(O)c(-c3cn(CCOCCOCCN)nn3)c2)[nH]c2nccnc12
549146,Cl.Cl.Oc1nc(Nc2ccccc2)nc2c1ncn2CCCCN1CCCC1CN1CCCCC1
549125,Cl.Cl.Oc1nc(Nc2ccccc2)nc2c1ncn2CCCCN1CCCC2CCCCC21
83665,Cn1cc(C2=C(c3cn(C4CCNCC4)c4ccccc34)C(=O)NC2=O)c2ccccc21
549609,Cc1ccc([N+](=O)[O-])cc1S(=O)(=O)N(C)/N=C/c1cnc2ccc(C(N)=O)cn12.Cl
549131,Cl.Cl.Oc1nc(Nc2ccccc2)nc2c1ncn2CCCCN1CCCc2ccccc21
565844,O=C(O)c1ccc(-c2c[nH]c3ncc(-c4ccccc4)cc23)cc1C1CCCC1
568340,Cn1c(Nc2ccc(C(F)(F)F)cc2)nc2cc(Oc3ccnc(-c4ncc(C(F)(F)F)[nH]4)c3)ccc21
83771,O=P(O)(O)C(O)(Cc1ccncc1)P(=O)(O)O
549211,CC1CN(CCCCn2cnc3c(O)nc(Nc4ccccc4)nc32)CC(C)N1.Cl.Cl.Cl
549552,Cc1ccc([N+](=O)[O-])cc1Sc1nc(-c2cnc3ccc(Cl)cn23)cs1.Cl
549183,Cl.Cl.N#CC1(c2ccccc2)CCN(CCCCn2cnc3c(O)nc(Nc4ccccc4)nc32)CC1
562359,C[C@@H](N)[C@H]1CC[C@H](C(=O)Nc2ccncc2)CC1
549112,COC1CCN(CCCCn2cnc3c(O)nc(Nc4ccccc4)nc32)CC1.Cl.Cl
549607,Cc1ccc2ncc(/C=N/N(C)S(=O)(=O)c3cc([N+](=O)[O-])ccc3C)n2c1.Cl
557030,Cn1cc(-c2nc(N)ncc2-c2ccc(-c3ccccc3)cc2)c2ccccc21
558635,NC(=O)c1ccc(-c2cnc(N)nc2-c2c[nH]c3ccccc23)cc1
558637,Cn1cc(-c2nc(N)ncc2-c2cncnc2)c2ccccc21
559061,CC(=O)Nc1nc2nn(-c3ccccc3)c(NC(C)=O)c2cc1C#N
557031,Nc1cccc(-c2cnc(N)nc2-c2c[nH]c3ccccc23)c1
557032,Cn1cc(-c2nc(N)ncc2-c2cccc(N)c2)c2ccccc21
556693,NC(=O)c1csc([C@@H]2O[C@H](CSSC[C@H]3O[C@@H](n4cnc5c(N)ncnc54)[C@H](O)[C@@H]3O)[C@@H](O)[C@H]2O)n1
556700,Nc1ncnc2c1ncn2[C@@H]1O[C@H](CSSC[C@H]2O[C@@H](n3c(Br)nc4c(N)ncnc43)[C@H](O)[C@@H]2O)[C@@H](O)[C@H]1O
554938,CCCCc1c(-c2ccc(OCCOCCOCCN)cc2)[nH]c2nccnc12
556882,Cn1cc(-c2nc(N)ncc2-c2ccc(C(N)=O)cc2)c2ccccc21
558752,CC(=O)c1ccc(-c2cnc(N)nc2-c2cn(C)c3ccccc23)cc1
554970,Nc1ncnc2c1ncn2[C@@H]1O[C@H](CSSC[C@H]2O[C@@H](n3cnc4c(N)ncnc43)[C@H](O)[C@@H]2O)[C@@H](O)[C@H]1O
88630,CCN(CC)CCCCNc1ncc2cc(-c3c(Cl)cccc3Cl)c(/N=C(\S)NCCCN3CCOCC3)nc2n1
554980,Nc1ncnc2c1nc(Br)n2[C@@H]1O[C@H](CSSC[C@H]2O[C@@H](n3c(Br)nc4c(N)ncnc43)[C@H](O)[C@@H]2O)[C@@H](O)[C@H]1O
88887,Cc1cc(C)c(C)c(-c2cc3cnc(N)nc3nc2NC(=O)NC(C)(C)C)c1C
559050,Cn1nc(N)c2cc(C#N)c(N)nc21
559051,CC(=O)Nc1nn(C)c2nc(N)c(C#N)cc12
565857,Nc1ncc(-c2ccc(OC(F)(F)F)cc2)c(-c2c[nH]c3ccccc23)n1
564353,CC(=O)n1nc(N)c2c(-c3ccccc3)c(C#N)c(N)nc21
89083,CN(C)CCCN(C)c1ncc2cc(-c3c(Cl)cccc3Cl)c(NC(=O)NC(C)(C)C)nc2n1
558636,Cn1cc(-c2nc(N)ncc2-c2ccc(C(=O)O)cc2)c2ccccc21
558638,Cn1cc(-c2nc(N)ncc2-c2ccncc2)c2ccccc21
558402,CCCCc1c(-c2ccc(O)c(-c3cn(CCOCCOCCN)nn3)c2)n(C)c2nccnc12
566141,N#Cc1c(N)nc2[nH]nc(N)c2c1-c1ccccc1
583027,CCCCCc1ccc(-c2cc3cn([C@@H]4O[C@H](CO)[C@@H](O)[C@H]4F)c(=O)nc3o2)cc1
582759,COc1nc(-c2ccccc2)ccc1-c1noc(-c2ccncc2)n1
582954,CN1CCN(c2nc(C3=C(c4c[nH]c5ccccc45)C(=O)NC3=O)c3ccccc3n2)CC1
88631,Cc1cc(NC(=O)c2cc(Cl)cc(Cl)c2O)c(Cl)cc1C(C#N)c1ccc(Cl)cc1
582977,CCCCCc1ccc(-c2cc3cn([C@@H]4O[C@H](CO)[C@@H](O)[C@@H]4F)c(=O)nc3o2)cc1
582688,COc1cccc(-c2nc(-c3cc4cc(OC)ccc4[nH]c3=O)no2)c1
577764,CC(Oc1ccccc1)C(=O)Nc1cc(-c2c(-c3ccc(F)cc3)noc2C(C)C)ccn1
89483,O=C(Nc1ccc(Cl)c(Cl)c1)c1cc(Cl)c(O)c(Cl)c1
582720,COc1ccccc1-c1nc(-c2cc3cc(C)ccc3[nH]c2=O)no1
582689,Cc1ccc2cc3c(OC(=O)COc4ccccc4)nn(C)c3nc2c1
579796,Cc1cccc(-n2nc(C(C)(C)C)cc2NC(=O)Nc2ccc(Cl)cc2)c1
577905,COc1ccc(/C=C/C(=O)Nc2cc(-c3[nH]c(SC)nc3-c3ccc(F)cc3)ccn2)c(OC)c1
577896,CC(C)c1onc(-c2ccc(F)cc2)c1-c1ccnc(NC(=O)Cc2ccc(F)cc2)c1
88885,COc1cc(OC)cc(-c2cc3cnc(N)nc3nc2N)c1
89501,CCN(CC)CCCNc1ncc2cc(-c3c(Br)cccc3Br)c(N)nc2n1
89122,CCN(CC)CCCCNc1ncc2cc(-c3c(Cl)cccc3Cl)c(NC(=O)Nc3ccccc3)nc2n1
581626,OC[C@H]1O[C@@H](n2cc(F)c3c(-c4cccs4)ncnc32)[C@H](O)[C@@H]1O
87421,CC(C)CC(=O)O[C@@H](CO)COC(=O)C=C(C(C)C)C(C)C
581567,OC[C@H]1O[C@@H](n2cc(F)c3c(-c4cc[nH]c4)ncnc32)[C@H](O)[C@@H]1O
581568,OC[C@H]1O[C@@H](n2cc(Cl)c3c(-c4ccsc4)ncnc32)[C@H](O)[C@@H]1O
87357,CC(C)=CC(=O)O[C@@H](CO)COC(=O)C=C(C(C)C)C(C)C
89502,CCN(CC)CCCNc1ncc2cc(-c3c(Cl)cccc3Cl)c(NC(=O)NC(C)C)nc2n1
89454,CCN(CC)CCCNc1ncc2cc(-c3c(Cl)cccc3Cl)c(/N=C\N(C)C)nc2n1
90939,O=[N+]([O-])c1cc(-c2n[nH]c(-c3ccc(Cl)c(Cl)c3)n2)c(O)c([N+](=O)[O-])c1
578360,COc1ccc(-c2cc3ccccc3[nH]2)cc1
581600,OC[C@H]1O[C@@H](n2cc(Cl)c3c(-c4ccccc4)ncnc32)[C@H](O)[C@@H]1O
578786,Cc1c(Nc2c(C#N)cncc2-c2cc3cc(CN4CC[N+](C)([O-])CC4)ccc3o2)ccc2[nH]ccc12
562653,COc1nc(NN)c(C#N)c(-c2ccccc2)c1C#N
87495,CC(C)=CC(=O)OC[C@H](CO)OC(=O)C=C(C)C
577773,COc1ccc(/C=C/C(=O)Nc2cc(-c3c(-c4ccc(F)cc4)noc3C(C)C)ccn2)c(OC)c1
581551,OC[C@H]1O[C@@H](n2ccc3c(Cc4ccccc4)ncnc32)[C@H](O)[C@@H]1O
581552,OC[C@H]1O[C@@H](n2ccc3c(-c4ccoc4)ncnc32)[C@H](O)[C@@H]1O
578805,Cc1c(Nc2c(C#N)cncc2-c2cc3cc(CN4CCN(C)CC4)ccc3o2)ccc2[nH]ccc12
581617,OC[C@H]1O[C@@H](n2cc(F)c3c(-c4ccco4)ncnc32)[C@H](O)[C@@H]1O
581619,CS(=O)(=O)Nc1ccc(-c2ccnc(Nc3ccc(-n4ccnn4)cc3)n2)cc1
581557,OC[C@H]1O[C@@H](n2cc(F)c3c(-c4c[nH]cn4)ncnc32)[C@H](O)[C@@H]1O
581558,OC[C@H]1O[C@@H](n2cc(F)c3c(-c4ccoc4)ncnc32)[C@H](O)[C@@H]1O
581553,OC[C@H]1O[C@@H](n2cc(F)c3c(-c4nccs4)ncnc32)[C@H](O)[C@@H]1O
581566,OC[C@H]1O[C@@H](n2cc(F)c3c(-c4ccsc4)ncnc32)[C@H](O)[C@@H]1O
581613,OC[C@H]1O[C@@H](n2ccc3c(-c4ccccn4)ncnc32)[C@H](O)[C@@H]1O
581560,OC[C@H]1O[C@@H](n2cc(Cl)c3c(-c4ccoc4)ncnc32)[C@H](O)[C@@H]1O
581625,OC[C@H]1O[C@@H](n2ccc3c(-c4c[nH]cn4)ncnc32)[C@H](O)[C@@H]1O
581605,OC[C@H]1O[C@@H](n2ccc3c(-c4ccc[nH]4)ncnc32)[C@H](O)[C@@H]1O
577906,COc1ccc(/C=C/C(=O)Nc2cc(-c3[nH]c([S+](C)[O-])nc3-c3ccc(F)cc3)ccn2)c(OC)c1
581608,OC[C@H]1O[C@@H](n2ccc3c(-c4ccc(F)cc4)ncnc32)[C@H](O)[C@@H]1O
88935,CC(C)NC(=O)Nc1nc2nc(NCCCN3CCN(C)CC3)ncc2cc1-c1c(Cl)cccc1Cl
581585,OC[C@H]1O[C@@H](n2ccc3c(-c4ccsc4)ncnc32)[C@H](O)[C@@H]1O
87598,CC(C)=CC(=O)O[C@@H](CO)COC(=O)CC(C)C
88701,CCN(CC)CCCNc1ncc2cc(-c3c(C)cccc3C)c(N)nc2n1
581587,OC[C@H]1O[C@@H](n2ccc3c(-c4ccco4)ncnc32)[C@H](O)[C@@H]1O
581591,OC[C@H]1O[C@@H](n2ccc3c(-c4ccn[nH]4)ncnc32)[C@H](O)[C@@H]1O
581597,COc1ccc(-c2ncnc3c2ccn3[C@@H]2O[C@H](CO)[C@@H](O)[C@H]2O)cc1
581598,OC[C@H]1O[C@@H](n2ccc3c(-c4nccs4)ncnc32)[C@H](O)[C@@H]1O
436277,Cc1cc(Nc2cc(N3CCN(C)CC3)nc(Sc3ccc(NC(=O)C4CC4)cc3)n2)n[nH]1
568338,CC1(C)CNc2cc(NC(=O)c3cccnc3NCc3ccncc3)ccc21
568318,CC(C)CCN1c2nc(Nc3cc(F)c(O)c(F)c3)ncc2N(C)C(=O)C1C
89094,Cc1cccc(C)c1-c1cc2cnc(N)nc2nc1NC(=O)NC(C)(C)C
88647,Cc1cc(NC(=O)c2cc(I)cc(I)c2O)c(Cl)cc1C(C#N)c1ccc(Cl)cc1
568342,Oc1cccc(-c2nc(N3CCOCC3)c3oc4ncccc4c3n2)c1
89326,CN1CCN(CCCNc2ncc3cc(-c4c(Cl)cccc4Cl)c(NC(=O)NC(C)(C)C)nc3n2)CC1
568329,CC(C)(C)n1nc(Cc2cccc3ccccc23)c2c(N)ncnc21
88576,CC(C)(C)NC(=O)Nc1nc2nc(N)ncc2cc1-c1c(Cl)cccc1Cl
87734,CC(C)=CC(=O)OC[C@H](CO)OC(=O)CC(C(C)C)C(C)C
89494,CN1CCN(CCCNc2ncc3cc(-c4c(Cl)cccc4Cl)c(NC(=O)NCCNC(=O)OC(C)(C)C)nc3n2)CC1
568339,CCN1CCN(Cc2ccc(NC(=O)Nc3ccc(Oc4cc(NC)ncn4)cc3)cc2C(F)(F)F)CC1
88905,CCN(CC)CCNc1ncc2cc(-c3c(Cl)cccc3Cl)c(NC(=O)NC(C)(C)C)nc2n1
87731,CCCCCCCC/C=C/CCCCCCCC(=O)OC[C@H](CO)OC(=O)CCCCCCC/C=C/CCCCCCCC
89496,Nc1ncc2cc(-c3c(Br)cccc3Br)c(N)nc2n1
570962,C[C@@]1(C(=O)Nc2ccc(F)nc2)CCCN1c1nc(Nc2cc(C3CC3)n[nH]2)c2cccn2n1
89296,CN1CCN(CCCNc2ncc3cc(-c4c(Cl)cccc4Cl)c(NC(=O)NC45C[C@H]6C[C@@H](C4)C[C@@H](C5)C6)nc3n2)CC1
590443,Nc1nc2ccnc(-c3c[nH]c4ccccc34)c2[nH]1
581588,OC[C@H]1O[C@@H](n2ccc3c(-c4ccc[se]4)ncnc32)[C@H](O)[C@@H]1O
581550,OCc1ncnc2c1ccn2[C@@H]1O[C@H](CO)[C@@H](O)[C@H]1O
581616,OC[C@H]1O[C@@H](n2ccc3c(-c4cccnc4)ncnc32)[C@H](O)[C@@H]1O
88948,O=C(Nc1ccc(Cl)c(Cl)c1)c1cc(I)cc(I)c1O
581599,OC[C@H]1O[C@@H](n2ccc3c(-c4cn[nH]c4)ncnc32)[C@H](O)[C@@H]1O
88683,Cc1cc(NC(=O)c2cc(I)c(O)c(I)c2)c(Cl)cc1C(C#N)c1ccc(Cl)cc1
581601,OC[C@H]1O[C@@H](n2ccc3c(-c4cc[nH]c4)ncnc32)[C@H](O)[C@@H]1O
573133,CC(C)(C)c1cc(NC(=O)Nc2ccc(-c3cn4c(n3)sc3cc(OCCN5CCOCC5)ccc34)cc2)no1
586657,Cc1ccc(CSCc2ccc(C(=O)NC3CC3)o2)cc1
586658,CC(NCc1ccccc1)c1cc(Cl)ccc1O
586845,Cc1cc(Nc2ccc(OCc3ccccc3)cc2)nc2cc(O)ccc12
586369,CN1CCN(c2c3c(c(C#N)c4nc5ccccc5n24)CCC3)CC1
586449,Cn1c(C(=O)c2cccc3ccccc23)nc2ccccc21
582677,O=C(CCn1c(=O)oc2cc(Cl)ccc21)Nc1ccccc1
88952,CCNC(=O)Nc1nc2nc(NCCN(CC)CC)ncc2cc1-c1c(Cl)cccc1Cl
586440,CCN(CC)CCNc1ccnc2cc3ccccc3cc12.O=P(O)(O)O
88987,CCN(CC)CCCNc1ncc2cc(-c3c(Br)cccc3Br)c(NC(=O)NC(C)(C)C)nc2n1
587399,CCOc1ccc2nc(C)cc(Nc3ccc(N(C)C)cc3)c2c1.Cl
587905,COc1ccc(Nc2cc(C)nc(NCc3ccccc3)n2)cc1
587713,N=c1c2ccccc2nnn1-c1cccc(C(F)(F)F)c1
581624,CCc1ncnc2c1ccn2[C@@H]1O[C@H](CO)[C@@H](O)[C@H]1O
587911,COc1cc(-c2nc(-c3ccc(Sc4ccccc4)cc3)c(-c3ccccc3)[nH]2)cc(OC)c1O
586889,COc1ccc(NC(=O)C2c3ccccc3C(=O)N(CC(C)C)C2c2cccs2)cc1Cl
587682,Cc1cc(Nc2cccc(F)c2)nc(NCc2ccccc2)n1
582721,COC(=O)c1ccc(CSc2ncnc3sc(C)c(C)c23)o1
587606,CCOc1ccc(C2N(C)c3ccccc3N2C)cc1
587343,O=c1cc(NC2CCN(CCCc3ccccc3)CC2)c2cc(Cl)ccc2o1
586480,COc1ccc(C=C2SC(Nc3ccc(F)cc3)=NC2=O)c(OC)c1
587697,Oc1ccc2ccccc2c1CNc1nc2ccccc2[nH]1
542275,NCCNS(=O)(=O)c1ccc(-c2ccnc3[nH]c(-c4ccncc4)cc23)cc1.O=C(O)C(F)(F)F
537139,CCOC(=O)c1c(C)n(-c2ccc(Cl)cc2)c2ccc(OC(=O)C=Cc3ccccc3)cc12
588382,COc1ccc2c(c1)OC(O)(C(F)(F)C(F)(F)F)CC2=O
89830,CN1CCN(CCCNc2ncc3cc(-c4c(Cl)cccc4Cl)c(/N=C(/S)NC(C)(C)C)nc3n2)CC1
538282,COc1c(CN2CCOCC2)cccc1-c1cc2c(-c3ccc(C(=O)O)c(C(C)C)c3)ccnc2[nH]1.O=C(O)C(F)(F)F
539399,COc1ccc(-c2cnc3ccc(NCCCO)nn23)cc1OC
588435,Cc1ccc(OCCCCCCNCCO)c(C)c1
532490,COCCOc1ccc(Nc2nccc(-c3c(-c4cccc(NC(=O)c5c(F)cccc5F)c4)nn4ccccc34)n2)cc1Cl
541355,CCN(CC)CCNc1nccc(N(C)c2ccc(NC(=O)Nc3cc(C(F)(F)F)ccc3F)cc2)n1.O=C(O)C(F)(F)F
541157,Cc1cc(Nc2ncc(Cl)c(Nc3ccccc3C(N)=O)n2)n[nH]1
586355,FC(F)(F)c1cccc(CNC2CCN(CCc3ccccc3)CC2)c1
588532,Oc1ccc(Cl)cc1CNc1nc2ccccc2[nH]1
539412,CC(C)(CNC(=O)C1CCN(Cc2ccoc2)CC1)c1nc(-c2ccc(Cl)c(O)c2)c(-c2ccncc2)[nH]1.Cl
588501,O=C(Nc1ccc(-c2nc3ccccc3[nH]2)cc1)c1ccc(Cl)c(Cl)c1
542667,CCOc1cc(Cl)c(C(C)NC(=O)c2ccccc2)cc1OCC
542671,CC(C)(CNC(=O)C1CCN(CCOCc2ccccc2)CC1)c1nc(-c2ccc(Cl)c(O)c2)c(-c2ccncc2)[nH]1.Cl
586930,C=CC12CCN(CC1)C(C(O)c1ccnc3ccc(OC)cc13)C2.Cl
539818,O=C(Nc1cccc(-c2nn3ncccc3c2-c2ccnc(Nc3ccccc3)n2)c1)c1c(F)cccc1F
588347,Cc1ccc(-c2cc3nc4c(c(O)n3n2)CCCC4)cc1
539489,O=C(c1ccccc1F)N(Cc1ccc(Cl)cc1)c1ccccn1
531039,Cc1n[nH]c2ccc(-c3cc(OC[C@@H](N)Cc4ccccc4)cnc3-c3cc4ccccc4s3)cc12.O=C(O)C(F)(F)F
542920,CCn1c(-c2nonc2N)nc2c(-c3cccc(NC(=O)Nc4ccc(Cl)cc4)c3)ncc(OCCCN)c21.O=C(O)C(F)(F)F
535283,COc1ccc(C2NCCc3c2[nH]c2ccccc32)cc1CN1CCN(c2ccc(F)cc2)CC1.Cl
537393,O=C(NC1CC1)c1ccc(Nc2nccc(-c3c(-c4cccc(NC(=O)c5c(F)cccc5F)c4)nn4ccccc34)n2)cc1
536722,Cc1cccc(Nc2nc(N)c3ccccc3n2)c1.Cl
539962,CC(C)(CNC(=O)[C@@H]1CCCCN1)c1nc(-c2ccc(Cl)c(O)c2)c(-c2ccncc2)[nH]1.Cl
532061,COc1cccc(C(=O)Nc2ccc(-c3nc4ccccc4[nH]3)cc2)c1
94153,OC[C@H]1O[C@@H](n2cnc3c(SCc4ccc(Cl)c(Cl)c4)ncnc32)[C@H](O)[C@@H]1O
537695,CCn1c(-c2nonc2N)nc2c(-c3cc4ccccc4s3)ncc(C(=O)N3CCC(N)C3)c21.O=C(O)C(F)(F)F
536136,CN1CCC=C(C(=O)NCC(C)(C)c2nc(-c3ccc(Cl)c(O)c3)c(-c3ccncc3)[nH]2)C1.Cl
536666,COCCn1c(C)nc2ccccc2c1=O
535798,Fc1cc(Cl)ccc1Nc1ccnc2cc(-c3ccc(CNCCN4CCOCC4)o3)ccc12
537674,O=C(Nc1cccc(-c2nc3ccccc3[nH]2)c1)c1cccc(NC(=O)c2ccco2)c1
531519,COc1ccc(C(=O)Nc2ccc(Cl)cc2C(=O)Nc2ccncc2)cc1
539390,CCn1c(CN2CCN(Cc3ccccc3)CC2)nc2cc(NC(=O)c3cccs3)ccc21
537170,O=C(NC1CCN(Cc2ccccc2)CC1)c1cc(-c2cccnc2)nc2ccc(Cl)cc12
537175,CCn1c(-c2nonc2N)nc2c(-c3cccc(NC(=O)NC45CC6CC(CC(C6)C4)C5)c3)ncc(OCCCN)c21.O=C(O)C(F)(F)F
535314,O=C(Nc1ccc(CN2CCOCC2)cc1)c1ccc(-c2ccc(Br)cc2)o1
588533,O=C1c2ccc3c4c(ccc(c24)C(=O)N1CCCCO)C(=O)N(CCCCO)C3=O
540072,CCN(Cc1ccccc1)C1CCN(Cc2cc(Br)ccc2O)CC1.O=C(O)C(=O)O
585975,CC(=O)NCCc1nc2ccccc2n1Cc1ccc(C(C)C)cc1
588650,O=C(Nc1ccc(-c2nc3cc(NC(=O)c4ccc(Cl)cc4)ccc3[nH]2)cc1)c1ccc(Cl)cc1
583870,COc1ccccc1CNC(=O)CCn1c(=O)[nH]c2ccccc2c1=O
534010,CC(C)(CNC(=O)C1CCN(CCOc2ccc(Cl)cc2)CC1)c1nc(-c2ccc(Cl)c(O)c2)c(-c2ccncc2)[nH]1.Cl
534395,CCCN1CCN(CCNC(=O)c2cccc(Nc3nccc(Nc4ccc(Oc5ccccc5)cc4)n3)c2)CC1
535881,Cc1ccc(Nc2nccc(Nc3ccc4c(c3)nc(Nc3cc(C(C)(C)C)on3)n4C)n2)cc1S(C)(=O)=O
588601,OCCNc1nc(Nc2ccc(Cl)c(Cl)c2)nc2ccccc12
588549,OC(Cn1nnc2ccccc21)Cn1c2ccc(Br)cc2c2cc(Br)ccc21
533196,Cl.Oc1cccc(Nc2ccnc3cc(-c4nccs4)ccc23)c1
588603,COc1nc(Nc2ccc(C(C)C)cc2)nc(OC)n1
588606,Nc1ccc(-c2nc3cc(Oc4ccc(Oc5ccc6[nH]c(-c7ccc(N)cc7)nc6c5)cc4)ccc3[nH]2)cc1
588616,CCN(CC)CCNc1ncnc2c1[nH]c1ccc(Br)cc12
583749,CCOc1ccc(-n2cc(-c3ccccc3)c3c(SCc4cc(C)ccc4C)ncnc32)cc1
542271,Nc1ncc(-c2cn[nH]c2)cc1-c1nc2ccc(Cl)cc2[nH]1
540849,Cc1ccc(C)c(Cn2c(N3CCC(C(=O)NCc4cccs4)CC3)nc3ccccc32)c1
535545,NS(=O)(=O)c1cccc(Nc2nccc(-c3c(-c4cccc(NC(=O)c5c(F)cccc5F)c4)nn4ccccc34)n2)c1
537874,CC(=O)Nc1cccc(Nc2nccc(Nc3ccc(Oc4ccccc4)cc3)n2)c1.Cl
538768,CNC(=O)c1ccccc1Nc1nc(Nc2ccc(C(=O)O)cc2)ncc1Cl.Cl
588683,Cc1ccccc1OCCSc1nc2ccc(NC(=O)c3cccs3)cc2s1
532211,C(=N/Nc1nccc2sc(-c3ccccc3)cc12)\c1cccnc1
542517,Cl.NCCCOc1cnc(-c2ccccc2)c2nc(-c3nonc3N)n(CCc3ccccc3)c12
539570,CCOc1cccc(C(=O)Nc2ccc(-c3nc4ccccc4[nH]3)cc2)c1
537998,Cc1ccc(S(=O)(=O)Nc2ccc(Nc3nccc(Nc4cccc5[nH]ncc45)n3)cc2)cc1
588197,CCOC(=O)c1cnc2ccc(OC)cc2c1Nc1ccc(N2CCN(C)CC2)cc1
588806,O=C(Nc1ccc(Cl)cc1)N1CCN(c2ccc3nncn3n2)CC1
588752,CC1CCN(Cc2c(O)ccc3cc(-c4nc5ccccc5s4)c(=O)oc23)CC1
533901,Cc1cc(N(C)C)nc(Nc2ccc(NC(=O)Nc3ccccc3)cc2)n1
532297,CN(C)c1ccc(-c2nc3cc(N)ccc3[nH]2)cc1
541824,CCn1c(-c2nonc2N)nc2c(-c3cccc(NC(=O)Nc4ccc5c(c4)CCC5)c3)ncc(OCCCN)c21.O=C(O)C(F)(F)F
541670,CC(C)(CNC(=O)C1CCN(CCOc2ccc(F)c(F)c2)CC1)c1nc(-c2ccc(Cl)c(O)c2)c(-c2ccncc2)[nH]1.Cl
586698,c1ccc2cc3c(Nc4ccc(N5CCOCC5)cc4)ccnc3cc2c1
535061,O=C(Nc1cccc(-c2nn3ncccc3c2-c2ccnc(Nc3cccc(-c4cnco4)c3)n2)c1)c1c(F)cccc1F
532918,CC(c1cccc(Nc2nccc(-c3c(-c4cccc(NC(=O)c5c(F)cccc5F)c4)nn4ncccc34)n2)c1)S(C)(=O)=O
534071,Cl.Clc1cc(Br)ccc1-c1ccc(CNCC2CCNCC2)o1
585727,Cc1ccc2cc3c(N)c4c(C)ccc(C)c4nc3nc2c1
585011,COc1ccccc1C(=O)ON=C(N)Cc1cccc2ccccc12
584382,O=C(CSc1ccc2nnc(-c3cccc(F)c3)n2n1)Nc1ccc2c(c1)OCO2
578770,Cc1c(Nc2c(C#N)cncc2-c2cc3cc(CN4CCNCC4)ccc3o2)ccc2[nH]ccc12
572177,CCCCCCCCc1ccc(NC(=O)[C@@H](N)CCO)cc1
585071,COc1ccc(C(=O)C(CCC(CNC(C)(C)C)C(=O)c2ccc(OC)cc2)CNC(C)(C)C)cc1
585285,CC(C)CCNCC(O)Cn1c2ccccc2c2ccccc21.Cl
585287,Cc1c(C)n(Cc2ccc(F)cc2)c2ccc(C(=O)NCc3ccco3)cc12
585288,CCOc1cc2c(cc1OCC)C(c1cc(Cl)ccc1O)NCC2
90042,Oc1c(Br)cc(Br)cc1-c1n[nH]c(-c2ccc(Cl)c(Cl)c2)n1
581614,OC[C@H]1O[C@@H](n2cc(F)c3c(-c4ccccc4)ncnc32)[C@H](O)[C@@H]1O
92709,CCn1c2ccccc2c2c3c(c4c5ccccc5n(CCC#N)c4c21)CNC3=O
585404,COc1ccc(C2C(C(=O)Nc3cccc(OC)c3)c3ccccc3C(=O)N2C2CCCCC2)cc1
584445,CCN(CC)c1ccc(NC(=O)c2cccs2)cc1
585785,CCOC(=O)c1cnc2ccc(Cl)cc2c1NCCCN(C)C
585867,CCCCNCC(O)(c1ccc(Cl)cc1)c1ccc(Cl)cc1
581556,OC[C@H]1O[C@@H](n2cc(F)c3c(-c4ccc[nH]4)ncnc32)[C@H](O)[C@@H]1O
581559,OC[C@H]1O[C@@H](n2cc(Cl)c3c(-c4cccs4)ncnc32)[C@H](O)[C@@H]1O
583028,CCCCCc1ccc(-c2cc3cn([C@@H]4O[C@H](CO)[C@@H](O)C4(F)F)c(=O)nc3o2)cc1
585742,Cc1cc(C)c2c(c1)OCN(Cc1ccccc1Cl)C2
585698,COc1cc(OC)c(N(C)C(=O)c2cc3c(s2)-c2ccccc2S(=O)(=O)C3)cc1Cl
90273,Oc1c(Cl)cc(Cl)cc1-c1n[nH]c(-c2ccc(Cl)c(C(F)(F)F)c2)n1
585057,CCOc1ccccc1NC(=O)CN1CCN(C(=O)c2ccco2)CC1
577870,CC(=O)Nc1cc(-c2c(-c3ccc(F)cc3)noc2C(C)C)ccn1
90346,Oc1c(-c2n[nH]c(-c3ccc(Cl)c(Cl)c3)n2)cc(C(F)(F)F)cc1C(F)(F)F
584995,c1ccc2c(NCCc3c[nH]c4ccccc34)c3ccccc3nc2c1
584784,CCCC(c1nnnn1C1CCCCC1)N1CCN(C(=O)c2ccco2)CC1.Cl
581543,OC[C@H]1O[C@@H](n2cc(Cl)c3c(-c4ccco4)ncnc32)[C@H](O)[C@@H]1O
581555,OC[C@H]1O[C@@H](n2ccc3c(-c4ccccc4)ncnc32)[C@H](O)[C@@H]1O
581590,OC[C@H]1O[C@@H](n2ccc3c(-c4cccs4)ncnc32)[C@H](O)[C@@H]1O
584968,O=C(Nc1ccc(C23CC4CC(CC(c5ccccc5)(C4)C2)C3)cc1)c1cccs1
583374,Fc1cc(-c2cc[nH]/c(=N/c3ccc(-n4cnc(N5CCOCC5)n4)cc3)n2)cc(N2CCOCC2)c1
585362,COc1cc(C(=O)ON=C(N)Cc2cccc3ccccc23)cc(OC)c1OC
585991,CCN(CC)CCCNc1ccnc2cc3ccccc3cc12
584998,O=C1c2ccccc2C2=Nc3ccccc3SC(c3cccc(F)c3)C12
583962,CN1C=C(c2ccc3ccccc3n2)C(c2c[nH]c3ccccc23)c2ccccc21
584914,COc1ccccc1NC1=C(N2CCCCC2)C(=O)c2ccccc2C1=O
584915,Oc1c(C(Nc2ccccn2)c2cccc(Oc3ccccc3)c2)ccc2cccnc12
586213,Cc1ccccc1OCCSc1nc2ccc(NC(=O)c3ccccc3)cc2s1
586802,CCOC(=O)c1cnc2c(C)cccc2c1Nc1ccc(C(C)=O)cc1
88663,Nc1ncc2cc(-c3c(Cl)cccc3Cl)c(N)nc2n1
88664,Cc1cccc(C)c1-c1cc2cnc(N)nc2nc1N
525354,NCC(NC(=O)c1ccc(-c2c[nH]c3ncccc23)s1)c1ccccc1.O=CO
524719,CCOC(=O)c1cn(CC)c2cc(N3CCCCC3)c(F)cc2c1=O
524550,CCCc1cc(O)c2c3c(c(=O)oc2c1)CN(C)CC3
529665,COc1ccc(-c2nonc2NC(=O)c2cccc(Cl)c2)cc1OC
526118,Cc1cc(NC(=O)c2ccc(-c3ccccc3)cc2)no1
527495,Nc1ncc(-c2cccc(F)c2)cc1-c1nc2cc(F)ccc2[nH]1.O=C(O)C(F)(F)F
528181,CN(C)CCN(C)Cc1ccc(-c2ccc3c(Nc4ccc(Oc5ccccc5)cc4)ccnc3c2)o1
528406,CN(C)Cc1ccc(-c2ccc3c(Nc4ccc(Cl)cc4F)ccnc3c2)o1
88947,CN1CCN(CCCNc2ncc3cc(-c4c(Cl)cccc4Cl)c(NC(=O)Nc4ccc(Cl)cc4)nc3n2)CC1
527722,COc1ccc(C(=O)NCC(C)(C)c2nc(-c3ccc(Cl)c(O)c3)c(-c3ccncc3)[nH]2)cc1OCCN(C(C)C)C(C)C.Cl
528329,O=CO.O=S1(=O)NCc2ccc(Nc3nccc(Nc4ccc5c(cnn5Cc5ccccc5)c4)n3)cc21
527583,CN(c1ccc(NC(=O)Nc2cc(C(C)(C)C)on2)cc1)c1ccnc(NCCN2CCOCC2)n1.O=C(O)C(F)(F)F
528559,FC(F)c1nc2ccccc2n1-c1nc(N2CCOCC2)nc(N2CCOCC2)n1
586911,Cc1cc(NC(=O)C2c3ccccc3C(=O)N(CC(C)C)C2c2cccs2)no1
89046,CN(C)CC(C)(C)CNc1ncc2cc(-c3c(Cl)cccc3Cl)c(NC(=O)NC(C)(C)C)nc2n1
526016,CN(C(=O)c1cc2c(-c3cncnc3)cccc2[nH]1)c1ccccc1
526802,OC1CCC(Nc2ccc3ncc(-c4ccc(Cl)cc4)n3n2)CC1
528641,CC(C)(C)C(=O)Nc1ccc(C(=O)Nc2cccc(-c3nc4ccccc4[nH]3)c2)cc1
524754,COc1ccc(-c2nonc2NC(=O)c2cccc(C)c2)cc1OC
530537,COc1ccc(Nc2ncc(OC)c(Nc3ccccc3C(N)=O)n2)cc1N1CCN(C)CC1.O=CO
531479,COc1cccc(-c2nn(C)c3sc(C(=O)NCCN4CCN(c5ccccc5F)CC4)cc23)c1
534060,Cc1n[nH]c2cc(Nc3ccnc(Nc4cccc(CN5CCOCC5)c4)n3)ccc12
529314,NS(=O)(=O)c1ccc(Nc2nccc(-c3c(-c4cccc(NC(=O)c5c(F)cccc5F)c4)nn4ccccc34)n2)cc1
529315,Cl.Oc1ccccc1CNCC12CC3CC(CC(C3)C1)C2
524761,CN(C)Cc1cccc(-c2cc3c(-c4cnn(C)c4)c(Cl)cnc3[nH]2)c1
528377,COc1ccc(Nc2ncc(C#N)c(Nc3ccccc3C(N)=O)n2)cc1N1CCN(C)CC1.Cl
526143,CC(C)(C)CNCC(C)(C)c1nc(-c2ccc(Cl)c(O)c2)c(-c2ccncc2)[nH]1.Cl
527035,CNCCCNc1ccnc2cc(Cl)ccc12
528138,COc1cc(-c2nc(-c3ccccc3)c(-c3ccccc3)[nH]2)cc(OC)c1O
527534,CC(=O)Nc1cccc(Nc2nccc(-c3c(-c4cccc(NC(=O)c5c(F)cccc5F)c4)nn4ncccc34)n2)c1
530125,COc1cc(Nc2nccc(-c3c(-c4cccc(NC(=O)c5c(F)cccc5F)c4)nn4ccccc34)n2)cc(OC)c1OC
526240,N#Cc1cnc(Nc2ccc(Oc3ccccc3)cc2)nc1Nc1cccc(S(N)(=O)=O)c1
525597,COc1ccccc1CNC(=O)CCn1c(=O)[nH]c2ccsc2c1=O
532379,O=C(Nc1ccc(N2CCN(Cc3ccccc3)CC2)cc1)c1cccs1.O=C(O)C(F)(F)F
527226,COc1ccc(Br)cc1C1Nc2ccc3ccccc3c2C2=C1C(=O)CC(c1ccccc1)C2
527145,O=C(Nc1ccc(-c2nc3cc4ccccc4cc3[nH]2)cc1)c1cccc(Br)c1
526578,Cc1ccc(-c2nc3ccccc3o2)cc1NCc1cc(Cc2ccccc2)ccc1O
586069,Cc1ccc(Nc2nc(N)c3ccccc3n2)cc1Cl
532628,Cc1ccc(CN2CCC(C(=O)Nc3ccc(-c4cc5ccccc5[nH]4)cc3)CC2)o1
540554,COc1ccc(Nc2ncc3c(-c4cccc(NC(=O)Cc5cccc(O)c5)c4)c[nH]c3n2)cc1OC
526158,CNC(=O)c1ccccc1Nc1nc(Nc2cccc(CS(C)(=O)=O)c2)ncc1C
527784,Cc1cc(C=C2SC(=Nc3ccccc3)N(C3CCCC3)C2=O)c(C)n1-c1ccc(Cl)cc1
528760,Cl.Nc1ncnc2occ(-c3ccc(NC(=O)Nc4cc(C(F)(F)F)ccc4F)cc3)c12
532316,Cn1c(Nc2cc(C(C)(C)C)on2)nc2cc(Nc3ccnc(Nc4cccc(CS(C)(=O)=O)c4)n3)ccc21
530019,Cc1ccc(O)cc1Nc1ccnc2cc(-c3cccc(CNCCS(C)(=O)=O)c3)ccc12
527389,O=C(Nc1ccc(N2CCCCC2)c(Cl)c1)c1ccc(Br)o1
526702,Cl.Oc1cc(-c2nc(-c3ccccc3)[nH]c2-c2ccncc2)ccc1Cl
533369,CN1CCN(c2ccc(Nc3nccc(-c4cnn5ncccc45)n3)cc2Cl)CC1
530076,OC(CNC1CCCCC1)Cn1c2ccc(I)cc2c2cc(I)ccc21
530260,CCn1c(-c2nonc2N)nc2c(-c3cccc(NC(=O)Nc4ccccc4OC)c3)ncc(OCCCN)c21.O=C(O)C(F)(F)F
529096,Cl.Oc1cc(-c2nc(C3(CNCc4ccc(Cl)cc4)CCCCC3)[nH]c2-c2ccncc2)ccc1Cl
529030,Cc1cc(C)c2nc(N3CCC(C(=O)NCCCN4CCC(N5CCCCC5)CC4)CC3)sc2c1
525406,CCn1c(SCC(=O)Nc2cc(C(F)(F)F)ccc2Cl)nc2ccccc2c1=O
524805,Nc1ncc(-c2cn[nH]c2)cc1-c1nc2ccc(F)cc2[nH]1
525803,Cc1ccc(Cn2c(N3CCC(C(=O)NCc4cccs4)CC3)nc3ccccc32)cc1
533756,Cl.NCC1(c2nc(-c3ccc(Cl)c(O)c3)c(-c3ccncc3)[nH]2)CCCCC1
541245,Cl.N=C(N)c1ccc(Nc2nc(Nc3ccc(-c4ccccc4)cc3)ncc2[N+](=O)[O-])cc1
542319,CC(C)(CNCc1ccc(OC(F)(F)F)cc1)c1nc(-c2ccc(Cl)c(O)c2)c(-c2ccncc2)[nH]1.Cl
542326,COCCNCc1cccc(-c2ccc3c(Nc4ccc(Oc5cccnc5)cc4)ccnc3c2)c1
543111,COc1cc(-c2nc(C(C)(C)CN)[nH]c2-c2ccncc2)ccc1Br.Cl
528912,O=C(O)C(F)(F)F.O=c1[nH]ccc2nc(N[C@@H]3CCNC3)nc(Nc3ccc4c(c3)S(=O)(=O)CC4)c12
528989,CC1CCN(Cc2ccc(NC(=O)c3cc4ccc5cccnc5c4[nH]3)cc2)CC1
530104,O=C(Nc1ccsc1C(=O)NC1CCCCC1)c1ccc(F)cc1
526338,CC(C)(CNCc1ccccc1)c1nc(-c2ccc(Cl)c(O)c2)c(-c2ccncc2)[nH]1.Cl
532884,CN(C)Cc1ccc(-c2ccc3c(Nc4ccc(Oc5ccccn5)cc4)ccnc3c2)o1
532658,CN(c1ccc2c(c1)nc(NCc1ccc(F)cc1)n2C)c1ccnc(Nc2ccc(CS(C)(=O)=O)cc2)n1.Cl
532082,COc1ccc(CNCC(C)(C)c2nc(-c3ccc(Cl)c(O)c3)c(-c3ccncc3)[nH]2)cc1.Cl
535185,CC(C)(CN)c1nc(-c2ccc(Cl)c(O)c2)c(-c2ccncc2)[nH]1.Cl
529624,O=C(Nc1ccc(Cl)cc1C(=O)Nc1ccncc1)c1ccc(Cl)cc1Cl
589414,CCOc1cc2c(cc1OCC)C(c1cc(C)c(O)c(C)c1)NCC2.Cl
589158,O=C1CC(O)(C(F)(F)C(F)(F)F)Oc2ccccc21
590044,COc1cc(SC)ccc1C(=O)N1CCCC(C)C1
88617,CN1CCN(CCCNc2ncc3cc(-c4c(Cl)cccc4Cl)c(NC(=O)Cc4ccccc4)nc3n2)CC1
88702,CC/N=C(\N)Nc1nc2nc(NCCCN(CC)CC)ncc2cc1-c1c(Cl)cccc1Cl
588932,Cc1ccc(C2CC(C(F)(F)F)n3nc(C(=O)N4CCN(C(c5ccccc5)c5ccccc5)CC4)cc3N2)cc1
589865,Cc1ccc2nc(C)cc(Nc3cccc(C(F)(F)F)c3)c2c1.Cl
589894,O=C(Nc1cccc(C(F)(F)F)c1)c1cc(Cl)ccc1O
589455,CC(C)(C)c1ccc(C(=O)Nc2nc3ccccc3s2)cc1
589697,CCOc1cccc2sc(N(Cc3cccnc3)C(=O)C3CCCCC3)nc12
589063,CCc1ccc(CNCC(O)c2ccccc2)cc1.Cl
588916,CC(C)c1ccc(CNCC(O)c2ccccc2)cc1.Cl
589443,CC(C)(C)c1ccc(C(=O)Nc2c3c(nn2-c2cccc(Cl)c2)CSC3)cc1
92673,Cn1c2ccccc2c2c3c(c4c5ccccc5[nH]c4c21)C(=O)NC3
92710,O=C(O)CCn1c2ccccc2c2c3c(c4c5ccccc5[nH]c4c21)C(=O)NC3
589152,CC1CC(C)CN(C(=O)c2ccc(Cl)cc2Cl)C1
589021,COc1ccccc1CNC(=O)C1c2ccccc2C(=O)N(CC(C)C)C1c1cccs1
589506,CCOc1cc2c(cc1OCC)C(c1cc(Cl)c(O)c(OCC)c1)NCC2
589970,OC(CNC1CCCC1)Cn1c2ccccc2c2ccccc21
589549,CCOc1ccc(-c2nonc2NC(=O)c2cccc(C)c2)cc1OCC
92804,CCCn1c2ccccc2c2c3c(c4c5ccccc5n(C)c4c21)C(=O)NC3
589665,CCc1ccc(Nc2cc(C)c3ccc(O)cc3n2)cc1.Cl
589666,COc1ccc(N2CCN(C(CNC(=O)CC(C)(C)C)c3ccc4c(c3)OCO4)CC2)cc1
589095,COc1ccc(C2N(C)c3ccccc3N2C)cc1
589382,COc1cccc(C(=O)NC(c2ccc(C)cc2)c2cc(Cl)c3cccnc3c2O)c1
589620,CCN(CC)c1cc(C)c2cc(NC(=O)c3cccc(OC)c3)ccc2n1
589347,COc1ccc2c(=O)cc(C(Cl)(Cl)Cl)oc2c1
589429,COc1ccc(C(O)(CCC(C)C)C(CN2CCOCC2)c2ccc(Cl)cc2)cc1.Cl
589728,CC(C)(C)CC(C)(C)NCC(O)COc1ccc2c(c1)CCC2.Cl
589956,CCCCCCn1c(=N)n(CC(O)COc2cccc(C)c2)c2ccccc21.Cl
589826,Cc1ccc(NC(=O)Nc2cccc(Cl)c2)cc1F
589452,CCOc1ccc(/C=C/c2nc(=O)c3ccccc3o2)cc1
588836,O=C(Nc1ccccc1O)c1ccc(-c2ccc(Cl)cc2Cl)o1
589885,CC(C)OCc1cc(CN2CCN(c3cccc(Cl)c3)CC2)c(O)c2ncccc12
589520,O=C(Nc1nc(-c2ccccn2)cs1)c1ccccc1Br
589603,O=C(Nc1ccc(F)c(Cl)c1)Nc1ccc(Cl)c(Cl)c1
588914,O=C(O)C(=O)O.Oc1ccc(Br)cc1CN1CCN(Cc2cccc(F)c2)CC1
589425,COc1ccc(-c2cc(=O)oc3c4c(ccc23)OCN(Cc2ccc(F)cc2)C4)cc1
589617,CSc1ccccc1C(=O)Nc1nc(-c2ccccn2)cs1
588930,CC(O)(c1ccc(Cl)cc1)C(CN1CCCCC1)c1ccccc1.Cl
94581,Cc1cccc(CSc2ncnc3c2ncn3[C@@H]2O[C@H](CO)[C@@H](O)[C@H]2O)c1
589932,CCOC(=O)C1(Cc2ccccc2)CCN(Cc2cccc(OC)c2O)CC1
590071,CCCCc1ccc(NS(=O)(=O)c2cc3c4c(c2)CCN4C(=O)CC3)cc1
94511,OC[C@H]1O[C@@H](n2cnc3c(SCc4cccc(C(F)(F)F)c4)ncnc32)[C@H](O)[C@@H]1O
590038,Br.CCn1c2c(c(=N)c3c1CCC3)CCCC2
588923,CN(C)c1ccc(C(O)(c2ccc(N(C)C)cc2)c2ccc(N(C)C)cc2)cc1
589770,CCCOCc1cc(CN2CCN(c3cccc(Cl)c3)CC2)c(O)c2ncccc12
590099,O=C(Cc1ccccc1)NC(c1ccc(Cl)cc1)c1c(O)ccc2ccccc12
589777,Oc1ccc(C(=C(Cl)Cl)c2ccc(O)cc2)cc1
589480,CCOc1ccc2c(c1)CN(Cc1ccc(Cl)cc1)CO2
588970,CCOc1ccc(-c2nc(NC(=O)c3cccc(S(C)(=O)=O)c3)sc2C)cc1
589372,CCOc1ccccc1CNC(=O)C1c2ccccc2C(=O)N(CC(C)C)C1c1cccs1
589857,CC(C)(C)c1ccc2c(c1)CN(Cc1ccc(Cl)cc1)CO2
589929,COc1cc(CNCCc2ccc(Cl)cc2)cc(OC)c1O
589596,CCCCC(O)(c1ccc(Cl)cc1)C(CN1CCOCC1)c1ccc(Cl)cc1.Cl
532259,CCN(CC)CCCNc1nccc(N(C)c2ccc(NC(=O)Nc3cc(C(F)(F)F)ccc3F)cc2)n1.O=C(O)C(F)(F)F
594045,CC(=O)Nc1ccc2c(c1)/C(=C1/Nc3ccccc3C1=O)C(=O)N2
594119,O=C1Nc2cc([N+](=O)[O-])ccc2/C1=C1/Nc2ccccc2C1=O
87464,CC(C)=CC(=O)OC[C@H](CO)OC(=O)C=C(C(C)C)C(C)C
92692,NC(=O)CCn1c2ccccc2c2c3c(c4c5ccccc5[nH]c4c21)C(=O)NC3
92693,Cn1c2ccccc2c2c3c(c4c5ccccc5n(CCCN=[N+]=[N-])c4c21)CNC3=O
593508,CC(=O)Nc1ccc(S(=O)(=O)Nc2nncs2)cc1
594171,Nc1ccc2c(c1)NC(=O)/C2=C1\Nc2ccccc2\C1=N/O
594170,Nc1ccc2c(c1)/C(=C1/Nc3ccccc3C1=O)C(=O)N2
87477,CCCCCCCC/C=C/CCCCCCCC(=O)OC[C@H](CO)OC(C)=O
594137,O=C1Nc2cc([N+](=O)[O-])ccc2/C1=C1/Nc2ccccc2/C1=N\O
94605,COCc1cc(O)c(O)c(O)c1-c1c(COC)cc(O)c(O)c1O
594118,CC(=O)Nc1ccc2c(c1)/C(=C1/Nc3ccc(Br)cc3/C1=N\O)C(=O)N2
593525,CCCCCCCCCC(=O)Nc1ccc(S(=O)(=O)Nc2nncs2)cc1
593526,CCCCCCCCCCCCc1ccc(S(=O)(=O)Nc2nncs2)cc1
594145,O=C1Nc2c(Br)cc([N+](=O)[O-])cc2/C1=C1/Nc2ccccc2/C1=N\O
584077,O=c1nc(C=Cc2ccc(Cl)cc2)oc2ccccc12
584764,O=C(NCc1ccco1)C1CCN(S(=O)(=O)c2ccc(Br)cc2)CC1
94127,OC[C@H]1O[C@@H](n2cnc3c(SCc4c(F)cccc4Cl)ncnc32)[C@H](O)[C@@H]1O
584625,COc1ccc(-c2nc3cc(Cc4ccc5[nH]c(-c6ccc(OC)cc6)nc5c4)ccc3[nH]2)cc1
584836,Cc1ccc2c(C)nc(Nc3nc(C)cc(-c4ccccc4)n3)nc2c1
584666,c1ccc(CNc2nc(Nc3ccccc3)nc3ccccc23)cc1
584621,CN(C)c1ccc(N2C(N)=NC(N)=NC2(C)C)cc1
584192,CCOc1ccc(Nc2ccnc3cc(Cl)ccc23)cc1
584937,CCOC(=O)c1ccc2nc(-c3ccccc3)cc(O)c2c1
584940,Clc1ccc2[nH]c3c(NCCCN4CCOCC4)ncnc3c2c1
596440,O=C(Nc1ccc2ncnc(Nc3cccc(Br)c3)c2c1)[C@@H]1O[C@H]1CN1CCCCC1
95558,COC(=O)c1cc(OCc2ccccc2)c(OCc2ccccc2)c(OC)c1-c1c(C(=O)OC)cc(OCc2ccccc2)c(OCc2ccccc2)c1OC
583947,COc1ccc(Nc2nc(NCc3ccccc3)c3ccccc3n2)cc1
541684,Cc1cc(Nc2ccc(Cl)cc2)n2nc(C(F)(F)F)nc2n1
584862,COc1ccc(OC)c(C2C3=C(CC(C)(C)CC3=O)N(c3ccc(Cl)c(Cl)c3)C3=C2C(=O)CC(C)(C)C3)c1
584225,COc1ccc(C(=O)NC(c2ccccc2Cl)c2cc(Cl)c3cccnc3c2O)cc1
584919,Cc1cccc(N2C(=O)C3C(C2=O)C2(c4ccccc4)C(=O)C3(c3ccccc3)C(c3ccc4c(c3)OCO4)=C2c2ccc3c(c2)OCO3)c1
585304,Cc1cc(=O)oc2c1ccc1oc(C(=O)c3ccccc3)c(C)c12
589005,COc1ccc(CN2CCN(Cc3ccccc3)CC2)c(O)c1
587558,COc1cc2c(cc1OC)C1=NNC(=O)C1=NC(C)(C)C2
590097,COc1ccc2c(c1OC)C(=O)N1c3ccccc3N=C(c3ccc(C)cc3)CC21
589909,Oc1c(CN2CCN(c3ccccc3F)CC2)cc(Br)c2cccnc12
588511,COc1ccc(C(C)=O)cc1N1C(=O)C2C(C1=O)C1(c3ccccc3)C(=O)C2(c2ccccc2)C(c2ccc(C)cc2)=C1c1ccc(C)cc1
585750,CCCCCCc1cc(O)c2c3c(c(=O)oc2c1)CCC(C)C3
589186,Cl.OC(CNCc1ccccc1)Cn1c2ccccc2c2ccccc21
589951,COc1ccccc1N1CCN(C(CNS(=O)(=O)c2ccc(Cl)cc2)c2cccnc2)CC1
590009,Oc1ccc(Br)cc1CN1CCN(Cc2ccc(Cl)cc2)CC1
583860,CCCc1c(C)nc2ccc(Br)cc2c1O
583733,COc1ccc(CCNC(=O)c2cc(S(=O)(=O)N3CC(C)CC(C)C3)ccc2Sc2ccc(F)cc2)cc1OC
586712,Cc1ccc(F)cc1NC(=O)c1cc(Cl)ccc1Nc1ccccc1
584599,Oc1c2c(nc3cc(-c4ccccc4)nn13)CCCC2
585010,CCCc1c(C)nc2ccccc2c1O
588276,CC(=O)Nc1nc(C)c(-c2csc(Nc3ccc(Br)cc3)n2)s1
589892,CCOc1ccc(Nc2c3ccccc3nc3ccccc23)cc1.Cl
587933,CCOc1ccc2nc(C)cc(Nc3ccc(Br)cc3)c2c1
587983,CC1=C(CC(=O)c2cccc([N+](=O)[O-])c2)C(=O)c2ccccc2C1=O
588341,CCCCc1c(C)nc2c(OC)cccc2c1O
584711,OC1CCCCC1C1(NC(=S)Nc2ccccc2)CCCCC1
586096,CCCCCCOC(=O)C1=C(C)NC(=O)NC1c1ccccc1F
586699,OC1=C2C(=Nc3ccccc3SC2c2ccc(Br)cc2)c2ccccc21
589393,COc1ccc(C)c2sc(N(Cc3cccnc3)C(=O)c3ccc(C#N)cc3)nc12
586006,Clc1ccc2c(N3CCCC3)ccnc2c1
585240,COc1cc2c3cc1Oc1c(OC)c(OC)cc4c1C(Cc1ccc(O)c(c1)Oc1ccc(cc1)CC3N(C)CC2)N(C)CC4.Cl
587251,CCCCCCc1cc2cc(-c3nc4ccccc4[nH]3)c(=Nc3ccccc3C)oc2cc1O
587325,CCOc1c(Cl)cc(CNC(C)C(O)c2ccccc2)cc1OC
586043,COc1ccc(C2Sc3ccccc3N=C3C2=C(O)c2ccccc23)cc1
584906,CCOC(=O)C1CCN(C(=O)CN2C(=O)c3ccccc3C2c2c[nH]c3ccccc23)CC1
602271,C[C@@H](Oc1cc(-c2cnn(C3CCNCC3)c2)cnc1N)c1c(Cl)ccc(F)c1Cl
589500,CCCCCCC(O)(c1ccc(F)cc1)C(CN1CCOCC1)c1ccccc1.Cl
588649,Cc1ccc(N2C3c4ccccc4N(S(=O)(=O)c4ccc(C)cc4)C2c2ccccc2N3S(=O)(=O)c2ccc(C)cc2)cc1
586708,Br.Cc1ccc(C)c(-c2csc(Nc3ccc(C)c(C)c3)n2)c1
586418,COc1cc(OC)cc(N2C(=O)N(Cc3ccc(C(C)(C)C)cc3)c3ccccc3S2(=O)=O)c1
585859,CCOc1c(Br)cc(C2C(C(=O)OC)=CN(C)C=C2C(=O)OC)cc1OC
584849,CCOc1ccc(CCNC(=O)c2cccs2)cc1OCC
584016,CCCc1c(CC)c(=N)c2ccccc2n1C
589776,CCCN(CCC)CCCNC(=O)c1cc2c(-c3ccc(OC)c(OC)c3)nn(C)c2s1
588780,COc1ccc(C(=O)C2CC2c2ccc(Cl)cc2)cc1
588588,Cc1cc(N2CCN(C3CCCC3)CC2)n2c(nc3ccccc32)c1C#N
590119,CCCCCn1c(=N)n(CC(O)COc2cccc(C)c2)c2ccccc21.Cl
589139,CCN(CC)CCCNc1nc(-c2ccc(Cl)cc2)nc2ccccc12
584187,O=c1c2c([nH]c3ccccc13)CCCC2
583644,CN1c2ccccc2N(C)C1c1ccc2c(c1)OCO2
588301,Cc1ccc(Nc2nc(NCCO)c3ccccc3n2)cc1C
95813,O=C(N[C@@H]1CNCCC[C@H]1OC(=O)c1cc(O)c(C(=O)c2c(O)cccc2C(=O)O)c(O)c1)c1ccc(O)cc1
589844,COc1ccc2sc(N(Cc3cccnc3)C(=O)c3ccc(C#N)cc3)nc2c1
586074,CC1CC2=C(CC1CNCCCN(C)C)C(C)(C)CCC2
588028,CN(C)c1ccc(N=Cc2ccc(N3CCOCC3)cc2)cc1
584913,CCCCOc1ccc(C(=O)Nc2cc(C)on2)cc1
588394,CCOc1ccc2nc3cc(NCc4ccco4)ccc3c(N)c2c1
589016,O=C(NCC1Cc2cccc(-c3ccncc3)c2O1)c1csc2c1CCCC2
589886,CC1CCCCN1CCCNC(=O)c1ccc2c(c1)sc1nc(-c3ccc(F)cc3)cn12
597145,C[C@]12O[C@H](C[C@]1(O)CO)n1c3ccccc3c3c4c(c5c6ccccc6n2c5c31)CNC4=O
594058,O=C1Nc2ccc([N+](=O)[O-])cc2/C1=C1/Nc2ccc(Br)cc2C1=O
584061,COc1ccccc1N1C(=N)SC(=Cc2ccc(OCc3ccccc3F)cc2)C1=O
584448,CCc1ccc(Nc2cc(C)nc3nc(C)nn23)cc1
589349,CCOC(=O)c1cnc2ccc(OC)cc2c1NCc1ccccc1
594028,Nc1ccc2c(c1)/C(=C1/Nc3ccccc3/C1=N\O)C(=O)N2
594127,CC(=O)Nc1ccc2c(c1)/C(=C1/Nc3ccc(Br)cc3C1=O)C(=O)N2
584814,CCOC(=O)c1cnc2c(C)cc(C)cc2c1Nc1ccc(OC)c(OC)c1
583989,Br.CCN(CC)S(=O)(=O)c1ccc(-c2csc(Nc3ccc(C)c(C)c3)n2)cc1
604755,CCSc1nc2c(N)ncnc2n1C1O[C@H](COP(=O)(O)OP(=O)(O)OP(=O)(O)OP(=O)(O)OP(=O)(O)OC[C@H]2OC(n3cnc4c(N)ncnc43)[C@H](O)[C@@H]2O)[C@@H](O)[C@H]1O
594027,O=C1Nc2c(Br)cc([N+](=O)[O-])cc2/C1=C1/Nc2ccc(Br)cc2/C1=N\O
584654,CC(=O)Nc1nc(C)c(-c2csc(Nc3ccc(C)cc3)n2)s1
583898,CCCn1c(=N)c(C(=O)NC2CCCCC2)cc2c(=O)n3cccc(C)c3nc21
597216,CN(C)S(=O)(=O)c1ccc2c(c1)/C(=C/c1cc3c([nH]1)CCCC3)C(=O)N2
605293,O=c1[nH]c(=O)n(C2O[C@H](CO)[C@@H](O)[C@@H]2O)cc1/C=C\Br
589317,COc1ccc(NC(=O)C2c3ccccc3C(=O)N(CC(C)C)C2c2cccs2)cc1
604778,CCC[C@@H](OP(=O)(O)OP(=O)(O)OP(=O)(O)OP(=O)(O)OP(=O)(O)OC[C@H]1OC(n2c(SCC)nc3c(N)ncnc32)[C@H](O)[C@@H]1O)[C@H]1OC(n2cnc3c(N)ncnc32)[C@H](O)[C@@H]1O
604706,CCSc1nc2c(N)ncnc2n1C1O[C@H](COP(=O)(O)OP(=O)(O)OP(=O)(O)OP(=O)(O)OP(=O)(O)O[C@H](C)[C@H]2OC(n3cnc4c(N)ncnc43)[C@H](O)[C@@H]2O)[C@@H](O)[C@H]1O
605385,N=C(N)NCCC[C@@H](NC(=O)[C@@H](CCCNC(=N)N)NC(=O)CCCCCNC(=O)[C@H]1OC(n2cnc3c(N)ncnc32)[C@H](O)[C@@H]1O)C(=O)O
584459,c1ccc(Cn2c(N=Nc3c(Nc4ccccc4)ccc4ccccc34)nc3ccccc32)cc1
594168,O=C1Nc2c(Br)cc([N+](=O)[O-])cc2/C1=C1/Nc2ccccc2C1=O
605864,CCSc1nc2c(N)ncnc2n1C1O[C@H](COP(=O)(O)OP(=O)(O)OP(=O)(O)OP(=O)(O)OP(=O)(O)OC[C@H]2OC(n3c(SCC)nc4c(N)ncnc43)[C@H](O)[C@@H]2O)[C@@H](O)[C@H]1O
584282,CCOC(=O)C1=CN(C)C=C(C(=O)OCC)C1c1cc(Br)c(OCC)c(OC)c1
95698,CCOC(=O)c1cc(OCc2ccccc2)c(OCc2ccccc2)c(OC)c1-c1c(C(=O)OCC)cc(OCc2ccccc2)c(OCc2ccccc2)c1OC
583950,CCN1CCN(c2c(C(=O)c3ccccc3)cnc3cc(OC)c(OC)cc23)CC1
88619,CN1CCN(CCCNc2ncc3cc(-c4c(Cl)cccc4Cl)c(NC(=O)CC(C)(C)C)nc3n2)CC1
589582,Cc1c(C)n(CC(O)CNC2CCCCC2C)c2ccccc12
94753,OC[C@H]1O[C@@H](n2cnc3c(SCc4ccccc4)ncnc32)[C@H](O)[C@@H]1O
594046,O=C1Nc2c(Br)cc([N+](=O)[O-])cc2/C1=C1/Nc2ccc(Br)cc2C1=O
594120,O=C1Nc2cc([N+](=O)[O-])ccc2/C1=C1/Nc2ccc(Br)cc2C1=O
88667,CC/N=C(\S)Nc1nc2nc(NCCCN(CC)CC)ncc2cc1-c1c(Cl)cccc1Cl
594068,Nc1ccc2c(c1)/C(=C1/Nc3ccc(Br)cc3/C1=N\O)C(=O)N2
594158,O=C1Nc2cc([N+](=O)[O-])ccc2/C1=C1/Nc2ccc(Br)cc2/C1=N\O
589510,C=C(C)CCC(C)N1CCC(N2CCC(C(=O)NCCc3ccccc3)CC2)CC1
94624,OC[C@H]1O[C@@H](n2cnc3c(SCc4ccccc4F)ncnc32)[C@H](O)[C@@H]1O
586277,Cc1ccc(S(=O)(=O)c2c(COC(=O)c3cccc(C)c3)c(-c3ccccc3)nn2C)cc1
604615,CCOc1cc2ncc(C#N)c(Nc3ccc(F)c(Cl)c3)c2cc1NC(=O)/C=C/CN(C)C
94754,Cc1cc(C)c(CSc2ncnc3c2ncn3[C@@H]2O[C@H](CO)[C@@H](O)[C@H]2O)c(C)c1
607776,Nc1ncnc2c1ncn2C1O[C@H](COP(=O)(O)OP(=O)(O)OP(=O)(O)Cc2cn(C3C[C@H](O)[C@@H](CO)O3)c(=O)[nH]c2=O)[C@@H](O)[C@H]1O
584354,C=CCc1c(C)nc2ccccc2c1O
600132,COc1c(Cl)cc2c([nH]c3cnccc32)c1NC(=O)c1cccnc1C
606007,COc1ccc(CNP(=O)(O)OP(=O)(O)OP(=O)(O)OC[C@H]2OC(n3cnc4c(N)ncnc43)[C@H](O)[C@@H]2O)cc1
608601,CO[C@@H]1[C@H](N(C)C(=O)c2ccccc2)C[C@H]2O[C@]1(C)n1c3ccccc3c3c4c(c5c6ccccc6n2c5c31)C(=O)NC4
587421,CC(C)(C)c1ccc(C2CC3=Nc4ccccc4N(C(=O)c4ccccc4Cl)C(c4ccc(F)cc4)C3=C(O)C2)cc1
584083,CN1CCN(c2nc(Nc3ccc(O)cc3)nc3ccccc23)CC1.Cl
587872,CCOC(=O)c1c[nH]c2c(CC)cccc2c1=O
594128,Nc1ccc2c(c1)NC(=O)/C2=C1\Nc2ccccc2C1=O
584811,CCCCc1c(CCC)c(=N)c2ccccc2n1C.I
90403,Oc1c(Cl)cc(Cl)cc1-c1n[nH]c(-c2cccc(Cl)c2)n1
90404,Oc1c(Cl)cc(Cl)cc1-c1n[nH]c(-c2ccc(Cl)cc2)n1
89370,COc1cccc(NC(=O)Nc2nc3nc(NCCCN4CCN(C)CC4)ncc3cc2-c2c(Cl)cccc2Cl)c1
594067,Nc1ccc2c(c1)/C(=C1/Nc3ccc(Br)cc3C1=O)C(=O)N2
608285,N=C(N)NCCC[C@@H](NC(=O)[C@@H](CCCNC(=N)N)NC(=O)[C@@H](CCCNC(=N)N)NC(=O)[C@@H](CCCNC(=N)N)NC(=O)[C@@H](CCCNC(=N)N)NC(=O)[C@@H](CCCNC(=N)N)NC(=O)CCCCCNC(=O)[C@H]1OC(n2cnc3c(N)ncnc32)[C@H](O)[C@@H]1O)C(=O)O
608286,C[C@@H](NC(=O)CCNC(=O)CCNC(=O)[C@H]1OC(n2cnc3c(N)ncnc32)[C@H](O)[C@@H]1O)C(=O)N[C@H](CCCNC(=N)N)C(=O)N[C@H](CCCNC(=N)N)C(=O)N[C@H](CCCNC(=N)N)C(=O)N[C@H](CCCNC(=N)N)C(=O)N[C@H](CCCNC(=N)N)C(=O)N[C@H](CCCNC(=N)N)C(=O)O
608287,N=C(N)NCCC[C@@H](NC(=O)[C@@H](CCCNC(=N)N)NC(=O)[C@@H](CCCNC(=N)N)NC(=O)[C@@H](CCCNC(=N)N)NC(=O)[C@@H](CCCNC(=N)N)NC(=O)[C@@H](CCCNC(=N)N)NC(=O)CCCCCCCNC(=O)[C@H]1OC(n2cnc3c(N)ncnc32)[C@H](O)[C@@H]1O)C(=O)O
584216,CCCCN(CCCC)S(=O)(=O)c1ccc(NC(=O)c2ccco2)cc1
608288,N=C(N)NCCC[C@@H](NC(=O)[C@@H](CCCNC(=N)N)NC(=O)[C@@H](CCCNC(=N)N)NC(=O)[C@@H](CCCNC(=N)N)NC(=O)CCCCCNC(=O)[C@H]1OC(n2cnc3c(N)ncnc32)[C@H](O)[C@@H]1O)C(=O)O
608290,C[C@H](C(=O)N[C@H](CCCNC(=N)N)C(=O)N[C@H](CCCNC(=N)N)C(=O)N[C@H](CCCNC(=N)N)C(=O)N[C@H](CCCNC(=N)N)C(=O)N[C@H](CCCNC(=N)N)C(=O)N[C@H](CCCNC(=N)N)C(=O)O)N1CCC[C@H]1C(=O)N1CCC[C@@H]1C(=O)[C@H]1OC(n2cnc3c(N)ncnc32)[C@H](O)[C@@H]1O
608291,N=C(N)NCCC[C@@H](NC(=O)[C@@H](CCCNC(=N)N)NC(=O)[C@@H](CCCNC(=N)N)NC(=O)[C@@H](CCCNC(=N)N)NC(=O)[C@@H](CCCNC(=N)N)NC(=O)[C@@H](CCCNC(=N)N)NC(=O)CCCCCCCCCCNC(=O)[C@H]1OC(n2cnc3c(N)ncnc32)[C@H](O)[C@@H]1O)C(=O)O
608292,N=C(N)NCCC[C@@H](NC(=O)[C@@H](CCCNC(=N)N)NC(=O)[C@@H](CCCNC(=N)N)NC(=O)[C@@H](CCCNC(=N)N)NC(=O)[C@@H](CCCNC(=N)N)NC(=O)[C@@H](CCCNC(=N)N)NC(=O)CCNC(=O)[C@H]1OC(n2cnc3c(N)ncnc32)[C@H](O)[C@@H]1O)C(=O)O
608293,N=C(N)NCCC[C@@H](NC(=O)[C@@H](CCCNC(=N)N)NC(=O)[C@@H](CCCNC(=N)N)NC(=O)[C@@H](CCCNC(=N)N)NC(=O)[C@@H](CCCNC(=N)N)NC(=O)[C@@H](CCCNC(=N)N)NC(=O)CNC(=O)[C@H]1OC(n2cnc3c(N)ncnc32)[C@H](O)[C@@H]1O)C(=O)O
608295,N=C(N)NCCC[C@@H](NC(=O)[C@@H](CCCNC(=N)N)NC(=O)[C@@H](CCCNC(=N)N)NC(=O)[C@@H](CCCNC(=N)N)NC(=O)[C@@H](CCCNC(=N)N)NC(=O)[C@@H](CCCNC(=N)N)NC(=O)CCCNC(=O)[C@H]1OC(n2cnc3c(N)ncnc32)[C@H](O)[C@@H]1O)C(=O)O
608297,C[C@@H](NC(=O)C(CNC(=O)C(CNC(=O)[C@H]1OC(n2cnc3c(N)ncnc32)[C@H](O)[C@@H]1O)C(=O)O)C(=O)O)C(=O)N[C@H](CCCNC(=N)N)C(=O)N[C@H](CCCNC(=N)N)C(=O)N[C@H](CCCNC(=N)N)C(=O)N[C@H](CCCNC(=N)N)C(=O)N[C@H](CCCNC(=N)N)C(=O)N[C@H](CCCNC(=N)N)C(=O)O
593509,COCCOCCOCC(=O)Nc1ccc(S(=O)(=O)Nc2nncs2)cc1
89214,CCNC(=O)Nc1nc2nc(NCCCN3CCN(C)CC3)ncc2cc1-c1c(Cl)cccc1Cl
94350,OC[C@H]1O[C@@H](n2cnc3c(SCc4ccc(Cl)cc4)ncnc32)[C@H](O)[C@@H]1O
94560,OCc1cc(OCc2ccccc2)c(OCc2ccccc2)c(OCc2ccccc2)c1-c1c(CO)cc(OCc2ccccc2)c(OCc2ccccc2)c1OCc1ccccc1
94218,COc1ccc(CSc2ncnc3c2ncn3[C@@H]2O[C@H](CO)[C@@H](O)[C@H]2O)cc1
94155,OC[C@H]1O[C@@H](n2cnc3c(SCc4ccc(Cl)cc4Cl)ncnc32)[C@H](O)[C@@H]1O
92657,CN1Cc2c(c3c4ccccc4n(C)c3c3c2c2ccccc2n3CCC#N)C1=O
94137,O=[N+]([O-])c1cccc(CSc2ncnc3c2ncn3[C@@H]2O[C@H](CO)[C@@H](O)[C@H]2O)c1
94312,N#Cc1ccc(CSc2ncnc3c2ncn3[C@@H]2O[C@H](CO)[C@@H](O)[C@H]2O)cc1
233,Cn1cc(C2=C(c3cn(CCCCCO)c4ccccc34)C(=O)NC2=O)c2ccccc21
231,Cn1cc(C2=C(c3cn(CCCO)c4ccccc34)C(=O)NC2=O)c2ccccc21
239,Cn1cc(C2=C(c3cn(CCCCCN)c4ccccc34)C(=O)NC2=O)c2ccccc21
148,O=c1oc2c(O)c(O)cc3c(=O)oc4c(O)c(O)cc1c4c23
278,Cn1cc(C2=C(c3cn(CCCCCSC(=N)N)c4ccccc34)C(=O)NC2=O)c2ccccc21
263,Cn1cc(C2=C(c3cn(CCC/N=C(\N)N[N+](=O)[O-])c4ccccc34)C(=O)NC2=O)c2ccccc21
213,Cn1cc(C2=C(c3cn(CCCSC(=N)N)c4ccccc34)C(=O)NC2=O)c2ccccc21
103840,Fc1ccc(-c2nc[nH]c2-c2ccncc2)cc1
217,Cn1cc(C2=C(c3cn(CCC[N+](C)(C)C)c4ccccc34)C(=O)NC2=O)c2ccccc21
219,Cn1cc(C2=C(c3cn(CCCCC(=N)N)c4ccccc34)C(=O)NC2=O)c2ccccc21
99010,Oc1[nH]c(Nc2ccc3ccccc3c2)nc2ncnc1-2
103525,Fc1ccc(-c2[nH]c(-c3c(F)c(F)nc(F)c3F)nc2-c2ccncc2)cc1
99753,Cc1ccc(Nc2nc(O)c3[nH]cnc3n2)cc1Cl
104135,Nc1ccn([C@@H]2C=C(CO)[C@@H](O)[C@H]2O)c(=O)n1
99831,CCCc1cccc(Nc2nc(O)c3[nH]cnc3n2)c1
103841,Nc1nc(N)c(F)c(-c2nc(-c3ccc(F)cc3)c(-c3ccncc3)[nH]2)c1F
98782,Nc1[nH]c(Nc2ccccc2)nc2ncnc1-2
99369,Oc1[nH]c(Nc2ccc(C(F)(F)F)cc2)nc2ncnc1-2
1054,CCCCCCCCC#Cc1ccc2c(c1)C[C@@H](CO)NC(=O)[C@H](C(C)C)N2C
98780,CCCCCCNc1nc(O)c2[nH]cnc2n1
99048,Clc1[nH]c(Nc2ccccc2)nc2ncnc1-2
99783,CCc1ccc(Nc2nc(O)c3[nH]cnc3n2)cc1
98961,Oc1[nH]c(NCc2cccc(Cl)c2)nc2ncnc1-2
100000,Oc1[nH]c(Nc2ccc(Br)c(Br)c2)nc2ncnc1-2
104067,Nc1nc(N)c(F)c(-c2nc(-c3ccc(F)cc3)c(-c3ccncc3)s2)c1F
106659,Nc1ncnc2nc(-c3ccc(N4CCOCC4)cc3)cnc12
101387,Nc1nc(N)c2[nH]c(-c3ccccc3)nc2n1
100461,Nc1ncnc2nc(-c3ccc(N4CCOCC4)nc3)cc(-c3cccc(Br)c3)c12
106945,Cc1cc(C)c(NC(=O)c2sc(NC(=O)OC(C)(C)C)nc2C)c(C)c1
105936,C[C@H]1O[C@@H](n2cc(-c3ccccc3)c3c(Nc4ccc(F)cc4)ncnc32)[C@H](O)[C@@H]1O
105935,C[C@H]1O[C@@H](n2cc(I)c3c(N)ncnc32)[C@H](O)[C@@H]1O
105623,CN(C)c1ccc(-c2cnc3c(N)ncnc3n2)cc1
106042,CN(C)c1ccc(-c2nc3ncnc(N)c3cc2-c2ccc(C(C)(C)C)cc2)cc1
103047,Nc1nc(N)c(F)c(-c2nc(-c3ccncc3)c(-c3cc4ccccc4o3)[nH]2)c1F
103048,Nc1nc(N)c(F)c(-c2nc(-c3ccncc3)c(-c3ccco3)[nH]2)c1F
102959,Fc1ccc(-c2[nH]ccc2-c2ccncc2)cc1
106079,Cc1ccc(-c2cc3c(N)ncnc3nc2-c2ccc(N(C)C)cc2)cc1
105615,Nc1ccc(-c2cnc3c(N)ncnc3n2)cc1
107585,CCCCCCCCCCCCC/C=C/[C@@H](O)[C@@H](N)CO
106660,COc1ccc(-c2cnc3c(N)ncnc3n2)cc1
109758,COCCNc1nccc(-c2[nH]c([C@H]3OC[C@@](C)(C(=O)NCC4CC4)CO3)nc2-c2ccc(F)cc2)n1
103328,CCN(CC)CCOc1ccc(C(=C(C#N)c2ccccc2)c2ccc(OCCN(CC)CC)cc2)cc1
106594,CN(C)c1ccc(-c2cc(-c3ccccc3)c3c(N)ncnc3n2)cc1
29637,COC(=O)Nc1nc2cc(C(=O)c3ccccc3)ccc2[nH]1
106296,CN(C)c1ccc(-c2cc(-c3cccc(Br)c3)c3c(N)ncnc3n2)cn1
106297,CN(C)c1ccc(-c2cc(-c3cccc(Br)c3)c3c(N)ncnc3n2)cc1
109865,CN(C)C(=O)[C@]1(C)CO[C@@H](c2nc(-c3ccc(F)cc3)c(-c3ccnc(NCC4CC4)n3)[nH]2)OC1
108981,Oc1cc(O)cc(/C=C/c2ccc(O)c(O)c2)c1
110103,O=c1[nH]c(=O)n([C@@H]2O[C@H](CO)[C@@H](O)[C@@H]2O)cc1/C=C/Br
109942,CN1CCN(C(=O)[C@]2(C)CO[C@@H](c3nc(-c4ccc(F)cc4)c(-c4ccnc(NCC5CC5)n4)[nH]3)OC2)CC1
110465,CC(C)NC(=O)[C@]1(C)CO[C@@H](c2nc(-c3ccc(F)cc3)c(-c3ccnc(NCC4CC4)n3)[nH]2)OC1
1011,CCCCCCCCC#Cc1ccc2c(c1OC)C[C@@H](CO)NC(=O)[C@H](C(C)C)N2C
109714,C[C@]1(C(=O)NC2CC2)CO[C@H](c2nc(-c3ccc(F)cc3)c(-c3ccnc(NCC4CC4)n3)[nH]2)OC1
109845,CCCNC(=O)[C@]1(C)CO[C@@H](c2nc(-c3ccc(F)cc3)c(-c3ccnc(NCc4ccco4)n3)[nH]2)OC1
109789,COCCCNc1nccc(-c2[nH]c([C@H]3OC[C@@](C)(C(=O)NCCOC)CO3)nc2-c2ccc(F)cc2)n1
36864,Nc1nc2[nH]cnc2c(=S)[nH]1
117521,O=Cc1csc(-c2ccc(-c3cccs3)s2)c1
122010,CNC(=O)c1ccc(S(=O)(=O)Oc2ccc(/C=C/[N+](=O)[O-])cc2)cc1
2249,CN(C)CCCn1cc(C2=C(c3c[nH]c4ccccc34)C(=O)NC2=O)c2ccccc21
117328,O=Cc1csc(-c2ccc(-c3ccc(C=O)s3)s2)c1
40940,Nc1ncnc2c1ncn2[C@@H]1O[C@H](COP(=O)(O)O)[C@@H](O)[C@H]1O
122337,CCCCc1c(-c2ccc(O)cc2)[nH]c2nccnc12
118044,OCc1csc(-c2ccc(-c3cccs3)s2)c1
122090,COC(=O)c1ccc(S(=O)(=O)Oc2ccc(/C=C/[N+](=O)[O-])cc2)cc1O
121956,O=C(O)c1ccc(S(=O)(=O)Oc2ccc(/C=C/[N+](=O)[O-])cc2)cc1
122091,CCCCNC(=O)c1ccc(S(=O)(=O)Oc2ccc(/C=C/[N+](=O)[O-])cc2)cc1
122062,COC(=O)c1ccc(S(=O)(=O)Oc2ccc(/C=C/[N+](=O)[O-])cc2)cc1
127572,COC(=O)c1c(N)ncnc1N[C@@H]1O[C@H](CO)[C@@H](O)[C@H]1O
122016,O=C(O)c1ccc(S(=O)(=O)Oc2ccc(/C=C/[N+](=O)[O-])cc2)c(O)c1
127157,CCCCCCCCCCCCCC(=O)O[C@@H]1CC(=O)O[C@@H](CO)C1
127580,Nc1ncnc(N[C@@H]2O[C@H](CBr)[C@@H](O)[C@H]2O)c1[N+](=O)[O-]
127130,CCCCCCCCCCCCC/C=C1\C[C@@H](OC(C)=O)[C@H](CO)OC1=O
47675,O=c1[nH]c(=O)n([C@H]2C[C@H](O)[C@@H](CO)O2)cc1I
131576,CCCCCCCCCCc1cccc([C@@H](O)[C@@H](N)CO)n1
131528,CCCCCCCCCCCCCCCCc1cccc([C@@H](O)[C@@H](N)CO)n1
132037,CCCCCCCC#Cc1ccc([C@@H](O)[C@@H](N)CO)s1
127342,CCCCCCCCCCCCC/C=C1/C[C@@H](OC(C)=O)[C@H](CO)OC1=O
132750,O=C(C(Cl)Cl)N1CCC(Cc2ccccc2)CC1
132749,CC(Cl)C(=O)N1CCC(Cc2ccccc2)CC1
132068,CCCCCCCCCCCCc1ccc([C@@H](O)[C@@H](N)CO)s1
132174,CC(=O)O.CCCCCCCCCCC#Cc1cccc([C@@H](O)[C@@H](N)CO)c1
132944,C[C@@](O)(C(=O)N1CCCN(Cc2ccccc2)CC1)C(F)(F)F
132732,C[C@@H]1CN(C(=O)[C@@](C)(O)C(F)(F)F)CCN1C(=O)c1ccccc1
132145,C[C@@H]1CN(C(=O)[C@@](C)(O)C(F)(F)F)CCN1C(=O)c1cc(Cl)cc(Cl)c1
132146,C[C@@](O)(C(=O)N1CCN(Cc2ccccc2)CC1)C(F)(F)F
133453,CC(=O)N1CCC(Cc2ccccc2)CC1
130995,CCCCCCCCCCCCc1cccc([C@@H](O)[C@@H](N)CO)n1
127618,COC(=O)c1cncnc1N[C@@H]1O[C@H](CO)[C@@H](O)[C@H]1O
129842,O=C1ON=C(c2ccccc2)/C1=C/c1ccco1
127657,COC(=O)c1c(Cl)ncnc1N[C@@H]1O[C@H](CO)[C@@H](O)[C@H]1O
127237,Nc1ncnc(N[C@@H]2O[C@H](CO)[C@@H](O)[C@H]2O)c1C1=NCCO1
127234,COC(=O)c1c(N)ncnc1N[C@@H]1O[C@H](CN)[C@@H](O)[C@H]1O
131213,CCCCCCCCc1cccc([C@@H](O)[C@@H](N)CO)n1
132399,COC(=O)c1ccc(C(=O)N2C[C@H](C)N(C(=O)[C@@](C)(O)C(F)(F)F)C[C@H]2C)cc1
127417,C[C@H]1O[C@@H](Nc2ncnc(N)c2[N+](=O)[O-])[C@H](O)[C@@H]1O
131757,O=C(NCc1ccc(O)cc1O)c1ccc2ccc(C(=O)O)c(O)c2n1
132586,CCC(O)(C(=O)NC1C2CC3CC(C2)CC1C3)C(F)(F)F
132590,CC(C)[C@H]1CN(C(=O)c2ccc(C#N)cc2)[C@H](C)CN1C(=O)[C@@](C)(O)C(F)(F)F
127309,CCCCCCCCCCCCCCC1C[C@@H](OC(C)=O)[C@H](CO)OC1=O
132093,CCCCCCCCCCCC#Cc1ccc([C@@H](O)[C@@H](N)CO)s1
132718,CCC(O)(C(=O)Nc1ccccc1Cl)C(F)(F)F
132031,CCCCCCCCCCC#Cc1cc([C@@H](O)[C@@H](N)CO)cs1
132127,CCCCCCCCCCC#Cc1ccc([C@@H](O)[C@@H](N)CO)s1
132180,C[C@@H]1CN(C(=O)[C@@](C)(O)C(F)(F)F)[C@@H](C)CN1Cc1ccccc1
136821,C[C@@H]1C[C@H]2O[C@@H]2/C=C\C=C\C(=N/OCC(=O)NCCO)Cc2c(Cl)c(O)cc(O)c2C(=O)O1
132338,O=C(Nc1ccccc1Cl)C(Cl)Cl
3665,O=c1cc(-c2ccccc2)oc2cc(O)c(O)c(O)c12
136308,C[C@@H]1C[C@H]2O[C@@H]2/C=C\C=C\C(=N/OCC(=O)N2CCOCC2)Cc2c(Cl)c(O)cc(O)c2C(=O)O1
6968,CC/C(=C(\c1ccccc1)c1ccc(OCCN(C)C)cc1)c1ccccc1
136438,C[C@@H]1C[C@H]2O[C@@H]2/C=C\C=C\C(=N/OCC(=O)N2CCCCC2)Cc2c(Cl)c(O)cc(O)c2C(=O)O1
136439,C[C@@H]1C[C@H]2O[C@@H]2/C=C\C=C\C(=N/OCC(=O)N2CCCCCC2)Cc2c(Cl)c(O)cc(O)c2C(=O)O1
132065,CCCCCCCCCCCC(=O)c1ccc([C@@H](O)[C@@H](N)CO)s1
133005,C[C@@](O)(C(=O)N1CCN(C(=O)c2ccc(C#N)cc2)CC1)C(F)(F)F
132737,C[C@@H]1CN(C(=O)[C@@](C)(O)C(F)(F)F)[C@@H](C)CN1C(=O)c1cc(Cl)cc(Cl)c1
131610,CCCCCCCCCCCc1cccc([C@@H](O)[C@@H](N)CO)n1
136758,C[C@@H]1C[C@H]2O[C@@H]2/C=C\C=C\C(=N/OCC(=O)Nc2cccnc2)Cc2c(Cl)c(O)cc(O)c2C(=O)O1
132177,C[C@@H]1CN(C(=O)[C@@](C)(O)C(F)(F)F)CCN1S(=O)(=O)c1ccc(C(C)(C)C)cc1
132242,CCCCCCCCCC#Cc1cccc([C@@H](O)[C@@H](N)CO)n1
133175,CNC(=O)N1CCC(Cc2ccccc2)CC1
132694,C[C@@H]1CN(C(=O)[C@@](C)(O)C(F)(F)F)CCN1S(=O)(=O)c1ccccc1
131824,CCCCCCCCC#Cc1cccc([C@@H](O)[C@@H](N)CO)n1
131996,C[C@@H]1CN(C(=O)[C@@](C)(O)C(F)(F)F)CCN1c1cc([N+](=O)[O-])ccn1
132240,CCCCCCCCCCCCc1cccc([C@@H](O)[C@@H](N)CO)c1
133268,O=C(N1CCC(Cc2ccccc2)CC1)C(Cl)(Cl)Cl
132039,C[C@@](O)(C(=O)N1CCN(c2cc([N+](=O)[O-])ccn2)CC1)C(F)(F)F
132436,C[C@@H]1CN(C(=O)[C@@](C)(O)C(F)(F)F)CCN1Cc1ccccc1
132917,C[C@@H]1CN(C(=O)[C@@](C)(O)C(F)(F)F)CCN1C(=O)OCc1ccccc1
133144,C[C@@H]1CN(C(=O)[C@@](C)(O)C(F)(F)F)CCN1S(=O)(=O)c1cccc2ccccc12
132124,CCCCCCCCCCCC(=O)c1csc([C@@H](O)[C@@H](N)CO)c1
132178,Cc1cc(C)c(-c2ccc(S(=O)(=O)N3CCN(C(=O)[C@@](C)(O)C(F)(F)F)C[C@H]3C)cc2)c(C)c1
4035,COc1ccc(C(=O)NCC(=O)O)cc1
132975,C[C@@](O)(C(=O)N1CCCN(c2cc(Cl)ccn2)CC1)C(F)(F)F
136089,C[C@@H]1C[C@H]2O[C@@H]2/C=C\C=C\C(=N/OCC(=O)NCCc2cccn2C)Cc2c(Cl)c(O)cc(O)c2C(=O)O1
132287,CCCCCCCCCCCOc1cccc([C@@H](O)[C@@H](N)CO)c1
132288,CCCCCCCCCCCC(=O)c1cccc([C@@H](O)[C@@H](N)CO)c1
132289,CCCCCCCCCCC#Cc1cccc([C@@H](O)[C@@H](N)CO)c1
136770,COC(=O)CNC(=O)CO/N=C1\C=C\C=C/[C@H]2O[C@@H]2C[C@@H](C)OC(=O)c2c(O)cc(O)c(Cl)c2C1
136156,C[C@@H]1C[C@H]2O[C@@H]2/C=C\C=C\C(=N/OCC(=O)N(CCO)CCO)Cc2c(Cl)c(O)cc(O)c2C(=O)O1
136806,CCN(CC)CCNC(=O)CO/N=C1\C=C\C=C/[C@H]2O[C@@H]2C[C@@H](C)OC(=O)c2c(O)cc(O)c(Cl)c2C1
136807,CCOCCNC(=O)CO/N=C1\C=C\C=C/[C@H]2O[C@@H]2C[C@@H](C)OC(=O)c2c(O)cc(O)c(Cl)c2C1
136257,C[C@@H]1C[C@H]2O[C@@H]2/C=C\C=C\C(=N/O)Cc2c(Cl)c(O)cc(O)c2C(=O)O1
139725,O=C(NCC(F)(F)P(=O)(O)O)C(F)(F)P(=O)(O)O
132079,CCCCCCCCCCCCc1csc([C@@H](O)[C@@H](N)CO)c1
136733,CCN(CC)c1ccc(NC(=O)CO/N=C2\C=C\C=C/[C@H]3O[C@@H]3C[C@@H](C)OC(=O)c3c(O)cc(O)c(Cl)c3C2)cc1
136823,C[C@@H]1C[C@H]2O[C@@H]2/C=C\C=C\C(=N/OCC(=O)NCC2CCCCC2)Cc2c(Cl)c(O)cc(O)c2C(=O)O1
136979,CC(C)(C)c1cc(NC(=O)Nc2ccc(Cl)cc2)n(-c2ccccc2)n1
131896,CCCCCCCCCCCCc1cc([C@@H](O)[C@@H](N)CO)on1
131897,CCCCCCCCCC/C=C/c1csc([C@@H](O)[C@@H](N)CO)c1
143735,O=C(NC1CNCCC[C@H]1OC(=O)c1cc(O)c(C2OC(=O)c3cccc(O)c32)c(O)c1)c1ccc(O)cc1
137008,Cn1nc(C(C)(C)C)cc1NC(=O)Nc1ccc(Cl)cc1
139768,O=P(O)(O)C(F)(F)C(O)(O)C(F)(F)P(=O)(O)O
139767,O=C(NCCP(=O)(O)O)C(F)(F)P(=O)(O)O
145808,Fc1ccc(-c2[nH]c(-c3ccc(Cl)cc3)cc2-c2ccncc2)cc1
143766,O=C(NC1CNCC1OC(=O)c1cc(O)c(C(=O)Nc2ccccc2C(=O)O)c(O)c1)c1ccc(O)cc1
143378,O=C(NC1CNCCC[C@H]1OC(=O)c1cc(O)c(C(=O)c2ccccc2O)c(O)c1)c1ccc(O)cc1
145847,C[S+]([O-])c1ccc(-c2cc(-c3ccncc3)c(-c3ccc(F)cc3)[nH]2)cc1
146323,c1ccc(-c2cc(-c3ccncc3)c(-c3ccncc3)[nH]2)cc1
146520,O=[N+]([O-])c1cccc(-c2cc(-c3ccncc3)c(-c3ccccc3)[nH]2)c1
143278,O=C(NC1CNCC1OC(=O)c1cc(O)c2c(c1)C(=O)c1cccc(O)c1C2=O)c1ccc(O)cc1
146411,C[S+]([O-])c1ccc(-c2cc(-c3ccnc4ccccc34)c(-c3ccc(F)cc3)[nH]2)cc1
143768,O=C(NC1CNCCC[C@H]1OC(=O)c1cc(O)c(C(=O)C2CCCC[C@@H]2C(=O)O)c(O)c1)c1ccc(O)cc1
145878,O=C(O)c1ccc(-c2cc(-c3ccncc3)c(-c3ccccc3)[nH]2)cc1
146406,Fc1ccc(-c2cc(-c3ccc(Cl)cc3)oc2-c2ccncc2)cc1
144228,O=C(O)CN(C(=O)c1c(O)cc(C(=O)OC2CNCC2NC(=O)c2ccc(O)cc2)cc1O)c1ccccc1
143937,COc1cc(C(=O)O[C@@H]2CCCNCC2NC(=O)c2ccc(O)cc2)cc(OC)c1C(=O)c1c(O)cccc1O
143496,O=C(O)COc1cccc(O)c1C(=O)c1c(O)cc(C(=O)OC2CCCC2NC(=O)c2ccc(O)cc2)cc1O
143965,N#Cc1cccc(O)c1C(=O)c1c(O)cc(C(=O)OC2CCCC2NC(=O)c2ccc(O)cc2)cc1O
143732,Cn1nnc(-c2cccc(O)c2C(=O)c2c(O)cc(C(=O)OC3CCCC3NC(=O)c3ccc(O)cc3)cc2O)n1
144058,O=C(NC1CCCC1OC(=O)c1cc(O)c(C(=O)c2c(O)cccc2-c2nn[nH]n2)c(O)c1)c1ccc(O)cc1
146013,Nc1ccc(-c2cc(-c3ccncc3)c(-c3ccccc3)[nH]2)cc1
143731,Cn1nnnc1-c1cccc(O)c1C(=O)c1c(O)cc(C(=O)OC2CCCC2NC(=O)c2ccc(O)cc2)cc1O
144054,O=C(NC1CNCC1OC(=O)c1cc(O)c(C(=O)c2c(O)ccc3ccccc23)c(O)c1)c1ccc(O)cc1
143767,O=C(NC1CCCC1OCc1cc(O)c(C(=O)c2c(O)cccc2C(=O)O)c(O)c1)c1ccc(O)cc1
146491,O=C(NCCN1CCCCC1)c1ccc(-c2cc(-c3ccncc3)c(-c3ccccc3)[nH]2)cc1
146511,Fc1ccc(-c2[nH]c(-c3ccc(Cl)cc3)cc2-c2ccccn2)cc1
146443,CCOC(=O)c1ccc(-c2[nH]c(-c3ccccc3)cc2-c2ccncc2)cc1
143837,O=C(NC1CCCC1OC(=O)c1ccc(C(=O)c2c(O)cccc2C(=O)O)c(O)c1)c1ccc(O)cc1
146397,Clc1ccccc1-c1[nH]c(-c2ccccc2)cc1-c1ccncc1
150399,C[C@](O)(C(=O)Nc1ccccc1Cl)C(F)(F)F
146990,COc1ccc(-c2cc(-c3ccncc3)c(-c3ccccc3)[nH]2)cc1
144400,O=C(NC1CNCC1OC(=O)c1cc(O)c(C(=O)c2c(O)ccc3c2CCCC3)c(O)c1)c1ccc(O)cc1
146546,O=C(CCN1CCCCC1)Nc1ccc(-c2cc(-c3ccncc3)c(-c3ccccc3)[nH]2)cc1
146409,Oc1ccc(-c2[nH]c(-c3ccccc3)cc2-c2ccncc2)cc1
147025,Cc1cnccc1-c1cc(-c2ccc([S+](C)[O-])cc2)[nH]c1-c1ccc(F)cc1
147250,COc1ccc(OC)c(-c2cc(-c3ccncc3)c(-c3ccccc3)[nH]2)c1
146939,FC(F)(F)c1ccc(-c2[nH]c(-c3ccccc3)cc2-c2ccncc2)cc1
146972,Fc1ccc(-c2oc(-c3ccc(Cl)cc3)cc2-c2ccncc2)cc1
146917,Fc1ccc(-c2[nH]c(-c3ccccc3)cc2-c2ccncn2)cc1
143966,COc1cccc(O)c1C(=O)c1c(O)cc(C(=O)O[C@@H]2CCCNCC2NC(=O)c2ccc(O)cc2)cc1O
147041,Fc1ccc(-c2cc(-c3ccncc3)c(-c3ccccc3)[nH]2)cc1
146831,Fc1ccc(-c2[nH]c(-c3ccccc3)cc2-c2ccncc2)cc1F
147039,Fc1ccc(-c2cc(-c3ccncc3)c(-c3ccc(F)cc3)[nH]2)cc1
147147,CSc1ccc(-c2cc(-c3ccncc3)c(-c3ccc(F)cc3)[nH]2)cc1
147195,c1ccc(-c2cc(-c3ccncc3)c(-c3ccccn3)[nH]2)cc1
146908,Oc1c(-c2ccc(F)cc2)c(-c2ccncc2)nn1-c1ccc(Cl)cc1
144959,CN(C)C[C@@H]1CCn2cc(c3ccccc32)C2=C(C(=O)NC2=O)c2cn(c3ccccc23)CCO1
151696,O=C1NCc2nc(Sc3ccc(F)cc3F)c(N3CCC(CCN4CCCC4)CC3)cc2N1c1c(Cl)cccc1Cl
149820,CC#CC(=O)Nc1ccc2ncnc(Nc3cccc(Br)c3)c2c1
146441,Cc1cc(-c2cc(-c3ccc([S+](C)[O-])cc3)[nH]c2-c2ccc(F)cc2)ccn1
152204,COc1ccc(Cl)c(Nc2c(C#N)cnc3cc4c(cc23)ncn4CCN2CCOCC2)c1
152205,COc1ccc(Cl)c(Nc2c(C#N)cnc3cc4[nH]cnc4cc23)c1
146807,Fc1ccc(-c2[nH]c(-c3ccccc3)cc2-c2ccncc2)c(F)c1
147026,COc1ccc(-c2cc(-c3ccncc3)c(-c3ccc(F)cc3)[nH]2)cc1
151760,O=C1NCc2nc(Sc3ccc(F)cc3F)c(N3CC4CC3CN4CC3CC3)cc2N1c1c(Cl)cccc1Cl
152106,COc1ccc(C)c(Nc2c(C#N)cnc3cc4c(cc23)ncn4CCN2CCOCC2)c1
151689,O=C1NCc2nc(Sc3ccc(F)cc3F)ccc2N1c1c(Cl)cccc1Cl
151694,CN(C)CCN1CCN(c2cc3c(nc2Sc2ccc(F)cc2F)CNC(=O)N3c2c(Cl)cccc2Cl)CC1
150501,CC1CN(c2cc3c(nc2Sc2ccc(F)cc2F)CNC(=O)N3c2c(Cl)cccc2Cl)CC(C)O1
151822,CCN1CC2CC1CN2c1cc2c(nc1Sc1ccc(F)cc1F)CNC(=O)N2c1c(Cl)cccc1Cl
150681,C[C@@](O)(C(=O)Nc1ccccc1Cl)C(F)(F)F
150927,O=C1NCc2nc(Sc3ccc(F)cc3F)c(N3CCNCC3)cc2N1c1c(Cl)cccc1Cl
151862,CC(C)N1CCN(c2cc3c(nc2Sc2ccc(F)cc2F)CNC(=O)N3c2c(Cl)cccc2Cl)CC1
151695,O=C1NCc2nc(Sc3ccc(F)cc3F)c(N3CCN(CCN4CCCC4)CC3)cc2N1c1c(Cl)cccc1Cl
152185,COc1cc(Nc2c(C#N)cnc3cc4[nH]c(NCCN5CCOCC5)nc4cc23)cc(OC)c1OC
151425,O=C1NCc2nc(Sc3ccc(F)cc3F)c(Br)cc2N1c1c(Cl)cccc1Cl
151874,CC(C)(C)OC(=O)N1CC2CC1CN2c1cc2c(nc1Sc1ccc(F)cc1F)CNC(=O)N2c1c(Cl)cccc1Cl
150961,CC(C)N1CC2CC1CN2c1cc2c(nc1Sc1ccc(F)cc1F)CNC(=O)N2c1c(Cl)cccc1Cl
88232,COc1cc2ncnc(Nc3ccc(F)c(Cl)c3)c2cc1OCCCN1CCOCC1
151875,CC(C)(C)OC(=O)N1CCN(c2cc3c(nc2Sc2ccc(F)cc2F)CNC(=O)N3c2c(Cl)cccc2Cl)CC1
149233,CN(C)C/C=C/C(=O)Nc1ccc2ncnc(Nc3cccc(Br)c3)c2c1
88797,Cc1ccc(NC(=O)c2ccc(CN3CCN(C)CC3)cc2)cc1Nc1nccc(-c2cccnc2)n1
151181,COc1cc2ncnc(Nc3ccccc3)c2cc1OC
154580,O=C1NCc2c(-c3ccc(F)cc3F)cc(N3CCNCC3)cc2N1c1c(Cl)cccc1Cl
89526,N=C(N)NC(=O)c1nc(Cl)c(N)nc1N
152153,COc1cc(Nc2c(C#N)cnc3cc4[nH]cnc4cc23)cc(OC)c1OC
9333,Nc1c2c(nc3ccccc13)CCCC2
159970,Cn1cc(C2=C(c3c4n(c5ccccc35)CCCC4)C(=O)NC2=O)c2ccccc21
160741,Nc1ccn([C@@H]2O[C@H](CO)[C@@H](O)[C@H]2O)c(=O)n1
159971,Cn1cc(C2=C(c3c4n(c5ccccc35)CCCC(CN)C4)C(=O)NC2=O)c2ccccc21
160455,Cn1cc(C2=C(c3c4n(c5ccccc35)CCC(N)CC4)C(=O)NC2=O)c2ccccc21
152243,COc1cc(Nc2c(C#N)cnc3cc4[nH]cnc4cc23)c(Br)cc1Cl
152090,N#Cc1cnc2cc3[nH]cnc3cc2c1Nc1ccc(Cl)cc1Br
151534,O=C1NCc2nc(Sc3ccc(F)cc3F)c(N3CC4CC3CN4)cc2N1c1c(Cl)cccc1Cl
94571,CCN(CC)C(=S)SSC(=S)N(CC)CC
151899,O=C1NCc2nc(Sc3ccc(F)cc3F)c(NC3CCNCC3)cc2N1c1c(Cl)cccc1Cl
152093,COc1cc(Nc2c(C#N)cnc3cc4c(cc23)ncn4CCN2CCOCC2)cc(OC)c1OC
153359,CC(C)CC(C/C=C1/CC(CO)(COC(=O)C(C)(C)C)OC1=O)CC(C)C
159175,OCCOc1cccc(-c2cc3ccccc3nc2O)c1
160561,Cn1cc(C2=C(c3c4n(c5ccccc35)CC(CN)CCC4)C(=O)NC2=O)c2ccccc21
156452,COc1cc2ncnc(Nc3ccc(Oc4ccccc4)cc3)c2cc1OC
162928,CCCCCCCCCCCCCCCCC(=O)N1CCCCC1CNC(=O)[C@@H](N)CCCCN
162560,CCCCCCCCCCCCCC(=O)N1CCCCC1CN
162561,CCCCCCCCCCCCCCC(=O)N1CCCCC1CNC(=O)[C@@H](N)CCCCN
163872,Cc1cc(C(C#N)c2ccc(Cl)cc2)c(Cl)cc1NC(=O)c1cc(Cl)cc(Cl)c1O
163875,Cc1cc(C(C#N)c2ccc(Cl)cc2)c(Cl)cc1NC(=O)c1cc(C(F)(F)F)ccc1O
162583,CCCCCCCCCCCCC(=O)N1CCCCC1CNC(=O)[C@H](C)N
157152,O=c1cc(N2CCOCC2)oc2c(-c3ccccc3)cccc12
159230,O=c1c2ccccc2sn1-c1ccc(Cl)cc1
162709,CCCCCCCCCCCCC(=O)N1CCCCC1CNC(=O)[C@@H](N)CCC(N)=O
162324,CCCCCCCCCCCCCC(=O)N1CCCCC1CNC(=O)[C@@H](N)CCCCN
162712,CCCCCCCCCCCCC(=O)N1CCCCC1CNC(=O)CN
160386,Nc1ncnc2c1c(I)cn2[C@@H]1O[C@H](CO)[C@@H](O)[C@H]1O
162710,CCCCCCCCCCCCC(=O)N1CCCCC1CNC(=O)[C@@H](N)CO
159518,O=c1ccsn1-c1ccccc1
162757,Cc1cc(C(CN)c2ccc(Cl)cc2)c(Cl)cc1NC(=O)c1cc(I)cc(I)c1O
166802,O=C1Cc2c(c3c4ccccc4oc3c3[nH]c4ccccc4c23)N1
166803,O=C1Cc2c(c3c(c4[nH]c5ccccc5c24)Cc2ccccc2-3)N1
160615,Cn1cc(C2=C(c3c4n(c5ccccc35)CC(CN)CC4)C(=O)NC2=O)c2ccccc21
